ticker,date,close_price
AAPL,2022-01-03,177.94
AAPL,2022-01-04,175.68
AAPL,2022-01-05,171.01
AAPL,2022-01-06,168.15
AAPL,2022-01-07,168.32
AAPL,2022-01-10,168.34
AAPL,2022-01-11,171.16
AAPL,2022-01-12,171.6
AAPL,2022-01-13,168.34
AAPL,2022-01-14,169.2
AAPL,2022-01-18,166.0
AAPL,2022-01-19,162.51
AAPL,2022-01-20,160.83
AAPL,2022-01-21,158.78
AAPL,2022-01-24,158.01
AAPL,2022-01-25,156.21
AAPL,2022-01-26,156.12
AAPL,2022-01-27,155.66
AAPL,2022-01-28,166.52
AAPL,2022-01-31,170.87
AAPL,2022-02-01,170.71
AAPL,2022-02-02,171.91
AAPL,2022-02-03,169.03
AAPL,2022-02-04,168.75
AAPL,2022-02-07,168.03
AAPL,2022-02-08,171.14
AAPL,2022-02-09,172.56
AAPL,2022-02-10,168.49
AAPL,2022-02-11,165.08
AAPL,2022-02-14,165.31
AAPL,2022-02-15,169.14
AAPL,2022-02-16,168.91
AAPL,2022-02-17,165.31
AAPL,2022-02-18,163.77
AAPL,2022-02-22,160.85
AAPL,2022-02-23,156.69
AAPL,2022-02-24,159.3
AAPL,2022-02-25,161.37
AAPL,2022-02-28,161.63
AAPL,2022-03-01,159.75
AAPL,2022-03-02,163.04
AAPL,2022-03-03,162.72
AAPL,2022-03-04,159.72
AAPL,2022-03-07,155.94
AAPL,2022-03-08,154.12
AAPL,2022-03-09,159.51
AAPL,2022-03-10,155.17
AAPL,2022-03-11,151.46
AAPL,2022-03-14,147.44
AAPL,2022-03-15,151.81
AAPL,2022-03-16,156.22
AAPL,2022-03-17,157.23
AAPL,2022-03-18,160.52
AAPL,2022-03-21,161.89
AAPL,2022-03-22,165.25
AAPL,2022-03-23,166.62
AAPL,2022-03-24,170.39
AAPL,2022-03-25,171.03
AAPL,2022-03-28,171.89
AAPL,2022-03-29,175.18
AAPL,2022-03-30,174.02
AAPL,2022-03-31,170.92
AAPL,2022-04-01,170.63
AAPL,2022-04-04,174.67
AAPL,2022-04-05,171.36
AAPL,2022-04-06,168.2
AAPL,2022-04-07,168.5
AAPL,2022-04-08,166.5
AAPL,2022-04-11,162.25
AAPL,2022-04-12,164.12
AAPL,2022-04-13,166.8
AAPL,2022-04-14,161.8
AAPL,2022-04-18,161.58
AAPL,2022-04-19,163.86
AAPL,2022-04-20,163.7
AAPL,2022-04-21,162.91
AAPL,2022-04-22,158.37
AAPL,2022-04-25,159.44
AAPL,2022-04-26,153.49
AAPL,2022-04-27,153.26
AAPL,2022-04-28,160.18
AAPL,2022-04-29,154.32
AAPL,2022-05-02,154.62
AAPL,2022-05-03,156.11
AAPL,2022-05-04,162.51
AAPL,2022-05-05,153.46
AAPL,2022-05-06,154.18
AAPL,2022-05-09,149.07
AAPL,2022-05-10,151.47
AAPL,2022-05-11,143.62
AAPL,2022-05-12,139.75
AAPL,2022-05-13,144.22
AAPL,2022-05-16,142.68
AAPL,2022-05-17,146.3
AAPL,2022-05-18,138.05
AAPL,2022-05-19,134.65
AAPL,2022-05-20,134.88
AAPL,2022-05-23,140.29
AAPL,2022-05-24,137.6
AAPL,2022-05-25,137.75
AAPL,2022-05-26,140.95
AAPL,2022-05-27,146.7
AAPL,2022-05-31,145.91
AAPL,2022-06-01,145.78
AAPL,2022-06-02,148.23
AAPL,2022-06-03,142.52
AAPL,2022-06-06,143.26
AAPL,2022-06-07,145.78
AAPL,2022-06-08,145.05
AAPL,2022-06-09,139.83
AAPL,2022-06-10,134.43
AAPL,2022-06-13,129.28
AAPL,2022-06-14,130.15
AAPL,2022-06-15,132.76
AAPL,2022-06-16,127.5
AAPL,2022-06-17,128.97
AAPL,2022-06-21,133.2
AAPL,2022-06-22,132.69
AAPL,2022-06-23,135.55
AAPL,2022-06-24,138.87
AAPL,2022-06-27,138.87
AAPL,2022-06-28,134.74
AAPL,2022-06-29,136.49
AAPL,2022-06-30,134.03
AAPL,2022-07-01,136.2
AAPL,2022-07-05,138.77
AAPL,2022-07-06,140.11
AAPL,2022-07-07,143.47
AAPL,2022-07-08,144.15
AAPL,2022-07-11,142.02
AAPL,2022-07-12,142.99
AAPL,2022-07-13,142.63
AAPL,2022-07-14,145.55
AAPL,2022-07-15,147.21
AAPL,2022-07-18,144.18
AAPL,2022-07-19,148.03
AAPL,2022-07-20,150.03
AAPL,2022-07-21,152.29
AAPL,2022-07-22,151.06
AAPL,2022-07-25,149.94
AAPL,2022-07-26,148.62
AAPL,2022-07-27,153.7
AAPL,2022-07-28,154.25
AAPL,2022-07-29,159.31
AAPL,2022-08-01,158.33
AAPL,2022-08-02,156.86
AAPL,2022-08-03,162.86
AAPL,2022-08-04,162.55
AAPL,2022-08-05,162.32
AAPL,2022-08-08,161.85
AAPL,2022-08-09,161.9
AAPL,2022-08-10,166.14
AAPL,2022-08-11,165.4
AAPL,2022-08-12,168.95
AAPL,2022-08-15,170.02
AAPL,2022-08-16,169.86
AAPL,2022-08-17,171.35
AAPL,2022-08-18,170.96
AAPL,2022-08-19,168.38
AAPL,2022-08-22,164.5
AAPL,2022-08-23,164.17
AAPL,2022-08-24,164.46
AAPL,2022-08-25,166.92
AAPL,2022-08-26,160.62
AAPL,2022-08-29,158.42
AAPL,2022-08-30,156.0
AAPL,2022-08-31,154.34
AAPL,2022-09-01,155.07
AAPL,2022-09-02,152.96
AAPL,2022-09-06,151.7
AAPL,2022-09-07,153.1
AAPL,2022-09-08,151.63
AAPL,2022-09-09,154.49
AAPL,2022-09-12,160.44
AAPL,2022-09-13,151.02
AAPL,2022-09-14,152.47
AAPL,2022-09-15,149.58
AAPL,2022-09-16,147.94
AAPL,2022-09-19,151.65
AAPL,2022-09-20,154.03
AAPL,2022-09-21,150.9
AAPL,2022-09-22,149.94
AAPL,2022-09-23,147.67
AAPL,2022-09-26,148.01
AAPL,2022-09-27,148.98
AAPL,2022-09-28,147.1
AAPL,2022-09-29,139.87
AAPL,2022-09-30,135.67
AAPL,2022-10-03,139.84
AAPL,2022-10-04,143.42
AAPL,2022-10-05,143.72
AAPL,2022-10-06,142.77
AAPL,2022-10-07,137.52
AAPL,2022-10-10,137.85
AAPL,2022-10-11,136.43
AAPL,2022-10-12,135.81
AAPL,2022-10-13,140.37
AAPL,2022-10-14,135.85
AAPL,2022-10-17,139.8
AAPL,2022-10-18,141.12
AAPL,2022-10-19,141.22
AAPL,2022-10-20,140.76
AAPL,2022-10-21,144.57
AAPL,2022-10-24,146.71
AAPL,2022-10-25,149.55
AAPL,2022-10-26,146.61
AAPL,2022-10-27,142.15
AAPL,2022-10-28,152.89
AAPL,2022-10-31,150.53
AAPL,2022-11-01,147.89
AAPL,2022-11-02,142.37
AAPL,2022-11-03,136.34
AAPL,2022-11-04,136.07
AAPL,2022-11-07,136.6
AAPL,2022-11-08,137.17
AAPL,2022-11-09,132.62
AAPL,2022-11-10,144.42
AAPL,2022-11-11,147.2
AAPL,2022-11-14,145.81
AAPL,2022-11-15,147.54
AAPL,2022-11-16,146.31
AAPL,2022-11-17,148.2
AAPL,2022-11-18,148.77
AAPL,2022-11-21,145.54
AAPL,2022-11-22,147.67
AAPL,2022-11-23,148.55
AAPL,2022-11-25,145.64
AAPL,2022-11-28,141.81
AAPL,2022-11-29,138.81
AAPL,2022-11-30,145.56
AAPL,2022-12-01,145.83
AAPL,2022-12-02,145.34
AAPL,2022-12-05,144.18
AAPL,2022-12-06,140.53
AAPL,2022-12-07,138.59
AAPL,2022-12-08,140.27
AAPL,2022-12-09,139.79
AAPL,2022-12-12,142.08
AAPL,2022-12-13,143.04
AAPL,2022-12-14,140.82
AAPL,2022-12-15,134.22
AAPL,2022-12-16,132.27
AAPL,2022-12-19,130.16
AAPL,2022-12-20,130.09
AAPL,2022-12-21,133.19
AAPL,2022-12-22,130.02
AAPL,2022-12-23,129.66
AAPL,2022-12-27,127.86
AAPL,2022-12-28,123.94
AAPL,2022-12-29,127.45
AAPL,2022-12-30,127.76
AAPL,2023-01-03,122.98
AAPL,2023-01-04,124.25
AAPL,2023-01-05,122.93
AAPL,2023-01-06,127.46
AAPL,2023-01-09,127.98
AAPL,2023-01-10,128.55
AAPL,2023-01-11,131.26
AAPL,2023-01-12,131.18
AAPL,2023-01-13,132.51
AAPL,2023-01-17,133.67
AAPL,2023-01-18,132.95
AAPL,2023-01-19,133.01
AAPL,2023-01-20,135.57
AAPL,2023-01-23,138.76
AAPL,2023-01-24,140.15
AAPL,2023-01-25,139.49
AAPL,2023-01-26,141.56
AAPL,2023-01-27,143.49
AAPL,2023-01-30,140.61
AAPL,2023-01-31,141.88
AAPL,2023-02-01,143.0
AAPL,2023-02-02,148.3
AAPL,2023-02-03,151.92
AAPL,2023-02-06,149.2
AAPL,2023-02-07,152.07
AAPL,2023-02-08,149.38
AAPL,2023-02-09,148.35
AAPL,2023-02-10,148.72
AAPL,2023-02-13,151.51
AAPL,2023-02-14,150.87
AAPL,2023-02-15,152.97
AAPL,2023-02-16,151.38
AAPL,2023-02-17,150.23
AAPL,2023-02-21,146.22
AAPL,2023-02-22,146.65
AAPL,2023-02-23,147.13
AAPL,2023-02-24,144.48
AAPL,2023-02-27,145.67
AAPL,2023-02-28,145.17
AAPL,2023-03-01,143.1
AAPL,2023-03-02,143.69
AAPL,2023-03-03,148.74
AAPL,2023-03-06,151.49
AAPL,2023-03-07,149.3
AAPL,2023-03-08,150.55
AAPL,2023-03-09,148.3
AAPL,2023-03-10,146.24
AAPL,2023-03-13,148.18
AAPL,2023-03-14,150.27
AAPL,2023-03-15,150.67
AAPL,2023-03-16,153.48
AAPL,2023-03-17,152.65
AAPL,2023-03-20,155.01
AAPL,2023-03-21,156.86
AAPL,2023-03-22,155.43
AAPL,2023-03-23,156.52
AAPL,2023-03-24,157.82
AAPL,2023-03-27,155.88
AAPL,2023-03-28,155.26
AAPL,2023-03-29,158.33
AAPL,2023-03-30,159.89
AAPL,2023-03-31,162.4
AAPL,2023-04-03,163.65
AAPL,2023-04-04,163.11
AAPL,2023-04-05,161.27
AAPL,2023-04-06,162.16
AAPL,2023-04-10,159.57
AAPL,2023-04-11,158.36
AAPL,2023-04-12,157.67
AAPL,2023-04-13,163.05
AAPL,2023-04-14,162.7
AAPL,2023-04-17,162.72
AAPL,2023-04-18,163.94
AAPL,2023-04-19,165.08
AAPL,2023-04-20,164.12
AAPL,2023-04-21,162.51
AAPL,2023-04-24,162.82
AAPL,2023-04-25,161.28
AAPL,2023-04-26,161.27
AAPL,2023-04-27,165.85
AAPL,2023-04-28,167.1
AAPL,2023-05-01,167.01
AAPL,2023-05-02,165.98
AAPL,2023-05-03,164.91
AAPL,2023-05-04,163.27
AAPL,2023-05-05,170.93
AAPL,2023-05-08,170.86
AAPL,2023-05-09,169.16
AAPL,2023-05-10,170.92
AAPL,2023-05-11,171.11
AAPL,2023-05-12,170.18
AAPL,2023-05-15,169.69
AAPL,2023-05-16,169.69
AAPL,2023-05-17,170.3
AAPL,2023-05-18,172.63
AAPL,2023-05-19,172.74
AAPL,2023-05-22,171.79
AAPL,2023-05-23,169.19
AAPL,2023-05-24,169.46
AAPL,2023-05-25,170.6
AAPL,2023-05-26,173.0
AAPL,2023-05-30,174.85
AAPL,2023-05-31,174.8
AAPL,2023-06-01,177.6
AAPL,2023-06-02,178.45
AAPL,2023-06-05,177.1
AAPL,2023-06-06,176.73
AAPL,2023-06-07,175.36
AAPL,2023-06-08,178.07
AAPL,2023-06-09,178.46
AAPL,2023-06-12,181.25
AAPL,2023-06-13,180.78
AAPL,2023-06-14,181.41
AAPL,2023-06-15,183.44
AAPL,2023-06-16,182.36
AAPL,2023-06-20,182.45
AAPL,2023-06-21,181.42
AAPL,2023-06-22,184.41
AAPL,2023-06-23,184.1
AAPL,2023-06-26,182.71
AAPL,2023-06-27,185.46
AAPL,2023-06-28,186.63
AAPL,2023-06-29,186.97
AAPL,2023-06-30,191.29
AAPL,2023-07-03,189.8
AAPL,2023-07-05,188.68
AAPL,2023-07-06,189.16
AAPL,2023-07-07,188.04
AAPL,2023-07-10,186.0
AAPL,2023-07-11,185.48
AAPL,2023-07-12,187.15
AAPL,2023-07-13,187.91
AAPL,2023-07-14,188.05
AAPL,2023-07-17,191.31
AAPL,2023-07-18,191.05
AAPL,2023-07-19,192.4
AAPL,2023-07-20,190.46
AAPL,2023-07-21,189.29
AAPL,2023-07-24,190.09
AAPL,2023-07-25,190.94
AAPL,2023-07-26,191.81
AAPL,2023-07-27,190.55
AAPL,2023-07-28,193.12
AAPL,2023-07-31,193.73
AAPL,2023-08-01,192.91
AAPL,2023-08-02,189.92
AAPL,2023-08-03,188.53
AAPL,2023-08-04,179.47
AAPL,2023-08-07,176.38
AAPL,2023-08-08,177.31
AAPL,2023-08-09,175.73
AAPL,2023-08-10,175.51
AAPL,2023-08-11,175.57
AAPL,2023-08-14,177.22
AAPL,2023-08-15,175.23
AAPL,2023-08-16,174.36
AAPL,2023-08-17,171.83
AAPL,2023-08-18,172.31
AAPL,2023-08-21,173.64
AAPL,2023-08-22,175.02
AAPL,2023-08-23,178.86
AAPL,2023-08-24,174.18
AAPL,2023-08-25,176.38
AAPL,2023-08-28,177.94
AAPL,2023-08-29,181.82
AAPL,2023-08-30,185.31
AAPL,2023-08-31,185.52
AAPL,2023-09-01,187.09
AAPL,2023-09-05,187.33
AAPL,2023-09-06,180.62
AAPL,2023-09-07,175.34
AAPL,2023-09-08,175.95
AAPL,2023-09-11,177.12
AAPL,2023-09-12,174.1
AAPL,2023-09-13,172.03
AAPL,2023-09-14,173.54
AAPL,2023-09-15,172.82
AAPL,2023-09-18,175.75
AAPL,2023-09-19,176.83
AAPL,2023-09-20,173.3
AAPL,2023-09-21,171.76
AAPL,2023-09-22,172.61
AAPL,2023-09-25,173.88
AAPL,2023-09-26,169.81
AAPL,2023-09-27,168.3
AAPL,2023-09-28,168.56
AAPL,2023-09-29,169.07
AAPL,2023-10-02,171.58
AAPL,2023-10-03,170.25
AAPL,2023-10-04,171.49
AAPL,2023-10-05,172.72
AAPL,2023-10-06,175.27
AAPL,2023-10-09,176.75
AAPL,2023-10-10,176.16
AAPL,2023-10-11,177.55
AAPL,2023-10-12,178.45
AAPL,2023-10-13,176.62
AAPL,2023-10-16,176.49
AAPL,2023-10-17,174.94
AAPL,2023-10-18,173.64
AAPL,2023-10-19,173.27
AAPL,2023-10-20,170.72
AAPL,2023-10-23,170.84
AAPL,2023-10-24,171.27
AAPL,2023-10-25,168.96
AAPL,2023-10-26,164.8
AAPL,2023-10-27,166.12
AAPL,2023-10-30,168.16
AAPL,2023-10-31,168.64
AAPL,2023-11-01,171.8
AAPL,2023-11-02,175.35
AAPL,2023-11-03,174.44
AAPL,2023-11-06,176.99
AAPL,2023-11-07,179.55
AAPL,2023-11-08,180.61
AAPL,2023-11-09,180.13
AAPL,2023-11-10,184.31
AAPL,2023-11-13,182.73
AAPL,2023-11-14,185.34
AAPL,2023-11-15,185.91
AAPL,2023-11-16,187.59
AAPL,2023-11-17,187.57
AAPL,2023-11-20,189.31
AAPL,2023-11-21,188.51
AAPL,2023-11-22,189.17
AAPL,2023-11-24,187.84
AAPL,2023-11-27,187.67
AAPL,2023-11-28,188.27
AAPL,2023-11-29,187.25
AAPL,2023-11-30,187.82
AAPL,2023-12-01,189.1
AAPL,2023-12-04,187.31
AAPL,2023-12-05,191.26
AAPL,2023-12-06,190.17
AAPL,2023-12-07,192.1
AAPL,2023-12-08,193.52
AAPL,2023-12-11,191.02
AAPL,2023-12-12,192.53
AAPL,2023-12-13,195.74
AAPL,2023-12-14,195.89
AAPL,2023-12-15,195.36
AAPL,2023-12-18,193.7
AAPL,2023-12-19,194.74
AAPL,2023-12-20,192.65
AAPL,2023-12-21,192.5
AAPL,2023-12-22,191.43
AAPL,2023-12-26,190.89
AAPL,2023-12-27,190.99
AAPL,2023-12-28,191.41
AAPL,2023-12-29,190.38
AAPL,2024-01-02,183.56
AAPL,2024-01-03,182.19
AAPL,2024-01-04,179.87
AAPL,2024-01-05,179.15
AAPL,2024-01-08,183.48
AAPL,2024-01-09,183.07
AAPL,2024-01-10,184.11
AAPL,2024-01-11,183.51
AAPL,2024-01-12,183.84
AAPL,2024-01-16,181.57
AAPL,2024-01-17,180.64
AAPL,2024-01-18,186.52
AAPL,2024-01-19,189.42
AAPL,2024-01-22,191.72
AAPL,2024-01-23,193.0
AAPL,2024-01-24,192.32
AAPL,2024-01-25,192.0
AAPL,2024-01-26,190.27
AAPL,2024-01-29,189.58
AAPL,2024-01-30,185.94
AAPL,2024-01-31,182.34
AAPL,2024-02-01,184.77
AAPL,2024-02-02,183.77
AAPL,2024-02-05,185.58
AAPL,2024-02-06,187.18
AAPL,2024-02-07,187.29
AAPL,2024-02-08,186.21
AAPL,2024-02-09,186.97
AAPL,2024-02-12,185.29
AAPL,2024-02-13,183.2
AAPL,2024-02-14,182.32
AAPL,2024-02-15,182.03
AAPL,2024-02-16,180.5
AAPL,2024-02-20,179.76
AAPL,2024-02-21,180.51
AAPL,2024-02-22,182.54
AAPL,2024-02-23,180.71
AAPL,2024-02-26,179.36
AAPL,2024-02-27,180.82
AAPL,2024-02-28,179.62
AAPL,2024-02-29,178.95
AAPL,2024-03-01,177.88
AAPL,2024-03-04,173.36
AAPL,2024-03-05,168.43
AAPL,2024-03-06,167.44
AAPL,2024-03-07,167.32
AAPL,2024-03-08,169.03
AAPL,2024-03-11,171.03
AAPL,2024-03-12,171.51
AAPL,2024-03-13,169.43
AAPL,2024-03-14,171.28
AAPL,2024-03-15,170.91
AAPL,2024-03-18,171.99
AAPL,2024-03-19,174.33
AAPL,2024-03-20,176.9
AAPL,2024-03-21,169.67
AAPL,2024-03-22,170.57
AAPL,2024-03-25,169.15
AAPL,2024-03-26,168.02
AAPL,2024-03-27,171.59
AAPL,2024-03-28,169.78
AAPL,2024-04-01,168.34
AAPL,2024-04-02,167.16
AAPL,2024-04-03,167.97
AAPL,2024-04-04,167.14
AAPL,2024-04-05,167.9
AAPL,2024-04-08,166.78
AAPL,2024-04-09,167.99
AAPL,2024-04-10,166.11
AAPL,2024-04-11,173.3
AAPL,2024-04-12,174.8
AAPL,2024-04-15,170.98
AAPL,2024-04-16,167.7
AAPL,2024-04-17,166.33
AAPL,2024-04-18,165.38
AAPL,2024-04-19,163.36
AAPL,2024-04-22,164.19
AAPL,2024-04-23,165.24
AAPL,2024-04-24,167.34
AAPL,2024-04-25,168.2
AAPL,2024-04-26,167.62
AAPL,2024-04-29,171.78
AAPL,2024-04-30,168.64
AAPL,2024-05-01,167.62
AAPL,2024-05-02,171.31
AAPL,2024-05-03,181.56
AAPL,2024-05-06,179.91
AAPL,2024-05-07,180.59
AAPL,2024-05-08,180.93
AAPL,2024-05-09,182.74
AAPL,2024-05-10,181.48
AAPL,2024-05-13,184.68
AAPL,2024-05-14,185.82
AAPL,2024-05-15,188.09
AAPL,2024-05-16,188.21
AAPL,2024-05-17,188.24
AAPL,2024-05-20,189.4
AAPL,2024-05-21,190.7
AAPL,2024-05-22,189.26
AAPL,2024-05-23,185.28
AAPL,2024-05-24,188.35
AAPL,2024-05-28,188.36
AAPL,2024-05-29,188.66
AAPL,2024-05-30,189.65
AAPL,2024-05-31,190.6
AAPL,2024-06-03,192.36
AAPL,2024-06-04,192.68
AAPL,2024-06-05,194.19
AAPL,2024-06-06,192.81
AAPL,2024-06-07,195.2
AAPL,2024-06-10,191.46
AAPL,2024-06-11,205.37
AAPL,2024-06-12,211.24
AAPL,2024-06-13,212.4
AAPL,2024-06-14,210.67
AAPL,2024-06-17,214.81
AAPL,2024-06-18,212.45
AAPL,2024-06-20,207.88
AAPL,2024-06-21,205.71
AAPL,2024-06-24,206.35
AAPL,2024-06-25,207.27
AAPL,2024-06-26,211.42
AAPL,2024-06-27,212.26
AAPL,2024-06-28,208.81
AAPL,2024-07-01,214.89
AAPL,2024-07-02,218.38
AAPL,2024-07-03,219.65
AAPL,2024-07-05,224.4
AAPL,2024-07-08,225.86
AAPL,2024-07-09,226.72
AAPL,2024-07-10,230.98
AAPL,2024-07-11,225.62
AAPL,2024-07-12,228.56
AAPL,2024-07-15,232.39
AAPL,2024-07-16,232.8
AAPL,2024-07-17,226.91
AAPL,2024-07-18,222.25
AAPL,2024-07-19,222.38
AAPL,2024-07-22,222.04
AAPL,2024-07-23,223.08
AAPL,2024-07-24,216.66
AAPL,2024-07-25,215.62
AAPL,2024-07-26,216.09
AAPL,2024-07-29,216.37
AAPL,2024-07-30,216.92
AAPL,2024-07-31,220.17
AAPL,2024-08-01,216.48
AAPL,2024-08-02,217.97
AAPL,2024-08-05,207.47
AAPL,2024-08-06,205.45
AAPL,2024-08-07,208.02
AAPL,2024-08-08,211.48
AAPL,2024-08-09,214.38
AAPL,2024-08-12,215.91
AAPL,2024-08-13,219.62
AAPL,2024-08-14,220.07
AAPL,2024-08-15,223.05
AAPL,2024-08-16,224.37
AAPL,2024-08-19,224.21
AAPL,2024-08-20,224.82
AAPL,2024-08-21,224.72
AAPL,2024-08-22,222.86
AAPL,2024-08-23,225.15
AAPL,2024-08-26,225.49
AAPL,2024-08-27,226.33
AAPL,2024-08-28,224.8
AAPL,2024-08-29,228.08
AAPL,2024-08-30,227.3
AAPL,2024-09-03,221.11
AAPL,2024-09-04,219.21
AAPL,2024-09-05,220.73
AAPL,2024-09-06,219.18
AAPL,2024-09-09,219.27
AAPL,2024-09-10,218.47
AAPL,2024-09-11,221.0
AAPL,2024-09-12,221.11
AAPL,2024-09-13,220.84
AAPL,2024-09-16,214.71
AAPL,2024-09-17,215.18
AAPL,2024-09-18,219.05
AAPL,2024-09-19,227.17
AAPL,2024-09-20,226.5
AAPL,2024-09-23,224.78
AAPL,2024-09-24,225.68
AAPL,2024-09-25,224.69
AAPL,2024-09-26,225.83
AAPL,2024-09-27,226.1
AAPL,2024-09-30,231.27
AAPL,2024-10-01,224.53
AAPL,2024-10-02,225.09
AAPL,2024-10-03,223.99
AAPL,2024-10-04,225.11
AAPL,2024-10-07,220.04
AAPL,2024-10-08,224.09
AAPL,2024-10-09,227.83
AAPL,2024-10-10,227.34
AAPL,2024-10-11,225.86
AAPL,2024-10-14,229.58
AAPL,2024-10-15,232.11
AAPL,2024-10-16,230.06
AAPL,2024-10-17,230.42
AAPL,2024-10-18,233.25
AAPL,2024-10-21,234.72
AAPL,2024-10-22,234.11
AAPL,2024-10-23,229.04
AAPL,2024-10-24,228.85
AAPL,2024-10-25,229.69
AAPL,2024-10-28,231.66
AAPL,2024-10-29,231.93
AAPL,2024-10-30,228.39
AAPL,2024-10-31,224.23
AAPL,2024-11-01,221.25
AAPL,2024-11-04,220.36
AAPL,2024-11-05,221.79
AAPL,2024-11-06,221.06
AAPL,2024-11-07,225.79
AAPL,2024-11-08,225.52
AAPL,2024-11-11,222.81
AAPL,2024-11-12,222.81
AAPL,2024-11-13,223.69
AAPL,2024-11-14,226.77
AAPL,2024-11-15,223.57
AAPL,2024-11-18,226.57
AAPL,2024-11-19,226.83
AAPL,2024-11-20,227.55
AAPL,2024-11-21,227.07
AAPL,2024-11-22,228.41
AAPL,2024-11-25,231.39
AAPL,2024-11-26,233.57
AAPL,2024-11-27,233.44
AAPL,2024-11-29,235.82
AAPL,2024-12-02,238.07
AAPL,2024-12-03,241.11
AAPL,2024-12-04,241.47
AAPL,2024-12-05,241.5
AAPL,2024-12-06,241.3
AAPL,2024-12-09,245.18
AAPL,2024-12-10,246.2
AAPL,2024-12-11,244.93
AAPL,2024-12-12,246.39
AAPL,2024-12-13,246.55
AAPL,2024-12-16,249.45
AAPL,2024-12-17,251.87
AAPL,2024-12-18,246.48
AAPL,2024-12-19,248.2
AAPL,2024-12-20,252.87
AAPL,2024-12-23,253.65
AAPL,2024-12-24,256.56
AAPL,2024-12-26,257.38
AAPL,2024-12-27,253.97
AAPL,2024-12-30,250.6
AAPL,2024-12-31,248.83
AAPL,2025-01-02,242.3
AAPL,2025-01-03,241.82
AAPL,2025-01-06,243.44
AAPL,2025-01-07,240.67
AAPL,2025-01-08,241.16
AAPL,2025-01-10,235.35
AAPL,2025-01-13,232.91
AAPL,2025-01-14,231.8
AAPL,2025-01-15,236.36
AAPL,2025-01-16,226.81
AAPL,2025-01-17,228.52
AAPL,2025-01-21,221.23
AAPL,2025-01-22,222.41
AAPL,2025-01-23,222.24
AAPL,2025-01-24,221.37
AAPL,2025-01-27,228.4
AAPL,2025-01-28,236.75
AAPL,2025-01-29,237.84
AAPL,2025-01-30,236.08
AAPL,2025-01-31,234.5
AAPL,2025-02-03,226.56
AAPL,2025-02-04,231.32
AAPL,2025-02-05,230.99
AAPL,2025-02-06,231.74
AAPL,2025-02-07,226.18
AAPL,2025-02-10,226.45
AAPL,2025-02-11,231.4
AAPL,2025-02-12,235.62
AAPL,2025-02-13,240.26
AAPL,2025-02-14,243.31
AAPL,2025-02-18,243.19
AAPL,2025-02-19,243.58
AAPL,2025-02-20,244.54
AAPL,2025-02-21,244.26
AAPL,2025-02-24,245.8
AAPL,2025-02-25,245.74
AAPL,2025-02-26,239.1
AAPL,2025-02-27,236.05
AAPL,2025-02-28,240.57
AAPL,2025-03-03,236.78
AAPL,2025-03-04,234.69
AAPL,2025-03-05,234.5
AAPL,2025-03-06,234.09
AAPL,2025-03-07,237.81
AAPL,2025-03-10,226.28
AAPL,2025-03-11,219.68
AAPL,2025-03-12,215.84
AAPL,2025-03-13,208.58
AAPL,2025-03-14,212.37
AAPL,2025-03-17,212.88
AAPL,2025-03-18,211.57
AAPL,2025-03-19,214.11
AAPL,2025-03-20,212.97
AAPL,2025-03-21,217.12
AAPL,2025-03-24,219.57
AAPL,2025-03-25,222.57
AAPL,2025-03-26,220.37
AAPL,2025-03-27,222.67
AAPL,2025-03-28,216.75
AAPL,2025-03-31,220.96
AAPL,2025-04-01,222.02
AAPL,2025-04-02,222.71
AAPL,2025-04-03,202.12
AAPL,2025-04-04,187.39
AAPL,2025-04-07,180.51
AAPL,2025-04-08,171.51
AAPL,2025-04-09,197.8
AAPL,2025-04-10,189.42
AAPL,2025-04-11,197.11
AAPL,2025-04-14,201.46
AAPL,2025-04-15,201.08
AAPL,2025-04-16,193.25
AAPL,2025-04-17,195.94
AAPL,2025-04-21,192.14
AAPL,2025-04-22,198.69
AAPL,2025-04-23,203.52
AAPL,2025-04-24,207.27
AAPL,2025-04-25,208.18
AAPL,2025-04-28,209.04
AAPL,2025-04-29,210.1
AAPL,2025-04-30,211.38
AAPL,2025-05-01,212.2
AAPL,2025-05-02,204.27
AAPL,2025-05-05,197.84
AAPL,2025-05-06,197.47
AAPL,2025-05-07,195.22
AAPL,2025-05-08,196.45
AAPL,2025-05-09,197.49
AAPL,2025-05-12,209.96
AAPL,2025-05-13,212.09
AAPL,2025-05-14,211.49
AAPL,2025-05-15,210.61
AAPL,2025-05-16,210.43
AAPL,2025-05-19,207.96
AAPL,2025-05-20,206.04
AAPL,2025-05-21,201.29
AAPL,2025-05-22,200.56
AAPL,2025-05-23,194.5
AAPL,2025-05-27,199.42
AAPL,2025-05-28,199.63
AAPL,2025-05-29,199.16
AAPL,2025-05-30,200.06
AAPL,2025-06-02,200.9
AAPL,2025-06-03,202.47
AAPL,2025-06-04,202.02
AAPL,2025-06-05,199.84
AAPL,2025-06-06,203.11
AAPL,2025-06-09,200.65
AAPL,2025-06-10,201.87
AAPL,2025-06-11,197.99
AAPL,2025-06-12,198.41
AAPL,2025-06-13,195.67
AAPL,2025-06-16,197.64
AAPL,2025-06-17,194.87
AAPL,2025-06-18,195.8
AAPL,2025-06-20,200.21
AAPL,2025-06-23,200.7
AAPL,2025-06-24,199.51
AAPL,2025-06-25,200.76
AAPL,2025-06-26,200.21
AAPL,2025-06-27,200.29
AAPL,2025-06-30,204.36
AAPL,2025-07-01,207.0
AAPL,2025-07-02,211.6
AAPL,2025-07-03,212.71
AAPL,2025-07-07,209.12
AAPL,2025-07-08,209.18
AAPL,2025-07-09,210.31
AAPL,2025-07-10,211.57
AAPL,2025-07-11,210.33
AAPL,2025-07-14,207.8
AAPL,2025-07-15,208.28
AAPL,2025-07-16,209.33
AAPL,2025-07-17,209.19
AAPL,2025-07-18,210.35
AAPL,2025-07-21,211.64
AAPL,2025-07-22,213.55
AAPL,2025-07-23,213.3
AAPL,2025-07-24,212.92
AAPL,2025-07-25,213.03
AAPL,2025-07-28,213.2
AAPL,2025-07-29,210.44
AAPL,2025-07-30,208.22
AAPL,2025-07-31,206.75
AAPL,2025-08-01,201.58
AAPL,2025-08-04,202.55
AAPL,2025-08-05,202.12
AAPL,2025-08-06,212.41
AAPL,2025-08-07,219.16
AAPL,2025-08-08,228.44
AAPL,2025-08-11,226.54
AAPL,2025-08-12,229.0
AAPL,2025-08-13,232.67
AAPL,2025-08-14,232.12
AAPL,2025-08-15,230.94
AAPL,2025-08-18,230.24
AAPL,2025-08-19,229.91
AAPL,2025-08-20,225.37
AAPL,2025-08-21,224.27
AAPL,2025-08-22,227.12
AAPL,2025-08-25,226.52
AAPL,2025-08-26,228.66
AAPL,2025-08-27,229.84
AAPL,2025-08-28,231.9
AAPL,2025-08-29,231.49
AAPL,2025-09-02,229.07
AAPL,2025-09-03,237.8
AAPL,2025-09-04,239.1
AAPL,2025-09-05,239.01
AAPL,2025-09-08,237.21
AAPL,2025-09-09,233.69
AAPL,2025-09-10,226.15
AAPL,2025-09-11,229.38
AAPL,2025-09-12,233.41
AAPL,2025-09-15,236.03
AAPL,2025-09-16,237.48
AAPL,2025-09-17,238.32
AAPL,2025-09-18,237.21
AAPL,2025-09-19,244.81
AAPL,2025-09-22,255.36
AAPL,2025-09-23,253.71
AAPL,2025-09-24,251.6
AAPL,2025-09-25,256.15
AAPL,2025-09-26,254.74
AAPL,2025-09-29,253.71
AAPL,2025-09-30,253.91
AAPL,2025-10-01,254.73
AAPL,2025-10-02,256.4
AAPL,2025-10-03,257.29
AAPL,2025-10-06,255.97
AAPL,2025-10-07,255.76
AAPL,2025-10-08,257.33
AAPL,2025-10-09,253.32
AAPL,2025-10-10,244.58
AAPL,2025-10-13,246.96
AAPL,2025-10-14,247.07
AAPL,2025-10-15,248.64
AAPL,2025-10-16,246.75
AAPL,2025-10-17,251.58
AAPL,2025-10-20,261.5
AAPL,2025-10-21,262.03
AAPL,2025-10-22,257.72
AAPL,2025-10-23,258.85
AAPL,2025-10-24,262.08
AAPL,2025-10-27,268.05
AAPL,2025-10-28,268.24
AAPL,2025-10-29,268.94
AAPL,2025-10-30,270.63
AAPL,2025-10-31,269.61
AAPL,2025-11-03,268.29
AAPL,2025-11-04,269.28
AAPL,2025-11-05,269.38
AAPL,2025-11-06,269.01
AAPL,2025-11-07,267.71
AAPL,2025-11-10,268.93
AAPL,2025-11-11,274.74
AAPL,2025-11-12,272.96
AAPL,2025-11-13,272.44
AAPL,2025-11-14,271.9
AAPL,2025-11-17,266.96
AAPL,2025-11-18,266.94
AAPL,2025-11-19,268.06
AAPL,2025-11-20,265.76
AAPL,2025-11-21,270.99
AAPL,2025-11-24,275.41
AAPL,2025-11-25,276.46
AAPL,2025-11-26,277.04
AAPL,2025-11-28,278.33
AAPL,2025-12-01,282.58
AAPL,2025-12-02,285.66
AAPL,2025-12-03,283.62
AAPL,2025-12-04,280.18
AAPL,2025-12-05,278.26
AAPL,2025-12-08,277.37
AAPL,2025-12-09,276.67
AAPL,2025-12-10,278.26
AAPL,2025-12-11,277.51
AAPL,2025-12-12,277.76
AAPL,2025-12-15,273.6
AAPL,2025-12-16,274.1
AAPL,2025-12-17,271.34
AAPL,2025-12-18,271.69
AAPL,2025-12-19,273.16
AAPL,2025-12-22,270.47
AAPL,2025-12-23,271.85
AAPL,2025-12-24,273.3
AAPL,2025-12-26,272.89
AAPL,2025-12-29,273.25
AAPL,2025-12-30,272.57
AAPL,2025-12-31,271.36
AAPL,2026-01-02,270.51
AAPL,2026-01-05,266.76
AAPL,2026-01-06,261.87
AAPL,2026-01-07,259.85
AAPL,2026-01-08,258.56
AAPL,2026-01-09,258.89
AAPL,2026-01-12,259.77
AAPL,2026-01-13,260.57
AAPL,2026-01-14,259.48
AAPL,2026-01-15,257.73
AAPL,2026-01-16,255.06
AAPL,2026-01-20,246.24
AAPL,2026-01-21,247.19
AAPL,2026-01-22,247.89
AAPL,2026-01-23,247.58
AAPL,2026-01-26,254.94
AAPL,2026-01-27,257.79
AAPL,2026-01-28,255.96
AAPL,2026-01-29,257.8
AAPL,2026-01-30,259.0
AAPL,2026-02-02,269.51
AAPL,2026-02-03,268.98
AAPL,2026-02-04,275.98
AAPL,2026-02-05,275.4
AAPL,2026-02-06,277.6
AAPL,2026-02-09,274.37
AAPL,2026-02-10,273.43
AAPL,2026-02-11,275.25
AAPL,2026-02-12,261.49
AAPL,2026-02-13,255.54
AAPL,2026-02-17,263.64
AAPL,2026-02-18,264.11
AAPL,2026-02-19,260.34
AAPL,2026-02-20,264.34
AAPL,2026-02-23,265.93
AAPL,2026-02-24,271.89
AAPL,2026-02-25,273.98
AAPL,2026-02-26,272.7
AAPL,2026-02-27,263.94
AAPL,2026-03-02,264.48
AAPL,2026-03-03,263.51
AAPL,2026-03-04,262.28
AAPL,2026-03-05,260.05
AAPL,2026-03-06,257.22
AAPL,2026-03-09,259.64
AAPL,2026-03-10,260.59
AAPL,2026-03-11,260.57
AAPL,2026-03-12,255.52
AAPL,2026-03-13,249.89
AAPL,2026-03-16,252.59
AAPL,2026-03-17,254.0
AAPL,2026-03-18,249.71
AAPL,2026-03-19,248.73
AAPL,2026-03-20,247.76
AAPL,2026-03-23,251.26
AAPL,2026-03-24,251.41
AAPL,2026-03-25,252.39
AAPL,2026-03-26,252.66
AAPL,2026-03-27,248.57
AAPL,2026-03-30,246.4
AAPL,2026-03-31,253.56
AAPL,2026-04-01,255.39
AAPL,2026-04-02,255.68
AAPL,2026-04-06,258.62
AAPL,2026-04-07,253.27
AAPL,2026-04-08,258.66
AAPL,2026-04-09,260.25
AAPL,2026-04-10,260.24
AAPL,2026-04-13,258.96
AAPL,2026-04-14,258.59
AAPL,2026-04-15,266.18
AAPL,2026-04-16,263.16
AAPL,2026-04-17,269.98
AAPL,2026-04-20,272.8
AAPL,2026-04-21,265.93
AAPL,2026-04-22,272.92
AAPL,2026-04-23,273.18
AAPL,2026-04-24,270.81
AAPL,2026-04-27,267.36
AAPL,2026-04-28,270.46
AAPL,2026-04-29,269.92
AAPL,2026-04-30,271.1
AAPL,2026-05-01,279.88
AAPL,2026-05-04,276.58
AAPL,2026-05-05,283.92
AAPL,2026-05-06,287.25
AAPL,2026-05-07,287.18
AAPL,2026-05-08,293.05
AAPL,2026-05-11,292.68
AAPL,2026-05-12,294.8
AAPL,2026-05-13,298.87
AAPL,2026-05-14,298.21
AAPL,2026-05-15,300.23
AAPL,2026-05-18,297.84
AAPL,2026-05-19,298.97
AAPL,2026-05-20,302.25
AAPL,2026-05-21,304.99
AAPL,2026-05-22,308.82
AAPL,2026-05-26,308.33
AAPL,2026-05-27,310.85
AAPL,2026-05-28,312.51
AAPL,2026-05-29,312.06
AAPL,2026-06-01,306.31
AAPL,2026-06-02,315.2
AAPL,2026-06-03,310.26
AAPL,2026-06-04,311.23
AAPL,2026-06-05,307.34
AAPL,2026-06-08,301.54
AAPL,2026-06-09,290.55
AAPL,2026-06-10,291.58
AAPL,2026-06-11,295.63
AAPL,2026-06-12,291.13
AAPL,2026-06-15,296.42
AAPL,2026-06-16,299.24
AAPL,2026-06-17,295.95
AAPL,2026-06-18,298.01
AAPL,2026-06-22,297.01
AAPL,2026-06-23,294.3
AAPL,2026-06-24,293.08
AAPL,2026-06-25,275.15
AAPL,2026-06-26,283.78
AAPL,2026-06-29,281.74
AAPL,2026-06-30,289.36
AAPL,2026-07-01,294.38
AAPL,2026-07-02,308.63
AAPL,2026-07-06,312.66
AAPL,2026-07-07,310.66
AAPL,2026-07-08,313.39
AAPL,2026-07-09,316.22
AAPL,2026-07-10,315.32
AAPL,2026-07-13,317.31
AAPL,2026-07-14,314.86
AAPL,2026-07-15,327.5
AAPL,2026-07-16,333.26
AAPL,2026-07-17,333.74
AAPL,2026-07-20,326.59
AAPL,2026-07-21,327.74
AAPL,2026-07-22,325.89
AAPL,2026-07-23,321.66
AAPL,2026-07-24,333.02
AAPL,2026-07-27,336.91
MSFT,2022-01-03,322.46
MSFT,2022-01-04,316.93
MSFT,2022-01-05,304.77
MSFT,2022-01-06,302.36
MSFT,2022-01-07,302.51
MSFT,2022-01-10,302.73
MSFT,2022-01-11,303.42
MSFT,2022-01-12,306.59
MSFT,2022-01-13,293.61
MSFT,2022-01-14,298.81
MSFT,2022-01-18,291.54
MSFT,2022-01-19,292.2
MSFT,2022-01-20,290.53
MSFT,2022-01-21,285.16
MSFT,2022-01-24,285.49
MSFT,2022-01-25,277.9
MSFT,2022-01-26,285.82
MSFT,2022-01-27,288.83
MSFT,2022-01-28,296.94
MSFT,2022-01-31,299.56
MSFT,2022-02-01,297.43
MSFT,2022-02-02,301.95
MSFT,2022-02-03,290.19
MSFT,2022-02-04,294.71
MSFT,2022-02-07,289.9
MSFT,2022-02-08,293.38
MSFT,2022-02-09,299.79
MSFT,2022-02-10,291.28
MSFT,2022-02-11,284.21
MSFT,2022-02-14,284.17
MSFT,2022-02-15,289.44
MSFT,2022-02-16,289.1
MSFT,2022-02-17,280.64
MSFT,2022-02-18,277.93
MSFT,2022-02-22,277.73
MSFT,2022-02-23,270.54
MSFT,2022-02-24,284.36
MSFT,2022-02-25,286.99
MSFT,2022-02-28,288.42
MSFT,2022-03-01,284.71
MSFT,2022-03-02,289.77
MSFT,2022-03-03,285.65
MSFT,2022-03-04,279.8
MSFT,2022-03-07,269.23
MSFT,2022-03-08,266.27
MSFT,2022-03-09,278.48
MSFT,2022-03-10,275.68
MSFT,2022-03-11,270.35
MSFT,2022-03-14,266.84
MSFT,2022-03-15,277.18
MSFT,2022-03-16,284.17
MSFT,2022-03-17,284.97
MSFT,2022-03-18,290.0
MSFT,2022-03-21,288.77
MSFT,2022-03-22,293.5
MSFT,2022-03-23,289.09
MSFT,2022-03-24,293.54
MSFT,2022-03-25,293.14
MSFT,2022-03-28,299.91
MSFT,2022-03-29,304.46
MSFT,2022-03-30,302.96
MSFT,2022-03-31,297.61
MSFT,2022-04-01,298.68
MSFT,2022-04-04,304.04
MSFT,2022-04-05,300.09
MSFT,2022-04-06,289.1
MSFT,2022-04-07,290.91
MSFT,2022-04-08,286.66
MSFT,2022-04-11,275.36
MSFT,2022-04-12,272.27
MSFT,2022-04-13,277.64
MSFT,2022-04-14,270.12
MSFT,2022-04-18,270.78
MSFT,2022-04-19,275.4
MSFT,2022-04-20,276.42
MSFT,2022-04-21,271.06
MSFT,2022-04-22,264.52
MSFT,2022-04-25,270.97
MSFT,2022-04-26,260.84
MSFT,2022-04-27,273.39
MSFT,2022-04-28,279.58
MSFT,2022-04-29,267.89
MSFT,2022-05-02,274.59
MSFT,2022-05-03,272.0
MSFT,2022-05-04,279.91
MSFT,2022-05-05,267.72
MSFT,2022-05-06,265.19
MSFT,2022-05-09,255.4
MSFT,2022-05-10,260.14
MSFT,2022-05-11,251.51
MSFT,2022-05-12,246.49
MSFT,2022-05-13,252.06
MSFT,2022-05-16,252.42
MSFT,2022-05-17,257.56
MSFT,2022-05-18,245.83
MSFT,2022-05-19,244.92
MSFT,2022-05-20,244.36
MSFT,2022-05-23,252.19
MSFT,2022-05-24,251.19
MSFT,2022-05-25,254.0
MSFT,2022-05-26,257.27
MSFT,2022-05-27,264.37
MSFT,2022-05-31,263.04
MSFT,2022-06-01,263.58
MSFT,2022-06-02,265.67
MSFT,2022-06-03,261.25
MSFT,2022-06-06,260.02
MSFT,2022-06-07,263.65
MSFT,2022-06-08,261.63
MSFT,2022-06-09,256.19
MSFT,2022-06-10,244.78
MSFT,2022-06-13,234.39
MSFT,2022-06-14,236.55
MSFT,2022-06-15,243.59
MSFT,2022-06-16,237.02
MSFT,2022-06-17,239.61
MSFT,2022-06-21,245.5
MSFT,2022-06-22,244.91
MSFT,2022-06-23,250.46
MSFT,2022-06-24,259.01
MSFT,2022-06-27,256.29
MSFT,2022-06-28,248.15
MSFT,2022-06-29,251.81
MSFT,2022-06-30,248.49
MSFT,2022-07-01,251.15
MSFT,2022-07-05,254.32
MSFT,2022-07-06,257.57
MSFT,2022-07-07,259.69
MSFT,2022-07-08,258.97
MSFT,2022-07-11,255.92
MSFT,2022-07-12,245.43
MSFT,2022-07-13,244.51
MSFT,2022-07-14,245.83
MSFT,2022-07-15,248.39
MSFT,2022-07-18,246.0
MSFT,2022-07-19,251.1
MSFT,2022-07-20,253.75
MSFT,2022-07-21,256.24
MSFT,2022-07-22,251.91
MSFT,2022-07-25,250.43
MSFT,2022-07-26,243.72
MSFT,2022-07-27,260.01
MSFT,2022-07-28,267.44
MSFT,2022-07-29,271.63
MSFT,2022-08-01,268.98
MSFT,2022-08-02,265.9
MSFT,2022-08-03,273.3
MSFT,2022-08-04,274.44
MSFT,2022-08-05,273.72
MSFT,2022-08-08,271.22
MSFT,2022-08-09,273.13
MSFT,2022-08-10,279.77
MSFT,2022-08-11,277.7
MSFT,2022-08-12,282.43
MSFT,2022-08-15,283.94
MSFT,2022-08-16,283.21
MSFT,2022-08-17,282.46
MSFT,2022-08-18,281.35
MSFT,2022-08-19,277.45
MSFT,2022-08-22,269.3
MSFT,2022-08-23,268.03
MSFT,2022-08-24,267.4
MSFT,2022-08-25,270.37
MSFT,2022-08-26,259.94
MSFT,2022-08-29,257.16
MSFT,2022-08-30,254.97
MSFT,2022-08-31,253.52
MSFT,2022-09-01,252.48
MSFT,2022-09-02,248.27
MSFT,2022-09-06,245.55
MSFT,2022-09-07,250.24
MSFT,2022-09-08,250.66
MSFT,2022-09-09,256.42
MSFT,2022-09-12,258.54
MSFT,2022-09-13,244.33
MSFT,2022-09-14,244.55
MSFT,2022-09-15,237.92
MSFT,2022-09-16,237.3
MSFT,2022-09-19,237.08
MSFT,2022-09-20,235.08
MSFT,2022-09-21,231.68
MSFT,2022-09-22,233.65
MSFT,2022-09-23,230.68
MSFT,2022-09-26,230.23
MSFT,2022-09-27,229.22
MSFT,2022-09-28,233.74
MSFT,2022-09-29,230.28
MSFT,2022-09-30,225.82
MSFT,2022-10-03,233.42
MSFT,2022-10-04,241.31
MSFT,2022-10-05,241.62
MSFT,2022-10-06,239.28
MSFT,2022-10-07,227.12
MSFT,2022-10-10,222.28
MSFT,2022-10-11,218.55
MSFT,2022-10-12,218.88
MSFT,2022-10-13,227.12
MSFT,2022-10-14,221.61
MSFT,2022-10-17,230.31
MSFT,2022-10-18,231.25
MSFT,2022-10-19,229.29
MSFT,2022-10-20,228.97
MSFT,2022-10-21,234.76
MSFT,2022-10-24,239.73
MSFT,2022-10-25,243.04
MSFT,2022-10-26,224.28
MSFT,2022-10-27,219.85
MSFT,2022-10-28,228.7
MSFT,2022-10-31,225.07
MSFT,2022-11-01,221.23
MSFT,2022-11-02,213.41
MSFT,2022-11-03,207.73
MSFT,2022-11-04,214.66
MSFT,2022-11-07,220.94
MSFT,2022-11-08,221.91
MSFT,2022-11-09,217.68
MSFT,2022-11-10,235.59
MSFT,2022-11-11,239.59
MSFT,2022-11-14,234.2
MSFT,2022-11-15,234.61
MSFT,2022-11-16,235.04
MSFT,2022-11-17,234.99
MSFT,2022-11-18,234.54
MSFT,2022-11-21,235.35
MSFT,2022-11-22,238.25
MSFT,2022-11-23,240.73
MSFT,2022-11-25,240.64
MSFT,2022-11-28,235.07
MSFT,2022-11-29,233.68
MSFT,2022-11-30,248.08
MSFT,2022-12-01,247.64
MSFT,2022-12-02,247.96
MSFT,2022-12-05,243.27
MSFT,2022-12-06,238.33
MSFT,2022-12-07,237.61
MSFT,2022-12-08,240.55
MSFT,2022-12-09,238.63
MSFT,2022-12-12,245.52
MSFT,2022-12-13,249.81
MSFT,2022-12-14,250.1
MSFT,2022-12-15,242.12
MSFT,2022-12-16,237.92
MSFT,2022-12-19,233.79
MSFT,2022-12-20,235.11
MSFT,2022-12-21,237.66
MSFT,2022-12-22,231.6
MSFT,2022-12-23,232.12
MSFT,2022-12-27,230.4
MSFT,2022-12-28,228.04
MSFT,2022-12-29,234.34
MSFT,2022-12-30,233.18
MSFT,2023-01-03,232.95
MSFT,2023-01-04,222.76
MSFT,2023-01-05,216.16
MSFT,2023-01-06,218.7
MSFT,2023-01-09,220.83
MSFT,2023-01-10,222.52
MSFT,2023-01-11,229.24
MSFT,2023-01-12,231.91
MSFT,2023-01-13,232.61
MSFT,2023-01-17,233.7
MSFT,2023-01-18,229.28
MSFT,2023-01-19,225.51
MSFT,2023-01-20,233.57
MSFT,2023-01-23,235.87
MSFT,2023-01-24,235.34
MSFT,2023-01-25,233.95
MSFT,2023-01-26,241.14
MSFT,2023-01-27,241.29
MSFT,2023-01-30,235.99
MSFT,2023-01-31,240.95
MSFT,2023-02-01,245.75
MSFT,2023-02-02,257.28
MSFT,2023-02-03,251.2
MSFT,2023-02-06,249.66
MSFT,2023-02-07,260.15
MSFT,2023-02-08,259.35
MSFT,2023-02-09,256.32
MSFT,2023-02-10,255.82
MSFT,2023-02-13,263.81
MSFT,2023-02-14,264.64
MSFT,2023-02-15,262.52
MSFT,2023-02-16,255.53
MSFT,2023-02-17,251.55
MSFT,2023-02-21,246.29
MSFT,2023-02-22,245.16
MSFT,2023-02-23,248.34
MSFT,2023-02-24,242.93
MSFT,2023-02-27,243.84
MSFT,2023-02-28,243.12
MSFT,2023-03-01,240.05
MSFT,2023-03-02,244.77
MSFT,2023-03-03,248.85
MSFT,2023-03-06,250.39
MSFT,2023-03-07,247.73
MSFT,2023-03-08,247.3
MSFT,2023-03-09,245.95
MSFT,2023-03-10,242.31
MSFT,2023-03-13,247.51
MSFT,2023-03-14,254.21
MSFT,2023-03-15,258.74
MSFT,2023-03-16,269.23
MSFT,2023-03-17,272.38
MSFT,2023-03-20,265.36
MSFT,2023-03-21,266.87
MSFT,2023-03-22,265.42
MSFT,2023-03-23,270.65
MSFT,2023-03-24,273.49
MSFT,2023-03-27,269.4
MSFT,2023-03-28,268.28
MSFT,2023-03-29,273.43
MSFT,2023-03-30,276.88
MSFT,2023-03-31,281.02
MSFT,2023-04-03,279.98
MSFT,2023-04-04,279.93
MSFT,2023-04-05,277.16
MSFT,2023-04-06,284.24
MSFT,2023-04-10,282.08
MSFT,2023-04-11,275.69
MSFT,2023-04-12,276.33
MSFT,2023-04-13,282.52
MSFT,2023-04-14,278.92
MSFT,2023-04-17,281.51
MSFT,2023-04-18,281.09
MSFT,2023-04-19,281.17
MSFT,2023-04-20,278.89
MSFT,2023-04-21,278.55
MSFT,2023-04-24,274.66
MSFT,2023-04-25,268.47
MSFT,2023-04-26,287.91
MSFT,2023-04-27,297.13
MSFT,2023-04-28,299.5
MSFT,2023-05-01,297.85
MSFT,2023-05-02,297.7
MSFT,2023-05-03,296.72
MSFT,2023-05-04,297.7
MSFT,2023-05-05,302.81
MSFT,2023-05-08,300.86
MSFT,2023-05-09,299.25
MSFT,2023-05-10,304.43
MSFT,2023-05-11,302.28
MSFT,2023-05-12,301.17
MSFT,2023-05-15,301.65
MSFT,2023-05-16,303.87
MSFT,2023-05-17,306.74
MSFT,2023-05-18,311.16
MSFT,2023-05-19,310.98
MSFT,2023-05-22,313.76
MSFT,2023-05-23,307.97
MSFT,2023-05-24,306.6
MSFT,2023-05-25,318.39
MSFT,2023-05-26,325.2
MSFT,2023-05-30,323.55
MSFT,2023-05-31,320.8
MSFT,2023-06-01,324.89
MSFT,2023-06-02,327.65
MSFT,2023-06-05,328.17
MSFT,2023-06-06,325.97
MSFT,2023-06-07,315.91
MSFT,2023-06-08,317.74
MSFT,2023-06-09,319.24
MSFT,2023-06-12,324.18
MSFT,2023-06-13,326.56
MSFT,2023-06-14,329.54
MSFT,2023-06-15,340.05
MSFT,2023-06-16,334.42
MSFT,2023-06-20,330.24
MSFT,2023-06-21,325.85
MSFT,2023-06-22,331.86
MSFT,2023-06-23,327.28
MSFT,2023-06-26,321.0
MSFT,2023-06-27,326.84
MSFT,2023-06-28,328.09
MSFT,2023-06-29,327.31
MSFT,2023-06-30,332.67
MSFT,2023-07-03,330.18
MSFT,2023-07-05,330.33
MSFT,2023-07-06,333.38
MSFT,2023-07-07,329.43
MSFT,2023-07-10,324.16
MSFT,2023-07-11,324.79
MSFT,2023-07-12,329.41
MSFT,2023-07-13,334.74
MSFT,2023-07-14,337.26
MSFT,2023-07-17,337.74
MSFT,2023-07-18,351.18
MSFT,2023-07-19,346.87
MSFT,2023-07-20,338.85
MSFT,2023-07-21,335.82
MSFT,2023-07-24,337.13
MSFT,2023-07-25,342.87
MSFT,2023-07-26,329.96
MSFT,2023-07-27,323.08
MSFT,2023-07-28,330.55
MSFT,2023-07-31,328.16
MSFT,2023-08-01,328.57
MSFT,2023-08-02,319.93
MSFT,2023-08-03,319.11
MSFT,2023-08-04,320.2
MSFT,2023-08-07,322.48
MSFT,2023-08-08,318.51
MSFT,2023-08-09,314.78
MSFT,2023-08-10,315.47
MSFT,2023-08-11,313.59
MSFT,2023-08-14,316.55
MSFT,2023-08-15,314.42
MSFT,2023-08-16,313.66
MSFT,2023-08-17,310.21
MSFT,2023-08-18,309.82
MSFT,2023-08-21,315.11
MSFT,2023-08-22,315.67
MSFT,2023-08-23,320.12
MSFT,2023-08-24,313.24
MSFT,2023-08-25,316.18
MSFT,2023-08-28,316.89
MSFT,2023-08-29,321.5
MSFT,2023-08-30,321.87
MSFT,2023-08-31,320.86
MSFT,2023-09-01,321.74
MSFT,2023-09-05,326.53
MSFT,2023-09-06,325.87
MSFT,2023-09-07,322.97
MSFT,2023-09-08,327.23
MSFT,2023-09-11,330.83
MSFT,2023-09-12,324.79
MSFT,2023-09-13,328.99
MSFT,2023-09-14,331.57
MSFT,2023-09-15,323.27
MSFT,2023-09-18,322.13
MSFT,2023-09-19,321.73
MSFT,2023-09-20,314.02
MSFT,2023-09-21,312.81
MSFT,2023-09-22,310.34
MSFT,2023-09-25,310.86
MSFT,2023-09-26,305.57
MSFT,2023-09-27,306.21
MSFT,2023-09-28,307.04
MSFT,2023-09-29,309.1
MSFT,2023-10-02,315.03
MSFT,2023-10-03,306.79
MSFT,2023-10-04,312.25
MSFT,2023-10-05,312.64
MSFT,2023-10-06,320.37
MSFT,2023-10-09,322.88
MSFT,2023-10-10,321.48
MSFT,2023-10-11,325.42
MSFT,2023-10-12,324.19
MSFT,2023-10-13,320.83
MSFT,2023-10-16,325.64
MSFT,2023-10-17,325.07
MSFT,2023-10-18,323.16
MSFT,2023-10-19,324.35
MSFT,2023-10-20,319.79
MSFT,2023-10-23,322.39
MSFT,2023-10-24,323.57
MSFT,2023-10-25,333.5
MSFT,2023-10-26,320.99
MSFT,2023-10-27,322.87
MSFT,2023-10-30,330.21
MSFT,2023-10-31,330.99
MSFT,2023-11-01,338.79
MSFT,2023-11-02,340.99
MSFT,2023-11-03,345.37
MSFT,2023-11-06,349.03
MSFT,2023-11-07,352.94
MSFT,2023-11-08,355.56
MSFT,2023-11-09,353.1
MSFT,2023-11-10,361.89
MSFT,2023-11-13,358.96
MSFT,2023-11-14,362.48
MSFT,2023-11-15,362.62
MSFT,2023-11-16,369.0
MSFT,2023-11-17,362.8
MSFT,2023-11-20,370.25
MSFT,2023-11-21,365.96
MSFT,2023-11-22,370.65
MSFT,2023-11-24,370.24
MSFT,2023-11-27,371.39
MSFT,2023-11-28,375.41
MSFT,2023-11-29,371.63
MSFT,2023-11-30,371.69
MSFT,2023-12-01,367.37
MSFT,2023-12-04,362.1
MSFT,2023-12-05,365.42
MSFT,2023-12-06,361.77
MSFT,2023-12-07,363.88
MSFT,2023-12-08,367.1
MSFT,2023-12-11,364.22
MSFT,2023-12-12,367.24
MSFT,2023-12-13,367.23
MSFT,2023-12-14,358.96
MSFT,2023-12-15,363.66
MSFT,2023-12-18,365.55
MSFT,2023-12-19,366.15
MSFT,2023-12-20,363.56
MSFT,2023-12-21,366.42
MSFT,2023-12-22,367.44
MSFT,2023-12-26,367.52
MSFT,2023-12-27,366.94
MSFT,2023-12-28,368.13
MSFT,2023-12-29,368.87
MSFT,2024-01-02,363.8
MSFT,2024-01-03,363.54
MSFT,2024-01-04,360.93
MSFT,2024-01-05,360.74
MSFT,2024-01-08,367.55
MSFT,2024-01-09,368.63
MSFT,2024-01-10,375.47
MSFT,2024-01-11,377.3
MSFT,2024-01-12,381.07
MSFT,2024-01-16,382.83
MSFT,2024-01-17,382.05
MSFT,2024-01-18,386.36
MSFT,2024-01-19,391.07
MSFT,2024-01-22,388.95
MSFT,2024-01-23,391.3
MSFT,2024-01-24,394.89
MSFT,2024-01-25,397.15
MSFT,2024-01-26,396.23
MSFT,2024-01-29,401.91
MSFT,2024-01-30,400.8
MSFT,2024-01-31,390.0
MSFT,2024-02-01,396.08
MSFT,2024-02-02,403.38
MSFT,2024-02-05,397.92
MSFT,2024-02-06,397.76
MSFT,2024-02-07,406.16
MSFT,2024-02-08,406.22
MSFT,2024-02-09,412.53
MSFT,2024-02-12,407.35
MSFT,2024-02-13,398.58
MSFT,2024-02-14,402.43
MSFT,2024-02-15,399.55
MSFT,2024-02-16,397.09
MSFT,2024-02-20,395.84
MSFT,2024-02-21,395.24
MSFT,2024-02-22,404.55
MSFT,2024-02-23,403.26
MSFT,2024-02-26,400.51
MSFT,2024-02-27,400.45
MSFT,2024-02-28,400.69
MSFT,2024-02-29,406.51
MSFT,2024-03-01,408.33
MSFT,2024-03-04,407.76
MSFT,2024-03-05,395.71
MSFT,2024-03-06,395.16
MSFT,2024-03-07,402.08
MSFT,2024-03-08,399.21
MSFT,2024-03-11,397.54
MSFT,2024-03-12,408.12
MSFT,2024-03-13,407.94
MSFT,2024-03-14,417.89
MSFT,2024-03-15,409.24
MSFT,2024-03-18,410.12
MSFT,2024-03-19,414.14
MSFT,2024-03-20,417.9
MSFT,2024-03-21,421.97
MSFT,2024-03-22,421.35
MSFT,2024-03-25,415.57
MSFT,2024-03-26,414.38
MSFT,2024-03-27,414.16
MSFT,2024-03-28,413.46
MSFT,2024-04-01,417.25
MSFT,2024-04-02,414.17
MSFT,2024-04-03,413.2
MSFT,2024-04-04,410.67
MSFT,2024-04-05,418.18
MSFT,2024-04-08,417.27
MSFT,2024-04-09,418.93
MSFT,2024-04-10,415.96
MSFT,2024-04-11,420.55
MSFT,2024-04-12,414.62
MSFT,2024-04-15,406.51
MSFT,2024-04-16,407.43
MSFT,2024-04-17,404.74
MSFT,2024-04-18,397.3
MSFT,2024-04-19,392.24
MSFT,2024-04-22,394.05
MSFT,2024-04-23,400.54
MSFT,2024-04-24,402.01
MSFT,2024-04-25,392.16
MSFT,2024-04-26,399.31
MSFT,2024-04-29,395.31
MSFT,2024-04-30,382.62
MSFT,2024-05-01,388.13
MSFT,2024-05-02,390.98
MSFT,2024-05-03,399.65
MSFT,2024-05-06,406.41
MSFT,2024-05-07,402.28
MSFT,2024-05-08,403.46
MSFT,2024-05-09,405.21
MSFT,2024-05-10,407.59
MSFT,2024-05-13,406.59
MSFT,2024-05-14,409.38
MSFT,2024-05-15,416.53
MSFT,2024-05-16,414.48
MSFT,2024-05-17,413.71
MSFT,2024-05-20,418.76
MSFT,2024-05-21,422.4
MSFT,2024-05-22,423.86
MSFT,2024-05-23,420.39
MSFT,2024-05-24,423.5
MSFT,2024-05-28,423.66
MSFT,2024-05-29,422.53
MSFT,2024-05-30,408.25
MSFT,2024-05-31,408.71
MSFT,2024-06-03,407.12
MSFT,2024-06-04,409.63
MSFT,2024-06-05,417.45
MSFT,2024-06-06,417.95
MSFT,2024-06-07,417.29
MSFT,2024-06-10,421.25
MSFT,2024-06-11,425.99
MSFT,2024-06-12,434.24
MSFT,2024-06-13,434.75
MSFT,2024-06-14,435.72
MSFT,2024-06-17,441.43
MSFT,2024-06-18,439.43
MSFT,2024-06-20,438.8
MSFT,2024-06-21,442.82
MSFT,2024-06-24,440.74
MSFT,2024-06-25,443.97
MSFT,2024-06-26,445.16
MSFT,2024-06-27,445.84
MSFT,2024-06-28,440.03
MSFT,2024-07-01,449.66
MSFT,2024-07-02,452.17
MSFT,2024-07-03,453.64
MSFT,2024-07-05,460.33
MSFT,2024-07-08,459.03
MSFT,2024-07-09,452.43
MSFT,2024-07-10,459.04
MSFT,2024-07-11,447.66
MSFT,2024-07-12,446.53
MSFT,2024-07-15,446.94
MSFT,2024-07-16,442.56
MSFT,2024-07-17,436.66
MSFT,2024-07-18,433.56
MSFT,2024-07-19,430.35
MSFT,2024-07-22,436.09
MSFT,2024-07-23,437.97
MSFT,2024-07-24,422.26
MSFT,2024-07-25,411.93
MSFT,2024-07-26,418.69
MSFT,2024-07-29,420.13
MSFT,2024-07-30,416.38
MSFT,2024-07-31,411.88
MSFT,2024-08-01,410.66
MSFT,2024-08-02,402.17
MSFT,2024-08-05,389.04
MSFT,2024-08-06,393.43
MSFT,2024-08-07,392.27
MSFT,2024-08-08,396.46
MSFT,2024-08-09,399.74
MSFT,2024-08-12,400.52
MSFT,2024-08-13,407.6
MSFT,2024-08-14,410.41
MSFT,2024-08-15,415.26
MSFT,2024-08-16,412.74
MSFT,2024-08-19,415.76
MSFT,2024-08-20,418.98
MSFT,2024-08-21,418.33
MSFT,2024-08-22,409.86
MSFT,2024-08-23,411.08
MSFT,2024-08-26,407.83
MSFT,2024-08-27,408.17
MSFT,2024-08-28,404.98
MSFT,2024-08-29,407.46
MSFT,2024-08-30,411.43
MSFT,2024-09-03,403.83
MSFT,2024-09-04,403.3
MSFT,2024-09-05,402.8
MSFT,2024-09-06,396.2
MSFT,2024-09-09,400.16
MSFT,2024-09-10,408.53
MSFT,2024-09-11,417.25
MSFT,2024-09-12,421.15
MSFT,2024-09-13,424.69
MSFT,2024-09-16,425.43
MSFT,2024-09-17,429.19
MSFT,2024-09-18,424.91
MSFT,2024-09-19,432.68
MSFT,2024-09-20,429.31
MSFT,2024-09-23,427.57
MSFT,2024-09-24,423.29
MSFT,2024-09-25,426.19
MSFT,2024-09-26,425.4
MSFT,2024-09-27,422.16
MSFT,2024-09-30,424.41
MSFT,2024-10-01,414.93
MSFT,2024-10-02,411.42
MSFT,2024-10-03,410.83
MSFT,2024-10-04,410.36
MSFT,2024-10-07,403.93
MSFT,2024-10-08,409.03
MSFT,2024-10-09,411.74
MSFT,2024-10-10,410.14
MSFT,2024-10-11,410.62
MSFT,2024-10-14,413.4
MSFT,2024-10-15,413.0
MSFT,2024-10-16,410.42
MSFT,2024-10-17,411.01
MSFT,2024-10-18,412.43
MSFT,2024-10-21,413.04
MSFT,2024-10-22,421.65
MSFT,2024-10-23,418.78
MSFT,2024-10-24,418.91
MSFT,2024-10-25,422.29
MSFT,2024-10-28,420.75
MSFT,2024-10-29,426.03
MSFT,2024-10-30,426.61
MSFT,2024-10-31,400.78
MSFT,2024-11-01,404.75
MSFT,2024-11-04,402.86
MSFT,2024-11-05,405.82
MSFT,2024-11-06,414.42
MSFT,2024-11-07,419.6
MSFT,2024-11-08,416.75
MSFT,2024-11-11,412.28
MSFT,2024-11-12,417.24
MSFT,2024-11-13,419.38
MSFT,2024-11-14,421.04
MSFT,2024-11-15,409.32
MSFT,2024-11-18,410.06
MSFT,2024-11-19,412.07
MSFT,2024-11-20,409.8
MSFT,2024-11-21,408.03
MSFT,2024-11-22,412.11
MSFT,2024-11-25,413.88
MSFT,2024-11-26,422.97
MSFT,2024-11-27,418.03
MSFT,2024-11-29,418.5
MSFT,2024-12-02,425.93
MSFT,2024-12-03,426.14
MSFT,2024-12-04,432.29
MSFT,2024-12-05,437.43
MSFT,2024-12-06,438.37
MSFT,2024-12-09,440.79
MSFT,2024-12-10,438.13
MSFT,2024-12-11,443.73
MSFT,2024-12-12,444.29
MSFT,2024-12-13,442.03
MSFT,2024-12-16,446.3
MSFT,2024-12-17,449.13
MSFT,2024-12-18,432.26
MSFT,2024-12-19,431.91
MSFT,2024-12-20,431.48
MSFT,2024-12-23,430.15
MSFT,2024-12-24,434.18
MSFT,2024-12-26,432.97
MSFT,2024-12-27,425.48
MSFT,2024-12-30,419.85
MSFT,2024-12-31,416.56
MSFT,2025-01-02,413.67
MSFT,2025-01-03,418.39
MSFT,2025-01-06,422.83
MSFT,2025-01-07,417.42
MSFT,2025-01-08,419.58
MSFT,2025-01-10,414.04
MSFT,2025-01-13,412.3
MSFT,2025-01-14,410.8
MSFT,2025-01-15,421.31
MSFT,2025-01-16,419.6
MSFT,2025-01-17,424.0
MSFT,2025-01-21,423.48
MSFT,2025-01-22,440.97
MSFT,2025-01-23,441.47
MSFT,2025-01-24,438.85
MSFT,2025-01-27,429.47
MSFT,2025-01-28,441.96
MSFT,2025-01-29,437.14
MSFT,2025-01-30,410.12
MSFT,2025-01-31,410.19
MSFT,2025-02-03,406.1
MSFT,2025-02-04,407.54
MSFT,2025-02-05,408.44
MSFT,2025-02-06,410.94
MSFT,2025-02-07,404.95
MSFT,2025-02-10,407.39
MSFT,2025-02-11,406.62
MSFT,2025-02-12,404.24
MSFT,2025-02-13,405.73
MSFT,2025-02-14,403.64
MSFT,2025-02-18,404.84
MSFT,2025-02-19,409.91
MSFT,2025-02-20,412.08
MSFT,2025-02-21,404.23
MSFT,2025-02-24,400.06
MSFT,2025-02-25,394.02
MSFT,2025-02-26,395.84
MSFT,2025-02-27,388.71
MSFT,2025-02-28,393.12
MSFT,2025-03-03,384.71
MSFT,2025-03-04,384.82
MSFT,2025-03-05,397.11
MSFT,2025-03-06,393.02
MSFT,2025-03-07,389.48
MSFT,2025-03-10,376.46
MSFT,2025-03-11,376.74
MSFT,2025-03-12,379.54
MSFT,2025-03-13,375.08
MSFT,2025-03-14,384.77
MSFT,2025-03-17,384.91
MSFT,2025-03-18,379.78
MSFT,2025-03-19,384.04
MSFT,2025-03-20,383.07
MSFT,2025-03-21,387.45
MSFT,2025-03-24,389.25
MSFT,2025-03-25,391.31
MSFT,2025-03-26,386.17
MSFT,2025-03-27,386.77
MSFT,2025-03-28,375.11
MSFT,2025-03-31,371.73
MSFT,2025-04-01,378.47
MSFT,2025-04-02,378.42
MSFT,2025-04-03,369.48
MSFT,2025-04-04,356.33
MSFT,2025-04-07,354.37
MSFT,2025-04-08,351.11
MSFT,2025-04-09,386.69
MSFT,2025-04-10,377.63
MSFT,2025-04-11,384.67
MSFT,2025-04-14,384.03
MSFT,2025-04-15,381.97
MSFT,2025-04-16,367.99
MSFT,2025-04-17,364.2
MSFT,2025-04-21,355.62
MSFT,2025-04-22,363.25
MSFT,2025-04-23,370.74
MSFT,2025-04-24,383.53
MSFT,2025-04-25,388.03
MSFT,2025-04-28,387.35
MSFT,2025-04-29,390.2
MSFT,2025-04-30,391.41
MSFT,2025-05-01,421.26
MSFT,2025-05-02,431.04
MSFT,2025-05-05,431.92
MSFT,2025-05-06,429.09
MSFT,2025-05-07,429.13
MSFT,2025-05-08,433.9
MSFT,2025-05-09,434.46
MSFT,2025-05-12,444.88
MSFT,2025-05-13,444.76
MSFT,2025-05-14,448.53
MSFT,2025-05-15,449.54
MSFT,2025-05-16,450.67
MSFT,2025-05-19,455.23
MSFT,2025-05-20,454.54
MSFT,2025-05-21,448.98
MSFT,2025-05-22,451.26
MSFT,2025-05-23,446.61
MSFT,2025-05-27,457.04
MSFT,2025-05-28,453.74
MSFT,2025-05-29,455.05
MSFT,2025-05-30,456.71
MSFT,2025-06-02,458.31
MSFT,2025-06-03,459.3
MSFT,2025-06-04,460.19
MSFT,2025-06-05,463.97
MSFT,2025-06-06,466.65
MSFT,2025-06-09,469.0
MSFT,2025-06-10,467.19
MSFT,2025-06-11,468.87
MSFT,2025-06-12,475.08
MSFT,2025-06-13,471.2
MSFT,2025-06-16,475.34
MSFT,2025-06-17,474.25
MSFT,2025-06-18,476.43
MSFT,2025-06-20,473.62
MSFT,2025-06-23,482.15
MSFT,2025-06-24,486.23
MSFT,2025-06-25,488.37
MSFT,2025-06-26,493.51
MSFT,2025-06-27,492.01
MSFT,2025-06-30,493.47
MSFT,2025-07-01,488.15
MSFT,2025-07-02,487.2
MSFT,2025-07-03,494.89
MSFT,2025-07-07,493.78
MSFT,2025-07-08,492.68
MSFT,2025-07-09,499.52
MSFT,2025-07-10,497.51
MSFT,2025-07-11,499.33
MSFT,2025-07-14,499.03
MSFT,2025-07-15,501.81
MSFT,2025-07-16,501.61
MSFT,2025-07-17,507.65
MSFT,2025-07-18,506.01
MSFT,2025-07-21,506.02
MSFT,2025-07-22,501.27
MSFT,2025-07-23,501.86
MSFT,2025-07-24,506.83
MSFT,2025-07-25,509.64
MSFT,2025-07-28,508.44
MSFT,2025-07-29,508.51
MSFT,2025-07-30,509.17
MSFT,2025-07-31,529.27
MSFT,2025-08-01,519.96
MSFT,2025-08-04,531.4
MSFT,2025-08-05,523.57
MSFT,2025-08-06,520.78
MSFT,2025-08-07,516.71
MSFT,2025-08-08,517.9
MSFT,2025-08-11,517.64
MSFT,2025-08-12,525.05
MSFT,2025-08-13,516.45
MSFT,2025-08-14,518.34
MSFT,2025-08-15,516.05
MSFT,2025-08-18,513.0
MSFT,2025-08-19,505.73
MSFT,2025-08-20,501.71
MSFT,2025-08-21,501.07
MSFT,2025-08-22,504.04
MSFT,2025-08-25,501.09
MSFT,2025-08-26,498.88
MSFT,2025-08-27,503.55
MSFT,2025-08-28,506.43
MSFT,2025-08-29,503.5
MSFT,2025-09-02,501.94
MSFT,2025-09-03,502.17
MSFT,2025-09-04,504.77
MSFT,2025-09-05,491.88
MSFT,2025-09-08,495.06
MSFT,2025-09-09,495.27
MSFT,2025-09-10,497.22
MSFT,2025-09-11,497.86
MSFT,2025-09-12,506.69
MSFT,2025-09-15,512.12
MSFT,2025-09-16,505.84
MSFT,2025-09-17,506.81
MSFT,2025-09-18,505.25
MSFT,2025-09-19,514.67
MSFT,2025-09-22,511.21
MSFT,2025-09-23,506.03
MSFT,2025-09-24,506.94
MSFT,2025-09-25,503.84
MSFT,2025-09-26,508.24
MSFT,2025-09-29,511.36
MSFT,2025-09-30,514.69
MSFT,2025-10-01,516.44
MSFT,2025-10-02,512.49
MSFT,2025-10-03,514.09
MSFT,2025-10-06,525.24
MSFT,2025-10-07,520.68
MSFT,2025-10-08,521.55
MSFT,2025-10-09,519.11
MSFT,2025-10-10,507.74
MSFT,2025-10-13,510.81
MSFT,2025-10-14,510.34
MSFT,2025-10-15,510.2
MSFT,2025-10-16,508.39
MSFT,2025-10-17,510.35
MSFT,2025-10-20,513.54
MSFT,2025-10-21,514.4
MSFT,2025-10-22,517.26
MSFT,2025-10-23,517.28
MSFT,2025-10-24,520.31
MSFT,2025-10-27,528.17
MSFT,2025-10-28,538.66
MSFT,2025-10-29,538.14
MSFT,2025-10-30,522.45
MSFT,2025-10-31,514.55
MSFT,2025-11-03,513.78
MSFT,2025-11-04,511.09
MSFT,2025-11-05,503.97
MSFT,2025-11-06,493.97
MSFT,2025-11-07,493.69
MSFT,2025-11-10,502.82
MSFT,2025-11-11,505.48
MSFT,2025-11-12,507.92
MSFT,2025-11-13,500.12
MSFT,2025-11-14,506.97
MSFT,2025-11-17,504.3
MSFT,2025-11-18,490.68
MSFT,2025-11-19,484.05
MSFT,2025-11-20,476.31
MSFT,2025-11-21,470.03
MSFT,2025-11-24,471.9
MSFT,2025-11-25,474.88
MSFT,2025-11-26,483.35
MSFT,2025-11-28,489.83
MSFT,2025-12-01,484.58
MSFT,2025-12-02,487.83
MSFT,2025-12-03,475.61
MSFT,2025-12-04,478.71
MSFT,2025-12-05,481.02
MSFT,2025-12-08,488.84
MSFT,2025-12-09,489.84
MSFT,2025-12-10,476.44
MSFT,2025-12-11,481.33
MSFT,2025-12-12,476.41
MSFT,2025-12-15,472.71
MSFT,2025-12-16,474.28
MSFT,2025-12-17,474.01
MSFT,2025-12-18,481.83
MSFT,2025-12-19,483.77
MSFT,2025-12-22,482.77
MSFT,2025-12-23,484.69
MSFT,2025-12-24,485.86
MSFT,2025-12-26,485.55
MSFT,2025-12-29,484.94
MSFT,2025-12-30,485.32
MSFT,2025-12-31,481.48
MSFT,2026-01-02,470.84
MSFT,2026-01-05,470.75
MSFT,2026-01-06,476.39
MSFT,2026-01-07,481.33
MSFT,2026-01-08,475.99
MSFT,2026-01-09,477.16
MSFT,2026-01-12,475.06
MSFT,2026-01-13,468.58
MSFT,2026-01-14,457.34
MSFT,2026-01-15,454.64
MSFT,2026-01-16,457.82
MSFT,2026-01-20,452.5
MSFT,2026-01-21,442.14
MSFT,2026-01-22,449.14
MSFT,2026-01-23,463.88
MSFT,2026-01-26,468.19
MSFT,2026-01-27,478.45
MSFT,2026-01-28,479.49
MSFT,2026-01-29,431.58
MSFT,2026-01-30,428.38
MSFT,2026-02-02,421.49
MSFT,2026-02-03,409.39
MSFT,2026-02-04,412.35
MSFT,2026-02-05,391.92
MSFT,2026-02-06,399.36
MSFT,2026-02-09,411.77
MSFT,2026-02-10,411.44
MSFT,2026-02-11,402.58
MSFT,2026-02-12,400.06
MSFT,2026-02-13,399.54
MSFT,2026-02-17,395.1
MSFT,2026-02-18,397.83
MSFT,2026-02-19,397.6
MSFT,2026-02-20,396.37
MSFT,2026-02-23,383.64
MSFT,2026-02-24,388.16
MSFT,2026-02-25,399.73
MSFT,2026-02-26,400.85
MSFT,2026-02-27,391.89
MSFT,2026-03-02,397.69
MSFT,2026-03-03,403.06
MSFT,2026-03-04,404.32
MSFT,2026-03-05,409.79
MSFT,2026-03-06,408.08
MSFT,2026-03-09,408.53
MSFT,2026-03-10,404.88
MSFT,2026-03-11,404.0
MSFT,2026-03-12,400.99
MSFT,2026-03-13,394.7
MSFT,2026-03-16,399.09
MSFT,2026-03-17,398.55
MSFT,2026-03-18,390.94
MSFT,2026-03-19,388.18
MSFT,2026-03-20,381.04
MSFT,2026-03-23,382.17
MSFT,2026-03-24,371.93
MSFT,2026-03-25,370.24
MSFT,2026-03-26,365.18
MSFT,2026-03-27,356.0
MSFT,2026-03-30,358.18
MSFT,2026-03-31,369.37
MSFT,2026-04-01,368.57
MSFT,2026-04-02,372.65
MSFT,2026-04-06,372.07
MSFT,2026-04-07,371.49
MSFT,2026-04-08,373.52
MSFT,2026-04-09,372.26
MSFT,2026-04-10,370.07
MSFT,2026-04-13,383.54
MSFT,2026-04-14,392.26
MSFT,2026-04-15,410.33
MSFT,2026-04-16,419.35
MSFT,2026-04-17,421.88
MSFT,2026-04-20,417.17
MSFT,2026-04-21,423.24
MSFT,2026-04-22,431.98
MSFT,2026-04-23,414.85
MSFT,2026-04-24,423.7
MSFT,2026-04-27,423.9
MSFT,2026-04-28,428.32
MSFT,2026-04-29,423.54
MSFT,2026-04-30,406.9
MSFT,2026-05-01,413.54
MSFT,2026-05-04,412.73
MSFT,2026-05-05,410.49
MSFT,2026-05-06,413.07
MSFT,2026-05-07,419.86
MSFT,2026-05-08,414.22
MSFT,2026-05-11,411.77
MSFT,2026-05-12,406.89
MSFT,2026-05-13,404.33
MSFT,2026-05-14,408.55
MSFT,2026-05-15,421.01
MSFT,2026-05-18,422.62
MSFT,2026-05-19,416.52
MSFT,2026-05-20,420.15
MSFT,2026-05-21,419.09
MSFT,2026-05-22,418.57
MSFT,2026-05-26,416.03
MSFT,2026-05-27,412.67
MSFT,2026-05-28,426.99
MSFT,2026-05-29,450.24
MSFT,2026-06-01,460.52
MSFT,2026-06-02,441.31
MSFT,2026-06-03,427.34
MSFT,2026-06-04,428.05
MSFT,2026-06-05,416.67
MSFT,2026-06-08,411.74
MSFT,2026-06-09,403.41
MSFT,2026-06-10,397.36
MSFT,2026-06-11,390.34
MSFT,2026-06-12,390.74
MSFT,2026-06-15,399.76
MSFT,2026-06-16,393.83
MSFT,2026-06-17,378.91
MSFT,2026-06-18,379.4
MSFT,2026-06-22,367.34
MSFT,2026-06-23,373.94
MSFT,2026-06-24,365.46
MSFT,2026-06-25,352.83
MSFT,2026-06-26,372.97
MSFT,2026-06-29,368.57
MSFT,2026-06-30,373.02
MSFT,2026-07-01,384.28
MSFT,2026-07-02,390.49
MSFT,2026-07-06,386.74
MSFT,2026-07-07,388.84
MSFT,2026-07-08,383.34
MSFT,2026-07-09,384.36
MSFT,2026-07-10,385.1
MSFT,2026-07-13,390.99
MSFT,2026-07-14,384.93
MSFT,2026-07-15,395.63
MSFT,2026-07-16,401.1
MSFT,2026-07-17,393.82
MSFT,2026-07-20,402.29
MSFT,2026-07-21,397.75
MSFT,2026-07-22,390.34
MSFT,2026-07-23,381.58
MSFT,2026-07-24,381.7
MSFT,2026-07-27,389.1
NVDA,2022-01-03,30.03
NVDA,2022-01-04,29.2
NVDA,2022-01-05,27.52
NVDA,2022-01-06,28.09
NVDA,2022-01-07,27.16
NVDA,2022-01-10,27.31
NVDA,2022-01-11,27.73
NVDA,2022-01-12,27.91
NVDA,2022-01-13,26.49
NVDA,2022-01-14,26.86
NVDA,2022-01-18,25.82
NVDA,2022-01-19,24.99
NVDA,2022-01-20,24.07
NVDA,2022-01-21,23.3
NVDA,2022-01-24,23.3
NVDA,2022-01-25,22.25
NVDA,2022-01-26,22.7
NVDA,2022-01-27,21.87
NVDA,2022-01-28,22.77
NVDA,2022-01-31,24.41
NVDA,2022-02-01,24.56
NVDA,2022-02-02,25.16
NVDA,2022-02-03,23.87
NVDA,2022-02-04,24.24
NVDA,2022-02-07,24.65
NVDA,2022-02-08,25.03
NVDA,2022-02-09,26.62
NVDA,2022-02-10,25.74
NVDA,2022-02-11,23.87
NVDA,2022-02-14,24.19
NVDA,2022-02-15,26.41
NVDA,2022-02-16,26.43
NVDA,2022-02-17,24.43
NVDA,2022-02-18,23.57
NVDA,2022-02-22,23.32
NVDA,2022-02-23,22.32
NVDA,2022-02-24,23.67
NVDA,2022-02-25,24.08
NVDA,2022-02-28,24.31
NVDA,2022-03-01,23.4
NVDA,2022-03-02,24.15
NVDA,2022-03-03,23.64
NVDA,2022-03-04,22.87
NVDA,2022-03-07,21.29
NVDA,2022-03-08,21.45
NVDA,2022-03-09,22.95
NVDA,2022-03-10,22.59
NVDA,2022-03-11,22.03
NVDA,2022-03-14,21.27
NVDA,2022-03-15,22.9
NVDA,2022-03-16,24.42
NVDA,2022-03-17,24.69
NVDA,2022-03-18,26.37
NVDA,2022-03-21,26.65
NVDA,2022-03-22,26.44
NVDA,2022-03-23,25.56
NVDA,2022-03-24,28.07
NVDA,2022-03-25,27.61
NVDA,2022-03-28,28.13
NVDA,2022-03-29,28.57
NVDA,2022-03-30,27.61
NVDA,2022-03-31,27.2
NVDA,2022-04-01,26.63
NVDA,2022-04-04,27.28
NVDA,2022-04-05,25.85
NVDA,2022-04-06,24.33
NVDA,2022-04-07,24.14
NVDA,2022-04-08,23.05
NVDA,2022-04-11,21.85
NVDA,2022-04-12,21.44
NVDA,2022-04-13,22.14
NVDA,2022-04-14,21.19
NVDA,2022-04-18,21.72
NVDA,2022-04-19,22.13
NVDA,2022-04-20,21.42
NVDA,2022-04-21,20.12
NVDA,2022-04-22,19.46
NVDA,2022-04-25,19.84
NVDA,2022-04-26,18.73
NVDA,2022-04-27,18.36
NVDA,2022-04-28,19.72
NVDA,2022-04-29,18.49
NVDA,2022-05-02,19.47
NVDA,2022-05-03,19.54
NVDA,2022-05-04,20.27
NVDA,2022-05-05,18.79
NVDA,2022-05-06,18.62
NVDA,2022-05-09,16.9
NVDA,2022-05-10,17.54
NVDA,2022-05-11,16.58
NVDA,2022-05-12,16.13
NVDA,2022-05-13,17.65
NVDA,2022-05-16,17.21
NVDA,2022-05-17,18.12
NVDA,2022-05-18,16.89
NVDA,2022-05-19,17.07
NVDA,2022-05-20,16.64
NVDA,2022-05-23,16.85
NVDA,2022-05-24,16.11
NVDA,2022-05-25,16.92
NVDA,2022-05-26,17.8
NVDA,2022-05-27,18.75
NVDA,2022-05-31,18.62
NVDA,2022-06-01,18.27
NVDA,2022-06-02,19.53
NVDA,2022-06-03,18.66
NVDA,2022-06-06,18.73
NVDA,2022-06-07,18.87
NVDA,2022-06-08,18.6
NVDA,2022-06-09,18.0
NVDA,2022-06-10,16.93
NVDA,2022-06-13,15.6
NVDA,2022-06-14,15.79
NVDA,2022-06-15,16.48
NVDA,2022-06-16,15.56
NVDA,2022-06-17,15.84
NVDA,2022-06-21,16.52
NVDA,2022-06-22,16.31
NVDA,2022-06-23,16.18
NVDA,2022-06-24,17.08
NVDA,2022-06-27,16.82
NVDA,2022-06-28,15.94
NVDA,2022-06-29,15.5
NVDA,2022-06-30,15.12
NVDA,2022-07-01,14.48
NVDA,2022-07-05,14.92
NVDA,2022-07-06,15.09
NVDA,2022-07-07,15.81
NVDA,2022-07-08,15.79
NVDA,2022-07-11,15.11
NVDA,2022-07-12,15.04
NVDA,2022-07-13,15.12
NVDA,2022-07-14,15.33
NVDA,2022-07-15,15.72
NVDA,2022-07-18,16.06
NVDA,2022-07-19,16.94
NVDA,2022-07-20,17.76
NVDA,2022-07-21,18.0
NVDA,2022-07-22,17.27
NVDA,2022-07-25,16.98
NVDA,2022-07-26,16.49
NVDA,2022-07-27,17.74
NVDA,2022-07-28,17.93
NVDA,2022-07-29,18.11
NVDA,2022-08-01,18.39
NVDA,2022-08-02,18.47
NVDA,2022-08-03,18.84
NVDA,2022-08-04,19.16
NVDA,2022-08-05,18.94
NVDA,2022-08-08,17.74
NVDA,2022-08-09,17.04
NVDA,2022-08-10,18.05
NVDA,2022-08-11,17.89
NVDA,2022-08-12,18.66
NVDA,2022-08-15,18.98
NVDA,2022-08-16,18.83
NVDA,2022-08-17,18.28
NVDA,2022-08-18,18.72
NVDA,2022-08-19,17.8
NVDA,2022-08-22,16.99
NVDA,2022-08-23,17.13
NVDA,2022-08-24,17.17
NVDA,2022-08-25,17.86
NVDA,2022-08-26,16.21
NVDA,2022-08-29,15.76
NVDA,2022-08-30,15.43
NVDA,2022-08-31,15.05
NVDA,2022-09-01,13.9
NVDA,2022-09-02,13.61
NVDA,2022-09-06,13.43
NVDA,2022-09-07,13.68
NVDA,2022-09-08,13.96
NVDA,2022-09-09,14.35
NVDA,2022-09-12,14.47
NVDA,2022-09-13,13.1
NVDA,2022-09-14,13.1
NVDA,2022-09-15,12.9
NVDA,2022-09-16,13.17
NVDA,2022-09-19,13.35
NVDA,2022-09-20,13.14
NVDA,2022-09-21,13.23
NVDA,2022-09-22,12.53
NVDA,2022-09-23,12.49
NVDA,2022-09-26,12.2
NVDA,2022-09-27,12.38
NVDA,2022-09-28,12.7
NVDA,2022-09-29,12.19
NVDA,2022-09-30,12.11
NVDA,2022-10-03,12.48
NVDA,2022-10-04,13.13
NVDA,2022-10-05,13.18
NVDA,2022-10-06,13.1
NVDA,2022-10-07,12.05
NVDA,2022-10-10,11.64
NVDA,2022-10-11,11.56
NVDA,2022-10-12,11.47
NVDA,2022-10-13,11.93
NVDA,2022-10-14,11.2
NVDA,2022-10-17,11.86
NVDA,2022-10-18,11.94
NVDA,2022-10-19,12.02
NVDA,2022-10-20,12.16
NVDA,2022-10-21,12.44
NVDA,2022-10-24,12.57
NVDA,2022-10-25,13.23
NVDA,2022-10-26,12.86
NVDA,2022-10-27,13.14
NVDA,2022-10-28,13.8
NVDA,2022-10-31,13.46
NVDA,2022-11-01,13.51
NVDA,2022-11-02,13.19
NVDA,2022-11-03,13.39
NVDA,2022-11-04,14.12
NVDA,2022-11-07,14.27
NVDA,2022-11-08,14.57
NVDA,2022-11-09,13.74
NVDA,2022-11-10,15.71
NVDA,2022-11-11,16.29
NVDA,2022-11-14,16.25
NVDA,2022-11-15,16.62
NVDA,2022-11-16,15.87
NVDA,2022-11-17,15.64
NVDA,2022-11-18,15.37
NVDA,2022-11-21,15.28
NVDA,2022-11-22,16.0
NVDA,2022-11-23,16.48
NVDA,2022-11-25,16.23
NVDA,2022-11-28,15.79
NVDA,2022-11-29,15.6
NVDA,2022-11-30,16.89
NVDA,2022-12-01,17.1
NVDA,2022-12-02,16.84
NVDA,2022-12-05,16.57
NVDA,2022-12-06,15.95
NVDA,2022-12-07,16.08
NVDA,2022-12-08,17.13
NVDA,2022-12-09,16.96
NVDA,2022-12-12,17.5
NVDA,2022-12-13,18.03
NVDA,2022-12-14,17.63
NVDA,2022-12-15,16.91
NVDA,2022-12-16,16.53
NVDA,2022-12-19,16.22
NVDA,2022-12-20,16.05
NVDA,2022-12-21,16.46
NVDA,2022-12-22,15.3
NVDA,2022-12-23,15.17
NVDA,2022-12-27,14.09
NVDA,2022-12-28,14.0
NVDA,2022-12-29,14.57
NVDA,2022-12-30,14.58
NVDA,2023-01-03,14.28
NVDA,2023-01-04,14.72
NVDA,2023-01-05,14.23
NVDA,2023-01-06,14.83
NVDA,2023-01-09,15.59
NVDA,2023-01-10,15.87
NVDA,2023-01-11,15.97
NVDA,2023-01-12,16.47
NVDA,2023-01-13,16.86
NVDA,2023-01-17,17.66
NVDA,2023-01-18,17.34
NVDA,2023-01-19,16.73
NVDA,2023-01-20,17.8
NVDA,2023-01-23,19.15
NVDA,2023-01-24,19.22
NVDA,2023-01-25,19.28
NVDA,2023-01-26,19.76
NVDA,2023-01-27,20.32
NVDA,2023-01-30,19.12
NVDA,2023-01-31,19.49
NVDA,2023-02-01,20.9
NVDA,2023-02-02,21.66
NVDA,2023-02-03,21.05
NVDA,2023-02-06,21.04
NVDA,2023-02-07,22.12
NVDA,2023-02-08,22.16
NVDA,2023-02-09,22.29
NVDA,2023-02-10,21.22
NVDA,2023-02-13,21.74
NVDA,2023-02-14,22.92
NVDA,2023-02-15,22.71
NVDA,2023-02-16,21.95
NVDA,2023-02-17,21.34
NVDA,2023-02-21,20.61
NVDA,2023-02-22,20.71
NVDA,2023-02-23,23.61
NVDA,2023-02-24,23.23
NVDA,2023-02-27,23.45
NVDA,2023-02-28,23.16
NVDA,2023-03-01,22.65
NVDA,2023-03-02,23.26
NVDA,2023-03-03,23.84
NVDA,2023-03-06,23.5
NVDA,2023-03-07,23.24
NVDA,2023-03-08,24.13
NVDA,2023-03-09,23.39
NVDA,2023-03-10,22.92
NVDA,2023-03-13,22.92
NVDA,2023-03-14,24.01
NVDA,2023-03-15,24.18
NVDA,2023-03-16,25.49
NVDA,2023-03-17,25.67
NVDA,2023-03-20,25.85
NVDA,2023-03-21,26.15
NVDA,2023-03-22,26.41
NVDA,2023-03-23,27.14
NVDA,2023-03-24,26.72
NVDA,2023-03-27,26.48
NVDA,2023-03-28,26.36
NVDA,2023-03-29,26.93
NVDA,2023-03-30,27.33
NVDA,2023-03-31,27.72
NVDA,2023-04-03,27.91
NVDA,2023-04-04,27.4
NVDA,2023-04-05,26.83
NVDA,2023-04-06,26.98
NVDA,2023-04-10,27.52
NVDA,2023-04-11,27.11
NVDA,2023-04-12,26.44
NVDA,2023-04-13,26.41
NVDA,2023-04-14,26.7
NVDA,2023-04-17,26.95
NVDA,2023-04-18,27.61
NVDA,2023-04-19,27.87
NVDA,2023-04-20,27.05
NVDA,2023-04-21,27.06
NVDA,2023-04-24,26.99
NVDA,2023-04-25,26.19
NVDA,2023-04-26,26.9
NVDA,2023-04-27,27.17
NVDA,2023-04-28,27.69
NVDA,2023-05-01,28.85
NVDA,2023-05-02,28.15
NVDA,2023-05-03,27.75
NVDA,2023-05-04,27.51
NVDA,2023-05-05,28.62
NVDA,2023-05-08,29.09
NVDA,2023-05-09,28.51
NVDA,2023-05-10,28.83
NVDA,2023-05-11,28.52
NVDA,2023-05-12,28.28
NVDA,2023-05-15,28.89
NVDA,2023-05-16,29.15
NVDA,2023-05-17,30.12
NVDA,2023-05-18,31.61
NVDA,2023-05-19,31.2
NVDA,2023-05-22,31.11
NVDA,2023-05-23,30.63
NVDA,2023-05-24,30.48
NVDA,2023-05-25,37.9
NVDA,2023-05-26,38.87
NVDA,2023-05-30,40.03
NVDA,2023-05-31,37.76
NVDA,2023-06-01,39.69
NVDA,2023-06-02,39.25
NVDA,2023-06-05,39.09
NVDA,2023-06-06,38.57
NVDA,2023-06-07,37.4
NVDA,2023-06-08,38.44
NVDA,2023-06-09,38.69
NVDA,2023-06-12,39.41
NVDA,2023-06-13,40.94
NVDA,2023-06-14,42.91
NVDA,2023-06-15,42.57
NVDA,2023-06-16,42.61
NVDA,2023-06-20,43.72
NVDA,2023-06-21,42.96
NVDA,2023-06-22,42.94
NVDA,2023-06-23,42.13
NVDA,2023-06-26,40.55
NVDA,2023-06-27,41.79
NVDA,2023-06-28,41.04
NVDA,2023-06-29,40.74
NVDA,2023-06-30,42.22
NVDA,2023-07-03,42.33
NVDA,2023-07-05,42.23
NVDA,2023-07-06,42.02
NVDA,2023-07-07,42.42
NVDA,2023-07-10,42.1
NVDA,2023-07-11,42.32
NVDA,2023-07-12,43.82
NVDA,2023-07-13,45.89
NVDA,2023-07-14,45.38
NVDA,2023-07-17,46.37
NVDA,2023-07-18,47.4
NVDA,2023-07-19,46.99
NVDA,2023-07-20,45.43
NVDA,2023-07-21,44.22
NVDA,2023-07-24,44.53
NVDA,2023-07-25,45.59
NVDA,2023-07-26,45.36
NVDA,2023-07-27,45.81
NVDA,2023-07-28,46.66
NVDA,2023-07-31,46.64
NVDA,2023-08-01,46.42
NVDA,2023-08-02,44.18
NVDA,2023-08-03,44.43
NVDA,2023-08-04,44.59
NVDA,2023-08-07,45.33
NVDA,2023-08-08,44.58
NVDA,2023-08-09,42.47
NVDA,2023-08-10,42.31
NVDA,2023-08-11,40.78
NVDA,2023-08-14,43.67
NVDA,2023-08-15,43.85
NVDA,2023-08-16,43.4
NVDA,2023-08-17,43.26
NVDA,2023-08-18,43.21
NVDA,2023-08-21,46.88
NVDA,2023-08-22,45.58
NVDA,2023-08-23,47.02
NVDA,2023-08-24,47.07
NVDA,2023-08-25,45.93
NVDA,2023-08-28,46.74
NVDA,2023-08-29,48.69
NVDA,2023-08-30,49.17
NVDA,2023-08-31,49.26
NVDA,2023-09-01,48.41
NVDA,2023-09-05,48.45
NVDA,2023-09-06,46.97
NVDA,2023-09-07,46.15
NVDA,2023-09-08,45.49
NVDA,2023-09-11,45.09
NVDA,2023-09-12,44.79
NVDA,2023-09-13,45.4
NVDA,2023-09-14,45.5
NVDA,2023-09-15,43.82
NVDA,2023-09-18,43.88
NVDA,2023-09-19,43.44
NVDA,2023-09-20,42.16
NVDA,2023-09-21,40.94
NVDA,2023-09-22,41.53
NVDA,2023-09-25,42.14
NVDA,2023-09-26,41.83
NVDA,2023-09-27,42.39
NVDA,2023-09-28,43.01
NVDA,2023-09-29,43.42
NVDA,2023-10-02,44.7
NVDA,2023-10-03,43.44
NVDA,2023-10-04,43.96
NVDA,2023-10-05,44.6
NVDA,2023-10-06,45.68
NVDA,2023-10-09,45.19
NVDA,2023-10-10,45.71
NVDA,2023-10-11,46.72
NVDA,2023-10-12,46.86
NVDA,2023-10-13,45.38
NVDA,2023-10-16,46.01
NVDA,2023-10-17,43.86
NVDA,2023-10-18,42.12
NVDA,2023-10-19,42.02
NVDA,2023-10-20,41.31
NVDA,2023-10-23,42.89
NVDA,2023-10-24,43.58
NVDA,2023-10-25,41.7
NVDA,2023-10-26,40.25
NVDA,2023-10-27,40.42
NVDA,2023-10-30,41.08
NVDA,2023-10-31,40.7
NVDA,2023-11-01,42.25
NVDA,2023-11-02,43.42
NVDA,2023-11-03,44.92
NVDA,2023-11-06,45.67
NVDA,2023-11-07,45.87
NVDA,2023-11-08,46.49
NVDA,2023-11-09,46.86
NVDA,2023-11-10,48.24
NVDA,2023-11-13,48.53
NVDA,2023-11-14,49.56
NVDA,2023-11-15,48.8
NVDA,2023-11-16,49.39
NVDA,2023-11-17,49.21
NVDA,2023-11-20,50.32
NVDA,2023-11-21,49.85
NVDA,2023-11-22,48.63
NVDA,2023-11-24,47.69
NVDA,2023-11-27,48.15
NVDA,2023-11-28,47.73
NVDA,2023-11-29,48.05
NVDA,2023-11-30,46.68
NVDA,2023-12-01,46.68
NVDA,2023-12-04,45.43
NVDA,2023-12-05,46.48
NVDA,2023-12-06,45.42
NVDA,2023-12-07,46.51
NVDA,2023-12-08,47.42
NVDA,2023-12-11,46.54
NVDA,2023-12-12,47.57
NVDA,2023-12-13,48.0
NVDA,2023-12-14,48.26
NVDA,2023-12-15,48.8
NVDA,2023-12-18,49.99
NVDA,2023-12-19,49.52
NVDA,2023-12-20,48.03
NVDA,2023-12-21,48.9
NVDA,2023-12-22,48.74
NVDA,2023-12-26,49.19
NVDA,2023-12-27,49.33
NVDA,2023-12-28,49.43
NVDA,2023-12-29,49.43
NVDA,2024-01-02,48.08
NVDA,2024-01-03,47.48
NVDA,2024-01-04,47.91
NVDA,2024-01-05,49.01
NVDA,2024-01-08,52.16
NVDA,2024-01-09,53.05
NVDA,2024-01-10,54.25
NVDA,2024-01-11,54.72
NVDA,2024-01-12,54.61
NVDA,2024-01-16,56.28
NVDA,2024-01-17,55.95
NVDA,2024-01-18,57.01
NVDA,2024-01-19,59.39
NVDA,2024-01-22,59.55
NVDA,2024-01-23,59.77
NVDA,2024-01-24,61.25
NVDA,2024-01-25,61.51
NVDA,2024-01-26,60.92
NVDA,2024-01-29,62.35
NVDA,2024-01-30,62.66
NVDA,2024-01-31,61.42
NVDA,2024-02-01,62.92
NVDA,2024-02-02,66.04
NVDA,2024-02-05,69.21
NVDA,2024-02-06,68.1
NVDA,2024-02-07,69.97
NVDA,2024-02-08,69.52
NVDA,2024-02-09,72.01
NVDA,2024-02-12,72.12
NVDA,2024-02-13,72.0
NVDA,2024-02-14,73.77
NVDA,2024-02-15,72.53
NVDA,2024-02-16,72.48
NVDA,2024-02-20,69.33
NVDA,2024-02-21,67.35
NVDA,2024-02-22,78.4
NVDA,2024-02-23,78.68
NVDA,2024-02-26,78.95
NVDA,2024-02-27,78.56
NVDA,2024-02-28,77.53
NVDA,2024-02-29,78.97
NVDA,2024-03-01,82.13
NVDA,2024-03-04,85.09
NVDA,2024-03-05,85.82
NVDA,2024-03-06,88.55
NVDA,2024-03-07,92.51
NVDA,2024-03-08,87.38
NVDA,2024-03-11,85.63
NVDA,2024-03-12,91.75
NVDA,2024-03-13,90.73
NVDA,2024-03-14,87.79
NVDA,2024-03-15,87.69
NVDA,2024-03-18,88.3
NVDA,2024-03-19,89.24
NVDA,2024-03-20,90.22
NVDA,2024-03-21,91.28
NVDA,2024-03-22,94.13
NVDA,2024-03-25,94.84
NVDA,2024-03-26,92.4
NVDA,2024-03-27,90.09
NVDA,2024-03-28,90.2
NVDA,2024-04-01,90.21
NVDA,2024-04-02,89.3
NVDA,2024-04-03,88.81
NVDA,2024-04-04,85.76
NVDA,2024-04-05,87.86
NVDA,2024-04-08,86.98
NVDA,2024-04-09,85.21
NVDA,2024-04-10,86.89
NVDA,2024-04-11,90.46
NVDA,2024-04-12,88.03
NVDA,2024-04-15,85.85
NVDA,2024-04-16,87.26
NVDA,2024-04-17,83.89
NVDA,2024-04-18,84.52
NVDA,2024-04-19,76.07
NVDA,2024-04-22,79.38
NVDA,2024-04-23,82.28
NVDA,2024-04-24,79.54
NVDA,2024-04-25,82.49
NVDA,2024-04-26,87.58
NVDA,2024-04-29,87.61
NVDA,2024-04-30,86.25
NVDA,2024-05-01,82.9
NVDA,2024-05-02,85.67
NVDA,2024-05-03,88.64
NVDA,2024-05-06,91.98
NVDA,2024-05-07,90.4
NVDA,2024-05-08,90.26
NVDA,2024-05-09,88.59
NVDA,2024-05-10,89.72
NVDA,2024-05-13,90.24
NVDA,2024-05-14,91.2
NVDA,2024-05-15,94.47
NVDA,2024-05-16,94.2
NVDA,2024-05-17,92.32
NVDA,2024-05-20,94.62
NVDA,2024-05-21,95.22
NVDA,2024-05-22,94.79
NVDA,2024-05-23,103.62
NVDA,2024-05-24,106.29
NVDA,2024-05-28,113.7
NVDA,2024-05-29,114.63
NVDA,2024-05-30,110.31
NVDA,2024-05-31,109.44
NVDA,2024-06-03,114.8
NVDA,2024-06-04,116.24
NVDA,2024-06-05,122.23
NVDA,2024-06-06,120.79
NVDA,2024-06-07,120.68
NVDA,2024-06-10,121.58
NVDA,2024-06-11,120.71
NVDA,2024-06-12,124.99
NVDA,2024-06-13,129.4
NVDA,2024-06-14,131.66
NVDA,2024-06-17,130.76
NVDA,2024-06-18,135.36
NVDA,2024-06-20,130.56
NVDA,2024-06-21,126.36
NVDA,2024-06-24,117.92
NVDA,2024-06-25,125.88
NVDA,2024-06-26,126.19
NVDA,2024-06-27,123.79
NVDA,2024-06-28,123.34
NVDA,2024-07-01,124.1
NVDA,2024-07-02,122.47
NVDA,2024-07-03,128.07
NVDA,2024-07-05,125.62
NVDA,2024-07-08,127.99
NVDA,2024-07-09,131.16
NVDA,2024-07-10,134.69
NVDA,2024-07-11,127.19
NVDA,2024-07-12,129.03
NVDA,2024-07-15,128.23
NVDA,2024-07-16,126.15
NVDA,2024-07-17,117.8
NVDA,2024-07-18,120.89
NVDA,2024-07-19,117.74
NVDA,2024-07-22,123.34
NVDA,2024-07-23,122.39
NVDA,2024-07-24,114.06
NVDA,2024-07-25,112.1
NVDA,2024-07-26,112.87
NVDA,2024-07-29,111.41
NVDA,2024-07-30,103.56
NVDA,2024-07-31,116.83
NVDA,2024-08-01,109.03
NVDA,2024-08-02,107.09
NVDA,2024-08-05,100.28
NVDA,2024-08-06,104.08
NVDA,2024-08-07,98.75
NVDA,2024-08-08,104.8
NVDA,2024-08-09,104.58
NVDA,2024-08-12,108.84
NVDA,2024-08-13,115.95
NVDA,2024-08-14,117.89
NVDA,2024-08-15,122.66
NVDA,2024-08-16,124.38
NVDA,2024-08-19,129.79
NVDA,2024-08-20,127.04
NVDA,2024-08-21,128.29
NVDA,2024-08-22,123.54
NVDA,2024-08-23,129.16
NVDA,2024-08-26,126.25
NVDA,2024-08-27,128.09
NVDA,2024-08-28,125.4
NVDA,2024-08-29,117.4
NVDA,2024-08-30,119.17
NVDA,2024-09-03,107.82
NVDA,2024-09-04,106.04
NVDA,2024-09-05,107.03
NVDA,2024-09-06,102.66
NVDA,2024-09-09,106.29
NVDA,2024-09-10,107.92
NVDA,2024-09-11,116.72
NVDA,2024-09-12,118.95
NVDA,2024-09-13,118.91
NVDA,2024-09-16,116.6
NVDA,2024-09-17,115.41
NVDA,2024-09-18,113.19
NVDA,2024-09-19,117.69
NVDA,2024-09-20,115.82
NVDA,2024-09-23,116.08
NVDA,2024-09-24,120.68
NVDA,2024-09-25,123.32
NVDA,2024-09-26,123.85
NVDA,2024-09-27,121.21
NVDA,2024-09-30,121.25
NVDA,2024-10-01,116.82
NVDA,2024-10-02,118.66
NVDA,2024-10-03,122.66
NVDA,2024-10-04,124.73
NVDA,2024-10-07,127.52
NVDA,2024-10-08,132.68
NVDA,2024-10-09,132.44
NVDA,2024-10-10,134.6
NVDA,2024-10-11,134.59
NVDA,2024-10-14,137.85
NVDA,2024-10-15,131.39
NVDA,2024-10-16,135.51
NVDA,2024-10-17,136.72
NVDA,2024-10-18,137.78
NVDA,2024-10-21,143.49
NVDA,2024-10-22,143.37
NVDA,2024-10-23,139.34
NVDA,2024-10-24,140.19
NVDA,2024-10-25,141.32
NVDA,2024-10-28,140.3
NVDA,2024-10-29,141.03
NVDA,2024-10-30,139.12
NVDA,2024-10-31,132.55
NVDA,2024-11-01,135.19
NVDA,2024-11-04,135.84
NVDA,2024-11-05,139.69
NVDA,2024-11-06,145.38
NVDA,2024-11-07,148.65
NVDA,2024-11-08,147.4
NVDA,2024-11-11,145.03
NVDA,2024-11-12,148.06
NVDA,2024-11-13,146.04
NVDA,2024-11-14,146.53
NVDA,2024-11-15,141.76
NVDA,2024-11-18,139.93
NVDA,2024-11-19,146.78
NVDA,2024-11-20,145.66
NVDA,2024-11-21,146.44
NVDA,2024-11-22,141.73
NVDA,2024-11-25,135.81
NVDA,2024-11-26,136.71
NVDA,2024-11-27,135.13
NVDA,2024-11-29,138.03
NVDA,2024-12-02,138.41
NVDA,2024-12-03,140.04
NVDA,2024-12-04,144.91
NVDA,2024-12-05,144.84
NVDA,2024-12-06,142.23
NVDA,2024-12-09,138.6
NVDA,2024-12-10,134.87
NVDA,2024-12-11,139.1
NVDA,2024-12-12,137.14
NVDA,2024-12-13,134.05
NVDA,2024-12-16,131.8
NVDA,2024-12-17,130.2
NVDA,2024-12-18,128.72
NVDA,2024-12-19,130.49
NVDA,2024-12-20,134.5
NVDA,2024-12-23,139.46
NVDA,2024-12-24,140.01
NVDA,2024-12-26,139.72
NVDA,2024-12-27,136.81
NVDA,2024-12-30,137.28
NVDA,2024-12-31,134.09
NVDA,2025-01-02,138.1
NVDA,2025-01-03,144.25
NVDA,2025-01-06,149.21
NVDA,2025-01-07,139.93
NVDA,2025-01-08,139.9
NVDA,2025-01-10,135.71
NVDA,2025-01-13,133.03
NVDA,2025-01-14,131.56
NVDA,2025-01-15,136.04
NVDA,2025-01-16,133.37
NVDA,2025-01-17,137.5
NVDA,2025-01-21,140.62
NVDA,2025-01-22,146.85
NVDA,2025-01-23,147.0
NVDA,2025-01-24,142.41
NVDA,2025-01-27,118.24
NVDA,2025-01-28,128.8
NVDA,2025-01-29,123.52
NVDA,2025-01-30,124.46
NVDA,2025-01-31,119.89
NVDA,2025-02-03,116.49
NVDA,2025-02-04,118.47
NVDA,2025-02-05,124.64
NVDA,2025-02-06,128.49
NVDA,2025-02-07,129.65
NVDA,2025-02-10,133.37
NVDA,2025-02-11,132.6
NVDA,2025-02-12,130.94
NVDA,2025-02-13,135.09
NVDA,2025-02-14,138.64
NVDA,2025-02-18,139.19
NVDA,2025-02-19,139.02
NVDA,2025-02-20,139.9
NVDA,2025-02-21,134.23
NVDA,2025-02-24,130.09
NVDA,2025-02-25,126.44
NVDA,2025-02-26,131.08
NVDA,2025-02-27,119.97
NVDA,2025-02-28,124.73
NVDA,2025-03-03,113.89
NVDA,2025-03-04,115.82
NVDA,2025-03-05,117.13
NVDA,2025-03-06,110.41
NVDA,2025-03-07,112.52
NVDA,2025-03-10,106.82
NVDA,2025-03-11,108.6
NVDA,2025-03-12,115.58
NVDA,2025-03-13,115.42
NVDA,2025-03-14,121.5
NVDA,2025-03-17,119.36
NVDA,2025-03-18,115.27
NVDA,2025-03-19,117.36
NVDA,2025-03-20,118.36
NVDA,2025-03-21,117.54
NVDA,2025-03-24,121.24
NVDA,2025-03-25,120.52
NVDA,2025-03-26,113.6
NVDA,2025-03-27,111.27
NVDA,2025-03-28,109.52
NVDA,2025-03-31,108.23
NVDA,2025-04-01,110.0
NVDA,2025-04-02,110.27
NVDA,2025-04-03,101.66
NVDA,2025-04-04,94.18
NVDA,2025-04-07,97.5
NVDA,2025-04-08,96.17
NVDA,2025-04-09,114.17
NVDA,2025-04-10,107.42
NVDA,2025-04-11,110.77
NVDA,2025-04-14,110.56
NVDA,2025-04-15,112.04
NVDA,2025-04-16,104.34
NVDA,2025-04-17,101.35
NVDA,2025-04-21,96.77
NVDA,2025-04-22,98.75
NVDA,2025-04-23,102.57
NVDA,2025-04-24,106.28
NVDA,2025-04-25,110.85
NVDA,2025-04-28,108.58
NVDA,2025-04-29,108.87
NVDA,2025-04-30,108.77
NVDA,2025-05-01,111.45
NVDA,2025-05-02,114.34
NVDA,2025-05-05,113.66
NVDA,2025-05-06,113.38
NVDA,2025-05-07,116.9
NVDA,2025-05-08,117.21
NVDA,2025-05-09,116.49
NVDA,2025-05-12,122.83
NVDA,2025-05-13,129.75
NVDA,2025-05-14,135.15
NVDA,2025-05-15,134.64
NVDA,2025-05-16,135.21
NVDA,2025-05-19,135.38
NVDA,2025-05-20,134.19
NVDA,2025-05-21,131.62
NVDA,2025-05-22,132.64
NVDA,2025-05-23,131.11
NVDA,2025-05-27,135.31
NVDA,2025-05-28,134.62
NVDA,2025-05-29,139.0
NVDA,2025-05-30,134.94
NVDA,2025-06-02,137.19
NVDA,2025-06-03,141.02
NVDA,2025-06-04,141.72
NVDA,2025-06-05,139.79
NVDA,2025-06-06,141.52
NVDA,2025-06-09,142.43
NVDA,2025-06-10,143.76
NVDA,2025-06-11,142.64
NVDA,2025-06-12,144.81
NVDA,2025-06-13,141.78
NVDA,2025-06-16,144.5
NVDA,2025-06-17,143.93
NVDA,2025-06-18,145.29
NVDA,2025-06-20,143.66
NVDA,2025-06-23,143.98
NVDA,2025-06-24,147.7
NVDA,2025-06-25,154.1
NVDA,2025-06-26,154.81
NVDA,2025-06-27,157.54
NVDA,2025-06-30,157.78
NVDA,2025-07-01,153.1
NVDA,2025-07-02,157.04
NVDA,2025-07-03,159.13
NVDA,2025-07-07,158.03
NVDA,2025-07-08,159.79
NVDA,2025-07-09,162.66
NVDA,2025-07-10,163.88
NVDA,2025-07-11,164.7
NVDA,2025-07-14,163.85
NVDA,2025-07-15,170.47
NVDA,2025-07-16,171.14
NVDA,2025-07-17,172.77
NVDA,2025-07-18,172.18
NVDA,2025-07-21,171.15
NVDA,2025-07-22,166.81
NVDA,2025-07-23,170.55
NVDA,2025-07-24,173.51
NVDA,2025-07-25,173.27
NVDA,2025-07-28,176.51
NVDA,2025-07-29,175.28
NVDA,2025-07-30,179.03
NVDA,2025-07-31,177.63
NVDA,2025-08-01,173.49
NVDA,2025-08-04,179.76
NVDA,2025-08-05,178.02
NVDA,2025-08-06,179.18
NVDA,2025-08-07,180.53
NVDA,2025-08-08,182.46
NVDA,2025-08-11,181.82
NVDA,2025-08-12,182.92
NVDA,2025-08-13,181.35
NVDA,2025-08-14,181.78
NVDA,2025-08-15,180.21
NVDA,2025-08-18,181.77
NVDA,2025-08-19,175.41
NVDA,2025-08-20,175.17
NVDA,2025-08-21,174.75
NVDA,2025-08-22,177.75
NVDA,2025-08-25,179.57
NVDA,2025-08-26,181.53
NVDA,2025-08-27,181.36
NVDA,2025-08-28,179.93
NVDA,2025-08-29,173.95
NVDA,2025-09-02,170.55
NVDA,2025-09-03,170.39
NVDA,2025-09-04,171.43
NVDA,2025-09-05,166.8
NVDA,2025-09-08,168.09
NVDA,2025-09-09,170.53
NVDA,2025-09-10,177.09
NVDA,2025-09-11,176.94
NVDA,2025-09-12,177.59
NVDA,2025-09-15,177.52
NVDA,2025-09-16,174.66
NVDA,2025-09-17,170.07
NVDA,2025-09-18,176.02
NVDA,2025-09-19,176.44
NVDA,2025-09-22,183.38
NVDA,2025-09-23,178.2
NVDA,2025-09-24,176.74
NVDA,2025-09-25,177.46
NVDA,2025-09-26,177.96
NVDA,2025-09-29,181.62
NVDA,2025-09-30,186.34
NVDA,2025-10-01,187.0
NVDA,2025-10-02,188.65
NVDA,2025-10-03,187.38
NVDA,2025-10-06,185.3
NVDA,2025-10-07,184.8
NVDA,2025-10-08,188.87
NVDA,2025-10-09,192.32
NVDA,2025-10-10,182.93
NVDA,2025-10-13,188.08
NVDA,2025-10-14,179.8
NVDA,2025-10-15,179.6
NVDA,2025-10-16,181.58
NVDA,2025-10-17,182.99
NVDA,2025-10-20,182.41
NVDA,2025-10-21,180.93
NVDA,2025-10-22,180.05
NVDA,2025-10-23,181.93
NVDA,2025-10-24,186.02
NVDA,2025-10-27,191.25
NVDA,2025-10-28,200.77
NVDA,2025-10-29,206.78
NVDA,2025-10-30,202.63
NVDA,2025-10-31,202.23
NVDA,2025-11-03,206.62
NVDA,2025-11-04,198.44
NVDA,2025-11-05,194.96
NVDA,2025-11-06,187.84
NVDA,2025-11-07,187.91
NVDA,2025-11-10,198.8
NVDA,2025-11-11,192.91
NVDA,2025-11-12,193.55
NVDA,2025-11-13,186.62
NVDA,2025-11-14,189.93
NVDA,2025-11-17,186.36
NVDA,2025-11-18,181.13
NVDA,2025-11-19,186.28
NVDA,2025-11-20,180.41
NVDA,2025-11-21,178.65
NVDA,2025-11-24,182.32
NVDA,2025-11-25,177.59
NVDA,2025-11-26,180.03
NVDA,2025-11-28,176.77
NVDA,2025-12-01,179.69
NVDA,2025-12-02,181.23
NVDA,2025-12-03,179.36
NVDA,2025-12-04,183.16
NVDA,2025-12-05,182.19
NVDA,2025-12-08,185.32
NVDA,2025-12-09,184.74
NVDA,2025-12-10,183.56
NVDA,2025-12-11,180.71
NVDA,2025-12-12,174.81
NVDA,2025-12-15,176.08
NVDA,2025-12-16,177.5
NVDA,2025-12-17,170.73
NVDA,2025-12-18,173.93
NVDA,2025-12-19,180.77
NVDA,2025-12-22,183.47
NVDA,2025-12-23,188.98
NVDA,2025-12-24,188.38
NVDA,2025-12-26,190.3
NVDA,2025-12-29,187.99
NVDA,2025-12-30,187.31
NVDA,2025-12-31,186.27
NVDA,2026-01-02,188.62
NVDA,2026-01-05,187.89
NVDA,2026-01-06,187.01
NVDA,2026-01-07,188.88
NVDA,2026-01-08,184.81
NVDA,2026-01-09,184.63
NVDA,2026-01-12,184.71
NVDA,2026-01-13,185.58
NVDA,2026-01-14,182.92
NVDA,2026-01-15,186.82
NVDA,2026-01-16,186.0
NVDA,2026-01-20,177.85
NVDA,2026-01-21,183.1
NVDA,2026-01-22,184.61
NVDA,2026-01-23,187.44
NVDA,2026-01-26,186.24
NVDA,2026-01-27,188.29
NVDA,2026-01-28,191.29
NVDA,2026-01-29,192.28
NVDA,2026-01-30,190.9
NVDA,2026-02-02,185.38
NVDA,2026-02-03,180.12
NVDA,2026-02-04,173.98
NVDA,2026-02-05,171.67
NVDA,2026-02-06,185.18
NVDA,2026-02-09,189.81
NVDA,2026-02-10,188.31
NVDA,2026-02-11,189.82
NVDA,2026-02-12,186.71
NVDA,2026-02-13,182.59
NVDA,2026-02-17,184.74
NVDA,2026-02-18,187.75
NVDA,2026-02-19,187.67
NVDA,2026-02-20,189.59
NVDA,2026-02-23,191.32
NVDA,2026-02-24,192.62
NVDA,2026-02-25,195.32
NVDA,2026-02-26,184.66
NVDA,2026-02-27,176.97
NVDA,2026-03-02,182.26
NVDA,2026-03-03,179.83
NVDA,2026-03-04,182.82
NVDA,2026-03-05,183.12
NVDA,2026-03-06,177.6
NVDA,2026-03-09,182.43
NVDA,2026-03-10,184.54
NVDA,2026-03-11,185.81
NVDA,2026-03-12,182.93
NVDA,2026-03-13,180.04
NVDA,2026-03-16,183.01
NVDA,2026-03-17,181.72
NVDA,2026-03-18,180.19
NVDA,2026-03-19,178.35
NVDA,2026-03-20,172.5
NVDA,2026-03-23,175.44
NVDA,2026-03-24,175.0
NVDA,2026-03-25,178.47
NVDA,2026-03-26,171.04
NVDA,2026-03-27,167.32
NVDA,2026-03-30,164.98
NVDA,2026-03-31,174.2
NVDA,2026-04-01,175.55
NVDA,2026-04-02,177.18
NVDA,2026-04-06,177.43
NVDA,2026-04-07,177.89
NVDA,2026-04-08,181.87
NVDA,2026-04-09,183.7
NVDA,2026-04-10,188.41
NVDA,2026-04-13,189.09
NVDA,2026-04-14,196.28
NVDA,2026-04-15,198.64
NVDA,2026-04-16,198.12
NVDA,2026-04-17,201.45
NVDA,2026-04-20,201.82
NVDA,2026-04-21,199.65
NVDA,2026-04-22,202.26
NVDA,2026-04-23,199.41
NVDA,2026-04-24,208.03
NVDA,2026-04-27,216.36
NVDA,2026-04-28,212.92
NVDA,2026-04-29,209.01
NVDA,2026-04-30,199.34
NVDA,2026-05-01,198.22
NVDA,2026-05-04,198.25
NVDA,2026-05-05,196.27
NVDA,2026-05-06,207.59
NVDA,2026-05-07,211.25
NVDA,2026-05-08,214.95
NVDA,2026-05-11,219.18
NVDA,2026-05-12,220.52
NVDA,2026-05-13,225.57
NVDA,2026-05-14,235.47
NVDA,2026-05-15,225.06
NVDA,2026-05-18,222.06
NVDA,2026-05-19,220.35
NVDA,2026-05-20,223.21
NVDA,2026-05-21,219.25
NVDA,2026-05-22,215.08
NVDA,2026-05-26,214.61
NVDA,2026-05-27,212.35
NVDA,2026-05-28,214.0
NVDA,2026-05-29,210.89
NVDA,2026-06-01,224.1
NVDA,2026-06-02,222.56
NVDA,2026-06-03,214.5
NVDA,2026-06-04,218.66
NVDA,2026-06-05,205.1
NVDA,2026-06-08,208.64
NVDA,2026-06-09,208.19
NVDA,2026-06-10,200.42
NVDA,2026-06-11,204.87
NVDA,2026-06-12,205.19
NVDA,2026-06-15,212.45
NVDA,2026-06-16,207.41
NVDA,2026-06-17,204.65
NVDA,2026-06-18,210.69
NVDA,2026-06-22,208.65
NVDA,2026-06-23,200.04
NVDA,2026-06-24,199.0
NVDA,2026-06-25,195.74
NVDA,2026-06-26,192.53
NVDA,2026-06-29,194.97
NVDA,2026-06-30,200.09
NVDA,2026-07-01,197.58
NVDA,2026-07-02,194.83
NVDA,2026-07-06,195.55
NVDA,2026-07-07,196.93
NVDA,2026-07-08,204.12
NVDA,2026-07-09,202.78
NVDA,2026-07-10,210.96
NVDA,2026-07-13,203.53
NVDA,2026-07-14,211.8
NVDA,2026-07-15,212.5
NVDA,2026-07-16,207.4
NVDA,2026-07-17,202.81
NVDA,2026-07-20,203.28
NVDA,2026-07-21,207.29
NVDA,2026-07-22,212.06
NVDA,2026-07-23,208.76
NVDA,2026-07-24,206.84
NVDA,2026-07-27,196.51
GOOGL,2022-01-03,143.72
GOOGL,2022-01-04,143.13
GOOGL,2022-01-05,136.56
GOOGL,2022-01-06,136.54
GOOGL,2022-01-07,135.81
GOOGL,2022-01-10,137.45
GOOGL,2022-01-11,138.51
GOOGL,2022-01-12,140.19
GOOGL,2022-01-13,137.37
GOOGL,2022-01-14,138.25
GOOGL,2022-01-18,134.8
GOOGL,2022-01-19,133.93
GOOGL,2022-01-20,132.14
GOOGL,2022-01-21,129.21
GOOGL,2022-01-24,129.65
GOOGL,2022-01-25,125.82
GOOGL,2022-01-26,128.1
GOOGL,2022-01-27,127.87
GOOGL,2022-01-28,132.18
GOOGL,2022-01-31,134.11
GOOGL,2022-02-01,136.43
GOOGL,2022-02-02,146.7
GOOGL,2022-02-03,141.83
GOOGL,2022-02-04,142.03
GOOGL,2022-02-07,137.98
GOOGL,2022-02-08,138.17
GOOGL,2022-02-09,140.35
GOOGL,2022-02-10,137.4
GOOGL,2022-02-11,133.1
GOOGL,2022-02-14,134.33
GOOGL,2022-02-15,135.41
GOOGL,2022-02-16,136.53
GOOGL,2022-02-17,131.37
GOOGL,2022-02-18,129.26
GOOGL,2022-02-22,128.67
GOOGL,2022-02-23,126.47
GOOGL,2022-02-24,131.52
GOOGL,2022-02-25,133.28
GOOGL,2022-02-28,133.87
GOOGL,2022-03-01,132.88
GOOGL,2022-03-02,133.39
GOOGL,2022-03-03,132.72
GOOGL,2022-03-04,130.75
GOOGL,2022-03-07,125.27
GOOGL,2022-03-08,125.99
GOOGL,2022-03-09,132.25
GOOGL,2022-03-10,131.27
GOOGL,2022-03-11,128.73
GOOGL,2022-03-14,124.84
GOOGL,2022-03-15,128.06
GOOGL,2022-03-16,132.11
GOOGL,2022-03-17,132.66
GOOGL,2022-03-18,134.93
GOOGL,2022-03-21,134.91
GOOGL,2022-03-22,138.64
GOOGL,2022-03-23,137.06
GOOGL,2022-03-24,140.33
GOOGL,2022-03-25,140.43
GOOGL,2022-03-28,140.21
GOOGL,2022-03-29,141.25
GOOGL,2022-03-30,140.69
GOOGL,2022-03-31,137.85
GOOGL,2022-04-01,138.92
GOOGL,2022-04-04,141.71
GOOGL,2022-04-05,139.36
GOOGL,2022-04-06,135.35
GOOGL,2022-04-07,134.69
GOOGL,2022-04-08,132.12
GOOGL,2022-04-11,127.69
GOOGL,2022-04-12,126.59
GOOGL,2022-04-13,128.75
GOOGL,2022-04-14,125.62
GOOGL,2022-04-18,126.55
GOOGL,2022-04-19,128.87
GOOGL,2022-04-20,126.91
GOOGL,2022-04-21,123.72
GOOGL,2022-04-22,118.58
GOOGL,2022-04-25,121.99
GOOGL,2022-04-26,117.61
GOOGL,2022-04-27,113.29
GOOGL,2022-04-28,117.48
GOOGL,2022-04-29,113.11
GOOGL,2022-05-02,115.56
GOOGL,2022-05-03,116.3
GOOGL,2022-05-04,121.19
GOOGL,2022-05-05,115.48
GOOGL,2022-05-06,114.73
GOOGL,2022-05-09,111.52
GOOGL,2022-05-10,113.39
GOOGL,2022-05-11,112.6
GOOGL,2022-05-12,111.85
GOOGL,2022-05-13,115.03
GOOGL,2022-05-16,113.44
GOOGL,2022-05-17,115.45
GOOGL,2022-05-18,110.92
GOOGL,2022-05-19,109.41
GOOGL,2022-05-20,107.95
GOOGL,2022-05-23,110.51
GOOGL,2022-05-24,105.04
GOOGL,2022-05-25,104.88
GOOGL,2022-05-26,106.85
GOOGL,2022-05-27,111.33
GOOGL,2022-05-31,112.76
GOOGL,2022-06-01,112.89
GOOGL,2022-06-02,116.59
GOOGL,2022-06-03,113.53
GOOGL,2022-06-06,115.79
GOOGL,2022-06-07,116.12
GOOGL,2022-06-08,116.16
GOOGL,2022-06-09,113.83
GOOGL,2022-06-10,110.18
GOOGL,2022-06-13,105.46
GOOGL,2022-06-14,105.78
GOOGL,2022-06-15,108.8
GOOGL,2022-06-16,105.1
GOOGL,2022-06-17,106.2
GOOGL,2022-06-21,110.56
GOOGL,2022-06-22,110.51
GOOGL,2022-06-23,111.26
GOOGL,2022-06-24,116.94
GOOGL,2022-06-27,114.82
GOOGL,2022-06-28,111.02
GOOGL,2022-06-29,110.72
GOOGL,2022-06-30,108.01
GOOGL,2022-07-01,107.78
GOOGL,2022-07-05,112.27
GOOGL,2022-07-06,113.56
GOOGL,2022-07-07,117.74
GOOGL,2022-07-08,118.3
GOOGL,2022-07-11,114.66
GOOGL,2022-07-12,113.02
GOOGL,2022-07-13,110.37
GOOGL,2022-07-14,109.4
GOOGL,2022-07-15,110.8
GOOGL,2022-07-18,108.07
GOOGL,2022-07-19,112.81
GOOGL,2022-07-20,112.9
GOOGL,2022-07-21,113.34
GOOGL,2022-07-22,106.95
GOOGL,2022-07-25,106.57
GOOGL,2022-07-26,104.1
GOOGL,2022-07-27,112.07
GOOGL,2022-07-28,113.22
GOOGL,2022-07-29,115.3
GOOGL,2022-08-01,113.85
GOOGL,2022-08-02,114.12
GOOGL,2022-08-03,117.04
GOOGL,2022-08-04,117.15
GOOGL,2022-08-05,116.44
GOOGL,2022-08-08,116.27
GOOGL,2022-08-09,115.6
GOOGL,2022-08-10,118.65
GOOGL,2022-08-11,117.8
GOOGL,2022-08-12,120.61
GOOGL,2022-08-15,121.01
GOOGL,2022-08-16,120.63
GOOGL,2022-08-17,118.5
GOOGL,2022-08-18,119.11
GOOGL,2022-08-19,116.18
GOOGL,2022-08-22,113.24
GOOGL,2022-08-23,112.86
GOOGL,2022-08-24,112.69
GOOGL,2022-08-25,115.62
GOOGL,2022-08-26,109.37
GOOGL,2022-08-29,108.46
GOOGL,2022-08-30,107.98
GOOGL,2022-08-31,107.27
GOOGL,2022-09-01,108.78
GOOGL,2022-09-02,106.9
GOOGL,2022-09-06,105.87
GOOGL,2022-09-07,108.49
GOOGL,2022-09-08,107.43
GOOGL,2022-09-09,109.68
GOOGL,2022-09-12,109.89
GOOGL,2022-09-13,103.4
GOOGL,2022-09-14,104.08
GOOGL,2022-09-15,102.01
GOOGL,2022-09-16,101.9
GOOGL,2022-09-19,102.16
GOOGL,2022-09-20,100.25
GOOGL,2022-09-21,98.41
GOOGL,2022-09-22,99.26
GOOGL,2022-09-23,97.87
GOOGL,2022-09-26,97.31
GOOGL,2022-09-27,96.64
GOOGL,2022-09-28,99.17
GOOGL,2022-09-29,96.56
GOOGL,2022-09-30,94.81
GOOGL,2022-10-03,97.77
GOOGL,2022-10-04,100.75
GOOGL,2022-10-05,100.54
GOOGL,2022-10-06,100.53
GOOGL,2022-10-07,97.81
GOOGL,2022-10-10,97.0
GOOGL,2022-10-11,96.33
GOOGL,2022-10-12,96.7
GOOGL,2022-10-13,98.19
GOOGL,2022-10-14,95.71
GOOGL,2022-10-17,99.09
GOOGL,2022-10-18,99.88
GOOGL,2022-10-19,98.75
GOOGL,2022-10-20,99.09
GOOGL,2022-10-21,100.24
GOOGL,2022-10-24,101.62
GOOGL,2022-10-25,103.56
GOOGL,2022-10-26,94.1
GOOGL,2022-10-27,91.41
GOOGL,2022-10-28,95.44
GOOGL,2022-10-31,93.68
GOOGL,2022-11-01,89.67
GOOGL,2022-11-02,86.21
GOOGL,2022-11-03,82.7
GOOGL,2022-11-04,85.82
GOOGL,2022-11-07,87.71
GOOGL,2022-11-08,88.12
GOOGL,2022-11-09,86.55
GOOGL,2022-11-10,93.11
GOOGL,2022-11-11,95.56
GOOGL,2022-11-14,94.86
GOOGL,2022-11-15,97.57
GOOGL,2022-11-16,97.98
GOOGL,2022-11-17,97.5
GOOGL,2022-11-18,96.57
GOOGL,2022-11-21,94.76
GOOGL,2022-11-22,96.2
GOOGL,2022-11-23,97.59
GOOGL,2022-11-25,96.6
GOOGL,2022-11-28,95.21
GOOGL,2022-11-29,94.35
GOOGL,2022-11-30,100.1
GOOGL,2022-12-01,100.1
GOOGL,2022-12-02,99.56
GOOGL,2022-12-05,98.61
GOOGL,2022-12-06,96.13
GOOGL,2022-12-07,94.11
GOOGL,2022-12-08,92.89
GOOGL,2022-12-09,92.01
GOOGL,2022-12-12,92.49
GOOGL,2022-12-13,94.79
GOOGL,2022-12-14,94.23
GOOGL,2022-12-15,90.06
GOOGL,2022-12-16,89.47
GOOGL,2022-12-19,87.66
GOOGL,2022-12-20,88.24
GOOGL,2022-12-21,88.79
GOOGL,2022-12-22,86.99
GOOGL,2022-12-23,88.45
GOOGL,2022-12-27,86.62
GOOGL,2022-12-28,85.26
GOOGL,2022-12-29,87.67
GOOGL,2022-12-30,87.45
GOOGL,2023-01-03,88.34
GOOGL,2023-01-04,87.31
GOOGL,2023-01-05,85.44
GOOGL,2023-01-06,86.57
GOOGL,2023-01-09,87.25
GOOGL,2023-01-10,87.64
GOOGL,2023-01-11,90.72
GOOGL,2023-01-12,90.33
GOOGL,2023-01-13,91.31
GOOGL,2023-01-17,90.49
GOOGL,2023-01-18,90.32
GOOGL,2023-01-19,92.23
GOOGL,2023-01-20,97.16
GOOGL,2023-01-23,98.91
GOOGL,2023-01-24,96.84
GOOGL,2023-01-25,94.38
GOOGL,2023-01-26,96.66
GOOGL,2023-01-27,98.5
GOOGL,2023-01-30,96.09
GOOGL,2023-01-31,97.97
GOOGL,2023-02-01,99.55
GOOGL,2023-02-02,106.79
GOOGL,2023-02-03,103.86
GOOGL,2023-02-06,102.0
GOOGL,2023-02-07,106.69
GOOGL,2023-02-08,98.5
GOOGL,2023-02-09,94.17
GOOGL,2023-02-10,93.74
GOOGL,2023-02-13,93.78
GOOGL,2023-02-14,93.85
GOOGL,2023-02-15,96.09
GOOGL,2023-02-16,94.67
GOOGL,2023-02-17,93.52
GOOGL,2023-02-21,90.98
GOOGL,2023-02-22,90.84
GOOGL,2023-02-23,90.09
GOOGL,2023-02-24,88.35
GOOGL,2023-02-27,89.08
GOOGL,2023-02-28,89.27
GOOGL,2023-03-01,89.57
GOOGL,2023-03-02,91.19
GOOGL,2023-03-03,92.83
GOOGL,2023-03-06,94.29
GOOGL,2023-03-07,93.04
GOOGL,2023-03-08,93.42
GOOGL,2023-03-09,91.51
GOOGL,2023-03-10,89.83
GOOGL,2023-03-13,90.31
GOOGL,2023-03-14,93.14
GOOGL,2023-03-15,95.27
GOOGL,2023-03-16,99.44
GOOGL,2023-03-17,100.73
GOOGL,2023-03-20,100.33
GOOGL,2023-03-21,104.0
GOOGL,2023-03-22,102.46
GOOGL,2023-03-23,104.67
GOOGL,2023-03-24,104.51
GOOGL,2023-03-27,101.56
GOOGL,2023-03-28,100.14
GOOGL,2023-03-29,100.5
GOOGL,2023-03-30,100.0
GOOGL,2023-03-31,102.82
GOOGL,2023-04-03,103.44
GOOGL,2023-04-04,103.8
GOOGL,2023-04-05,103.55
GOOGL,2023-04-06,107.47
GOOGL,2023-04-10,105.5
GOOGL,2023-04-11,104.42
GOOGL,2023-04-12,103.72
GOOGL,2023-04-13,106.49
GOOGL,2023-04-14,107.91
GOOGL,2023-04-17,105.04
GOOGL,2023-04-18,103.58
GOOGL,2023-04-19,103.26
GOOGL,2023-04-20,104.36
GOOGL,2023-04-21,104.48
GOOGL,2023-04-24,105.04
GOOGL,2023-04-25,102.94
GOOGL,2023-04-26,102.8
GOOGL,2023-04-27,106.64
GOOGL,2023-04-28,106.4
GOOGL,2023-05-01,106.26
GOOGL,2023-05-02,104.39
GOOGL,2023-05-03,104.48
GOOGL,2023-05-04,103.77
GOOGL,2023-05-05,104.64
GOOGL,2023-05-08,106.82
GOOGL,2023-05-09,106.41
GOOGL,2023-05-10,110.77
GOOGL,2023-05-11,115.55
GOOGL,2023-05-12,116.48
GOOGL,2023-05-15,115.49
GOOGL,2023-05-16,118.46
GOOGL,2023-05-17,119.78
GOOGL,2023-05-18,121.75
GOOGL,2023-05-19,121.68
GOOGL,2023-05-22,123.95
GOOGL,2023-05-23,121.48
GOOGL,2023-05-24,119.84
GOOGL,2023-05-25,122.39
GOOGL,2023-05-26,123.51
GOOGL,2023-05-30,122.58
GOOGL,2023-05-31,121.79
GOOGL,2023-06-01,122.63
GOOGL,2023-06-02,123.57
GOOGL,2023-06-05,124.9
GOOGL,2023-06-06,126.19
GOOGL,2023-06-07,121.42
GOOGL,2023-06-08,121.07
GOOGL,2023-06-09,121.16
GOOGL,2023-06-12,122.55
GOOGL,2023-06-13,122.74
GOOGL,2023-06-14,122.58
GOOGL,2023-06-15,123.99
GOOGL,2023-06-16,122.44
GOOGL,2023-06-20,122.02
GOOGL,2023-06-21,119.49
GOOGL,2023-06-22,122.07
GOOGL,2023-06-23,121.26
GOOGL,2023-06-26,117.3
GOOGL,2023-06-27,117.29
GOOGL,2023-06-28,119.12
GOOGL,2023-06-29,118.05
GOOGL,2023-06-30,118.65
GOOGL,2023-07-03,118.85
GOOGL,2023-07-05,120.68
GOOGL,2023-07-06,119.05
GOOGL,2023-07-07,118.43
GOOGL,2023-07-10,115.43
GOOGL,2023-07-11,116.11
GOOGL,2023-07-12,117.88
GOOGL,2023-07-13,123.45
GOOGL,2023-07-14,124.32
GOOGL,2023-07-17,123.55
GOOGL,2023-07-18,122.67
GOOGL,2023-07-19,120.96
GOOGL,2023-07-20,118.15
GOOGL,2023-07-21,118.97
GOOGL,2023-07-24,120.46
GOOGL,2023-07-25,121.14
GOOGL,2023-07-26,128.13
GOOGL,2023-07-27,128.26
GOOGL,2023-07-28,131.41
GOOGL,2023-07-31,131.55
GOOGL,2023-08-01,130.39
GOOGL,2023-08-02,127.25
GOOGL,2023-08-03,127.32
GOOGL,2023-08-04,126.98
GOOGL,2023-08-07,130.37
GOOGL,2023-08-08,130.25
GOOGL,2023-08-09,128.52
GOOGL,2023-08-10,128.55
GOOGL,2023-08-11,128.42
GOOGL,2023-08-14,130.18
GOOGL,2023-08-15,128.64
GOOGL,2023-08-16,127.57
GOOGL,2023-08-17,128.78
GOOGL,2023-08-18,126.34
GOOGL,2023-08-21,127.24
GOOGL,2023-08-22,127.95
GOOGL,2023-08-23,131.21
GOOGL,2023-08-24,128.64
GOOGL,2023-08-25,128.74
GOOGL,2023-08-28,129.86
GOOGL,2023-08-29,133.39
GOOGL,2023-08-30,134.69
GOOGL,2023-08-31,134.97
GOOGL,2023-09-01,134.47
GOOGL,2023-09-05,134.58
GOOGL,2023-09-06,133.28
GOOGL,2023-09-07,134.07
GOOGL,2023-09-08,135.18
GOOGL,2023-09-11,135.72
GOOGL,2023-09-12,134.15
GOOGL,2023-09-13,135.51
GOOGL,2023-09-14,136.89
GOOGL,2023-09-15,136.19
GOOGL,2023-09-18,137.0
GOOGL,2023-09-19,136.83
GOOGL,2023-09-20,132.56
GOOGL,2023-09-21,129.29
GOOGL,2023-09-22,129.11
GOOGL,2023-09-25,129.96
GOOGL,2023-09-26,127.44
GOOGL,2023-09-27,129.39
GOOGL,2023-09-28,131.15
GOOGL,2023-09-29,129.71
GOOGL,2023-10-02,132.99
GOOGL,2023-10-03,131.27
GOOGL,2023-10-04,134.05
GOOGL,2023-10-05,133.88
GOOGL,2023-10-06,136.37
GOOGL,2023-10-09,137.2
GOOGL,2023-10-10,136.85
GOOGL,2023-10-11,139.31
GOOGL,2023-10-12,137.75
GOOGL,2023-10-13,136.15
GOOGL,2023-10-16,137.88
GOOGL,2023-10-17,138.49
GOOGL,2023-10-18,136.75
GOOGL,2023-10-19,136.54
GOOGL,2023-10-20,134.41
GOOGL,2023-10-23,135.3
GOOGL,2023-10-24,137.59
GOOGL,2023-10-25,124.51
GOOGL,2023-10-26,121.21
GOOGL,2023-10-27,121.1
GOOGL,2023-10-30,123.37
GOOGL,2023-10-31,122.99
GOOGL,2023-11-01,125.34
GOOGL,2023-11-02,126.37
GOOGL,2023-11-03,127.97
GOOGL,2023-11-06,129.11
GOOGL,2023-11-07,129.82
GOOGL,2023-11-08,130.68
GOOGL,2023-11-09,129.1
GOOGL,2023-11-10,131.42
GOOGL,2023-11-13,130.93
GOOGL,2023-11-14,132.45
GOOGL,2023-11-15,133.44
GOOGL,2023-11-16,135.73
GOOGL,2023-11-17,134.12
GOOGL,2023-11-20,135.05
GOOGL,2023-11-21,135.77
GOOGL,2023-11-22,137.27
GOOGL,2023-11-24,135.49
GOOGL,2023-11-27,135.21
GOOGL,2023-11-28,135.99
GOOGL,2023-11-29,133.8
GOOGL,2023-11-30,131.37
GOOGL,2023-12-01,130.7
GOOGL,2023-12-04,128.13
GOOGL,2023-12-05,129.84
GOOGL,2023-12-06,128.88
GOOGL,2023-12-07,135.73
GOOGL,2023-12-08,133.8
GOOGL,2023-12-11,132.12
GOOGL,2023-12-12,131.36
GOOGL,2023-12-13,131.4
GOOGL,2023-12-14,130.78
GOOGL,2023-12-15,131.43
GOOGL,2023-12-18,134.61
GOOGL,2023-12-19,135.45
GOOGL,2023-12-20,137.12
GOOGL,2023-12-21,139.19
GOOGL,2023-12-22,140.25
GOOGL,2023-12-26,140.28
GOOGL,2023-12-27,139.14
GOOGL,2023-12-28,139.0
GOOGL,2023-12-29,138.46
GOOGL,2024-01-02,136.96
GOOGL,2024-01-03,137.7
GOOGL,2024-01-04,135.19
GOOGL,2024-01-05,134.54
GOOGL,2024-01-08,137.62
GOOGL,2024-01-09,139.71
GOOGL,2024-01-10,141.03
GOOGL,2024-01-11,140.83
GOOGL,2024-01-12,141.4
GOOGL,2024-01-16,141.24
GOOGL,2024-01-17,140.23
GOOGL,2024-01-18,142.22
GOOGL,2024-01-19,145.09
GOOGL,2024-01-22,144.71
GOOGL,2024-01-23,145.75
GOOGL,2024-01-24,147.39
GOOGL,2024-01-25,150.54
GOOGL,2024-01-26,150.85
GOOGL,2024-01-29,152.16
GOOGL,2024-01-30,150.13
GOOGL,2024-01-31,138.87
GOOGL,2024-02-01,139.92
GOOGL,2024-02-02,141.13
GOOGL,2024-02-05,142.42
GOOGL,2024-02-06,142.83
GOOGL,2024-02-07,144.26
GOOGL,2024-02-08,144.63
GOOGL,2024-02-09,147.69
GOOGL,2024-02-12,146.23
GOOGL,2024-02-13,143.86
GOOGL,2024-02-14,144.66
GOOGL,2024-02-15,141.52
GOOGL,2024-02-16,139.28
GOOGL,2024-02-20,139.88
GOOGL,2024-02-21,141.3
GOOGL,2024-02-22,142.82
GOOGL,2024-02-23,142.69
GOOGL,2024-02-26,136.36
GOOGL,2024-02-27,137.66
GOOGL,2024-02-28,135.18
GOOGL,2024-02-29,137.24
GOOGL,2024-03-01,135.93
GOOGL,2024-03-04,132.18
GOOGL,2024-03-05,131.5
GOOGL,2024-03-06,130.25
GOOGL,2024-03-07,133.2
GOOGL,2024-03-08,134.22
GOOGL,2024-03-11,136.46
GOOGL,2024-03-12,137.28
GOOGL,2024-03-13,138.56
GOOGL,2024-03-14,141.84
GOOGL,2024-03-15,139.94
GOOGL,2024-03-18,146.38
GOOGL,2024-03-19,145.74
GOOGL,2024-03-20,147.43
GOOGL,2024-03-21,146.3
GOOGL,2024-03-22,149.44
GOOGL,2024-03-25,148.75
GOOGL,2024-03-26,149.35
GOOGL,2024-03-27,149.54
GOOGL,2024-03-28,149.6
GOOGL,2024-04-01,154.12
GOOGL,2024-04-02,153.2
GOOGL,2024-04-03,153.56
GOOGL,2024-04-04,149.21
GOOGL,2024-04-05,151.16
GOOGL,2024-04-08,153.49
GOOGL,2024-04-09,155.22
GOOGL,2024-04-10,154.77
GOOGL,2024-04-11,158.01
GOOGL,2024-04-12,156.34
GOOGL,2024-04-15,153.5
GOOGL,2024-04-16,153.04
GOOGL,2024-04-17,154.1
GOOGL,2024-04-18,154.64
GOOGL,2024-04-19,152.74
GOOGL,2024-04-22,154.91
GOOGL,2024-04-23,156.87
GOOGL,2024-04-24,157.73
GOOGL,2024-04-25,154.63
GOOGL,2024-04-26,170.44
GOOGL,2024-04-29,164.69
GOOGL,2024-04-30,161.35
GOOGL,2024-05-01,162.42
GOOGL,2024-05-02,165.16
GOOGL,2024-05-03,165.77
GOOGL,2024-05-06,166.62
GOOGL,2024-05-07,169.74
GOOGL,2024-05-08,167.89
GOOGL,2024-05-09,168.47
GOOGL,2024-05-10,167.17
GOOGL,2024-05-13,167.65
GOOGL,2024-05-14,168.84
GOOGL,2024-05-15,170.99
GOOGL,2024-05-16,172.65
GOOGL,2024-05-17,174.51
GOOGL,2024-05-20,175.37
GOOGL,2024-05-21,176.29
GOOGL,2024-05-22,174.83
GOOGL,2024-05-23,172.02
GOOGL,2024-05-24,173.45
GOOGL,2024-05-28,174.85
GOOGL,2024-05-29,174.35
GOOGL,2024-05-30,170.6
GOOGL,2024-05-31,170.98
GOOGL,2024-06-03,171.65
GOOGL,2024-06-04,172.26
GOOGL,2024-06-05,173.87
GOOGL,2024-06-06,175.18
GOOGL,2024-06-07,172.93
GOOGL,2024-06-10,173.67
GOOGL,2024-06-11,175.27
GOOGL,2024-06-12,176.43
GOOGL,2024-06-13,173.82
GOOGL,2024-06-14,175.44
GOOGL,2024-06-17,175.88
GOOGL,2024-06-18,173.75
GOOGL,2024-06-20,174.95
GOOGL,2024-06-21,178.26
GOOGL,2024-06-24,177.85
GOOGL,2024-06-25,182.62
GOOGL,2024-06-26,182.47
GOOGL,2024-06-27,183.99
GOOGL,2024-06-28,180.76
GOOGL,2024-07-01,181.59
GOOGL,2024-07-02,183.82
GOOGL,2024-07-03,184.4
GOOGL,2024-07-05,189.14
GOOGL,2024-07-08,187.58
GOOGL,2024-07-09,187.53
GOOGL,2024-07-10,189.72
GOOGL,2024-07-11,184.15
GOOGL,2024-07-12,183.65
GOOGL,2024-07-15,185.1
GOOGL,2024-07-16,182.51
GOOGL,2024-07-17,179.63
GOOGL,2024-07-18,176.33
GOOGL,2024-07-19,176.3
GOOGL,2024-07-22,180.28
GOOGL,2024-07-23,180.4
GOOGL,2024-07-24,171.31
GOOGL,2024-07-25,166.0
GOOGL,2024-07-26,165.72
GOOGL,2024-07-29,168.23
GOOGL,2024-07-30,168.99
GOOGL,2024-07-31,170.23
GOOGL,2024-08-01,169.45
GOOGL,2024-08-02,165.38
GOOGL,2024-08-05,158.03
GOOGL,2024-08-06,157.08
GOOGL,2024-08-07,157.72
GOOGL,2024-08-08,160.79
GOOGL,2024-08-09,162.42
GOOGL,2024-08-12,161.05
GOOGL,2024-08-13,162.9
GOOGL,2024-08-14,159.14
GOOGL,2024-08-15,160.07
GOOGL,2024-08-16,161.71
GOOGL,2024-08-19,165.39
GOOGL,2024-08-20,165.9
GOOGL,2024-08-21,164.58
GOOGL,2024-08-22,162.55
GOOGL,2024-08-23,164.35
GOOGL,2024-08-26,164.89
GOOGL,2024-08-27,163.42
GOOGL,2024-08-28,161.6
GOOGL,2024-08-29,160.54
GOOGL,2024-08-30,162.13
GOOGL,2024-09-03,156.16
GOOGL,2024-09-04,155.25
GOOGL,2024-09-05,156.04
GOOGL,2024-09-06,149.77
GOOGL,2024-09-09,147.77
GOOGL,2024-09-10,147.72
GOOGL,2024-09-11,150.2
GOOGL,2024-09-12,153.71
GOOGL,2024-09-13,156.46
GOOGL,2024-09-16,157.06
GOOGL,2024-09-17,158.31
GOOGL,2024-09-18,158.8
GOOGL,2024-09-19,161.11
GOOGL,2024-09-20,162.55
GOOGL,2024-09-23,160.82
GOOGL,2024-09-24,161.26
GOOGL,2024-09-25,160.47
GOOGL,2024-09-26,161.7
GOOGL,2024-09-27,162.91
GOOGL,2024-09-30,164.8
GOOGL,2024-10-01,165.93
GOOGL,2024-10-02,164.81
GOOGL,2024-10-03,164.81
GOOGL,2024-10-04,166.0
GOOGL,2024-10-07,161.95
GOOGL,2024-10-08,163.34
GOOGL,2024-10-09,160.83
GOOGL,2024-10-10,161.05
GOOGL,2024-10-11,162.21
GOOGL,2024-10-14,163.91
GOOGL,2024-10-15,164.41
GOOGL,2024-10-16,164.11
GOOGL,2024-10-17,161.9
GOOGL,2024-10-18,162.38
GOOGL,2024-10-21,163.03
GOOGL,2024-10-22,164.09
GOOGL,2024-10-23,161.75
GOOGL,2024-10-24,161.69
GOOGL,2024-10-25,164.22
GOOGL,2024-10-28,165.66
GOOGL,2024-10-29,168.61
GOOGL,2024-10-30,173.35
GOOGL,2024-10-31,170.03
GOOGL,2024-11-01,170.2
GOOGL,2024-11-04,168.17
GOOGL,2024-11-05,168.66
GOOGL,2024-11-06,175.39
GOOGL,2024-11-07,179.6
GOOGL,2024-11-08,177.22
GOOGL,2024-11-11,179.21
GOOGL,2024-11-12,180.47
GOOGL,2024-11-13,177.75
GOOGL,2024-11-14,174.47
GOOGL,2024-11-15,171.4
GOOGL,2024-11-18,174.19
GOOGL,2024-11-19,176.99
GOOGL,2024-11-20,174.87
GOOGL,2024-11-21,166.57
GOOGL,2024-11-22,163.72
GOOGL,2024-11-25,166.59
GOOGL,2024-11-26,168.05
GOOGL,2024-11-27,168.16
GOOGL,2024-11-29,167.88
GOOGL,2024-12-02,170.4
GOOGL,2024-12-03,170.25
GOOGL,2024-12-04,173.27
GOOGL,2024-12-05,171.55
GOOGL,2024-12-06,173.6
GOOGL,2024-12-09,174.46
GOOGL,2024-12-10,184.21
GOOGL,2024-12-11,194.38
GOOGL,2024-12-12,190.96
GOOGL,2024-12-13,188.83
GOOGL,2024-12-16,195.64
GOOGL,2024-12-17,194.4
GOOGL,2024-12-18,187.42
GOOGL,2024-12-19,187.53
GOOGL,2024-12-20,190.42
GOOGL,2024-12-23,193.62
GOOGL,2024-12-24,195.09
GOOGL,2024-12-26,194.58
GOOGL,2024-12-27,191.76
GOOGL,2024-12-30,190.25
GOOGL,2024-12-31,188.32
GOOGL,2025-01-02,188.45
GOOGL,2025-01-03,190.79
GOOGL,2025-01-06,195.85
GOOGL,2025-01-07,194.47
GOOGL,2025-01-08,192.94
GOOGL,2025-01-10,191.04
GOOGL,2025-01-13,190.02
GOOGL,2025-01-14,188.67
GOOGL,2025-01-15,194.53
GOOGL,2025-01-16,191.91
GOOGL,2025-01-17,194.98
GOOGL,2025-01-21,197.02
GOOGL,2025-01-22,197.34
GOOGL,2025-01-23,196.95
GOOGL,2025-01-24,199.17
GOOGL,2025-01-27,190.81
GOOGL,2025-01-28,194.29
GOOGL,2025-01-29,194.39
GOOGL,2025-01-30,199.83
GOOGL,2025-01-31,202.96
GOOGL,2025-02-03,200.18
GOOGL,2025-02-04,205.31
GOOGL,2025-02-05,190.34
GOOGL,2025-02-06,190.6
GOOGL,2025-02-07,184.38
GOOGL,2025-02-10,185.5
GOOGL,2025-02-11,184.36
GOOGL,2025-02-12,182.66
GOOGL,2025-02-13,185.17
GOOGL,2025-02-14,184.27
GOOGL,2025-02-18,182.82
GOOGL,2025-02-19,184.31
GOOGL,2025-02-20,183.6
GOOGL,2025-02-21,178.73
GOOGL,2025-02-24,178.32
GOOGL,2025-02-25,174.51
GOOGL,2025-02-26,171.83
GOOGL,2025-02-27,167.62
GOOGL,2025-02-28,169.4
GOOGL,2025-03-03,166.14
GOOGL,2025-03-04,170.03
GOOGL,2025-03-05,172.12
GOOGL,2025-03-06,171.45
GOOGL,2025-03-07,172.96
GOOGL,2025-03-10,165.2
GOOGL,2025-03-11,163.38
GOOGL,2025-03-12,166.43
GOOGL,2025-03-13,162.1
GOOGL,2025-03-14,164.82
GOOGL,2025-03-17,163.62
GOOGL,2025-03-18,160.02
GOOGL,2025-03-19,163.23
GOOGL,2025-03-20,162.14
GOOGL,2025-03-21,163.33
GOOGL,2025-03-24,167.0
GOOGL,2025-03-25,169.87
GOOGL,2025-03-26,164.39
GOOGL,2025-03-27,161.58
GOOGL,2025-03-28,153.7
GOOGL,2025-03-31,154.01
GOOGL,2025-04-01,156.43
GOOGL,2025-04-02,156.4
GOOGL,2025-04-03,150.11
GOOGL,2025-04-04,145.01
GOOGL,2025-04-07,146.16
GOOGL,2025-04-08,144.11
GOOGL,2025-04-09,158.07
GOOGL,2025-04-10,152.2
GOOGL,2025-04-11,156.5
GOOGL,2025-04-14,158.43
GOOGL,2025-04-15,155.68
GOOGL,2025-04-16,152.71
GOOGL,2025-04-17,150.55
GOOGL,2025-04-21,147.07
GOOGL,2025-04-22,150.86
GOOGL,2025-04-23,154.72
GOOGL,2025-04-24,158.63
GOOGL,2025-04-25,161.3
GOOGL,2025-04-28,159.96
GOOGL,2025-04-29,159.51
GOOGL,2025-04-30,158.16
GOOGL,2025-05-01,160.65
GOOGL,2025-05-02,163.37
GOOGL,2025-05-05,163.54
GOOGL,2025-05-06,162.57
GOOGL,2025-05-07,150.77
GOOGL,2025-05-08,153.66
GOOGL,2025-05-09,152.13
GOOGL,2025-05-12,157.82
GOOGL,2025-05-13,158.88
GOOGL,2025-05-14,164.7
GOOGL,2025-05-15,163.3
GOOGL,2025-05-16,165.52
GOOGL,2025-05-19,165.87
GOOGL,2025-05-20,163.32
GOOGL,2025-05-21,167.88
GOOGL,2025-05-22,170.18
GOOGL,2025-05-23,167.79
GOOGL,2025-05-27,172.2
GOOGL,2025-05-28,171.66
GOOGL,2025-05-29,171.16
GOOGL,2025-05-30,171.04
GOOGL,2025-06-02,168.35
GOOGL,2025-06-03,165.51
GOOGL,2025-06-04,167.37
GOOGL,2025-06-05,167.53
GOOGL,2025-06-06,172.98
GOOGL,2025-06-09,175.59
GOOGL,2025-06-10,178.09
GOOGL,2025-06-11,176.85
GOOGL,2025-06-12,175.2
GOOGL,2025-06-13,174.17
GOOGL,2025-06-16,176.27
GOOGL,2025-06-17,175.45
GOOGL,2025-06-18,172.83
GOOGL,2025-06-20,166.17
GOOGL,2025-06-23,164.72
GOOGL,2025-06-24,166.3
GOOGL,2025-06-25,170.19
GOOGL,2025-06-26,173.05
GOOGL,2025-06-27,178.02
GOOGL,2025-06-30,175.73
GOOGL,2025-07-01,175.34
GOOGL,2025-07-02,178.13
GOOGL,2025-07-03,179.02
GOOGL,2025-07-07,176.29
GOOGL,2025-07-08,173.86
GOOGL,2025-07-09,176.12
GOOGL,2025-07-10,177.11
GOOGL,2025-07-11,179.68
GOOGL,2025-07-14,181.04
GOOGL,2025-07-15,181.48
GOOGL,2025-07-16,182.45
GOOGL,2025-07-17,183.06
GOOGL,2025-07-18,184.53
GOOGL,2025-07-21,189.56
GOOGL,2025-07-22,190.8
GOOGL,2025-07-23,189.69
GOOGL,2025-07-24,191.62
GOOGL,2025-07-25,192.63
GOOGL,2025-07-28,192.03
GOOGL,2025-07-29,195.19
GOOGL,2025-07-30,195.97
GOOGL,2025-07-31,191.35
GOOGL,2025-08-01,188.59
GOOGL,2025-08-04,194.49
GOOGL,2025-08-05,194.12
GOOGL,2025-08-06,195.53
GOOGL,2025-08-07,195.96
GOOGL,2025-08-08,200.85
GOOGL,2025-08-11,200.43
GOOGL,2025-08-12,202.76
GOOGL,2025-08-13,201.39
GOOGL,2025-08-14,202.36
GOOGL,2025-08-15,203.32
GOOGL,2025-08-18,202.92
GOOGL,2025-08-19,201.0
GOOGL,2025-08-20,198.75
GOOGL,2025-08-21,199.18
GOOGL,2025-08-22,205.5
GOOGL,2025-08-25,207.9
GOOGL,2025-08-26,206.55
GOOGL,2025-08-27,206.89
GOOGL,2025-08-28,211.04
GOOGL,2025-08-29,212.3
GOOGL,2025-09-02,210.75
GOOGL,2025-09-03,230.0
GOOGL,2025-09-04,231.64
GOOGL,2025-09-05,234.33
GOOGL,2025-09-08,233.58
GOOGL,2025-09-09,239.16
GOOGL,2025-09-10,238.7
GOOGL,2025-09-11,239.9
GOOGL,2025-09-12,240.33
GOOGL,2025-09-15,251.12
GOOGL,2025-09-16,250.67
GOOGL,2025-09-17,249.04
GOOGL,2025-09-18,251.54
GOOGL,2025-09-19,254.22
GOOGL,2025-09-22,252.04
GOOGL,2025-09-23,251.17
GOOGL,2025-09-24,246.66
GOOGL,2025-09-25,245.31
GOOGL,2025-09-26,246.06
GOOGL,2025-09-29,243.57
GOOGL,2025-09-30,242.63
GOOGL,2025-10-01,244.42
GOOGL,2025-10-02,245.21
GOOGL,2025-10-03,244.87
GOOGL,2025-10-06,249.94
GOOGL,2025-10-07,245.28
GOOGL,2025-10-08,244.14
GOOGL,2025-10-09,241.06
GOOGL,2025-10-10,236.11
GOOGL,2025-10-13,243.67
GOOGL,2025-10-14,244.97
GOOGL,2025-10-15,250.54
GOOGL,2025-10-16,250.97
GOOGL,2025-10-17,252.81
GOOGL,2025-10-20,256.05
GOOGL,2025-10-21,249.97
GOOGL,2025-10-22,251.2
GOOGL,2025-10-23,252.59
GOOGL,2025-10-24,259.41
GOOGL,2025-10-27,268.74
GOOGL,2025-10-28,266.95
GOOGL,2025-10-29,274.03
GOOGL,2025-10-30,280.93
GOOGL,2025-10-31,280.64
GOOGL,2025-11-03,283.17
GOOGL,2025-11-04,277.0
GOOGL,2025-11-05,283.75
GOOGL,2025-11-06,284.19
GOOGL,2025-11-07,278.29
GOOGL,2025-11-10,289.53
GOOGL,2025-11-11,290.74
GOOGL,2025-11-12,286.15
GOOGL,2025-11-13,278.03
GOOGL,2025-11-14,275.87
GOOGL,2025-11-17,284.46
GOOGL,2025-11-18,283.72
GOOGL,2025-11-19,292.24
GOOGL,2025-11-20,288.88
GOOGL,2025-11-21,299.07
GOOGL,2025-11-24,317.96
GOOGL,2025-11-25,322.81
GOOGL,2025-11-26,319.33
GOOGL,2025-11-28,319.55
GOOGL,2025-12-01,314.28
GOOGL,2025-12-02,315.19
GOOGL,2025-12-03,319.01
GOOGL,2025-12-04,317.0
GOOGL,2025-12-05,320.64
GOOGL,2025-12-08,313.31
GOOGL,2025-12-09,316.67
GOOGL,2025-12-10,319.79
GOOGL,2025-12-11,312.02
GOOGL,2025-12-12,308.89
GOOGL,2025-12-15,307.82
GOOGL,2025-12-16,306.17
GOOGL,2025-12-17,296.33
GOOGL,2025-12-18,302.07
GOOGL,2025-12-19,306.76
GOOGL,2025-12-22,309.38
GOOGL,2025-12-23,313.94
GOOGL,2025-12-24,313.68
GOOGL,2025-12-26,313.1
GOOGL,2025-12-29,313.15
GOOGL,2025-12-30,313.44
GOOGL,2025-12-31,312.59
GOOGL,2026-01-02,314.74
GOOGL,2026-01-05,316.13
GOOGL,2026-01-06,313.93
GOOGL,2026-01-07,321.56
GOOGL,2026-01-08,325.02
GOOGL,2026-01-09,328.14
GOOGL,2026-01-12,331.43
GOOGL,2026-01-13,335.53
GOOGL,2026-01-14,335.4
GOOGL,2026-01-15,332.35
GOOGL,2026-01-16,329.57
GOOGL,2026-01-20,321.58
GOOGL,2026-01-21,327.95
GOOGL,2026-01-22,330.11
GOOGL,2026-01-23,327.5
GOOGL,2026-01-26,332.83
GOOGL,2026-01-27,334.12
GOOGL,2026-01-28,335.57
GOOGL,2026-01-29,337.81
GOOGL,2026-01-30,337.56
GOOGL,2026-02-02,343.24
GOOGL,2026-02-03,339.27
GOOGL,2026-02-04,332.61
GOOGL,2026-02-05,330.82
GOOGL,2026-02-06,322.44
GOOGL,2026-02-09,323.9
GOOGL,2026-02-10,318.17
GOOGL,2026-02-11,310.56
GOOGL,2026-02-12,308.6
GOOGL,2026-02-13,305.32
GOOGL,2026-02-17,301.63
GOOGL,2026-02-18,302.94
GOOGL,2026-02-19,302.46
GOOGL,2026-02-20,314.57
GOOGL,2026-02-23,311.09
GOOGL,2026-02-24,310.5
GOOGL,2026-02-25,312.49
GOOGL,2026-02-26,306.98
GOOGL,2026-02-27,311.35
GOOGL,2026-03-02,306.12
GOOGL,2026-03-03,303.19
GOOGL,2026-03-04,302.74
GOOGL,2026-03-05,300.49
GOOGL,2026-03-06,298.13
GOOGL,2026-03-09,306.18
GOOGL,2026-03-10,306.86
GOOGL,2026-03-11,308.52
GOOGL,2026-03-12,303.37
GOOGL,2026-03-13,302.1
GOOGL,2026-03-16,305.38
GOOGL,2026-03-17,310.73
GOOGL,2026-03-18,307.51
GOOGL,2026-03-19,306.95
GOOGL,2026-03-20,300.82
GOOGL,2026-03-23,301.88
GOOGL,2026-03-24,290.27
GOOGL,2026-03-25,290.76
GOOGL,2026-03-26,280.75
GOOGL,2026-03-27,274.18
GOOGL,2026-03-30,273.34
GOOGL,2026-03-31,287.39
GOOGL,2026-04-01,297.21
GOOGL,2026-04-02,295.59
GOOGL,2026-04-06,299.81
GOOGL,2026-04-07,305.28
GOOGL,2026-04-08,317.13
GOOGL,2026-04-09,318.3
GOOGL,2026-04-10,317.05
GOOGL,2026-04-13,321.12
GOOGL,2026-04-14,332.71
GOOGL,2026-04-15,336.92
GOOGL,2026-04-16,335.82
GOOGL,2026-04-17,341.48
GOOGL,2026-04-20,337.22
GOOGL,2026-04-21,332.09
GOOGL,2026-04-22,339.12
GOOGL,2026-04-23,338.69
GOOGL,2026-04-24,344.19
GOOGL,2026-04-27,350.13
GOOGL,2026-04-28,349.57
GOOGL,2026-04-29,349.73
GOOGL,2026-04-30,384.57
GOOGL,2026-05-01,385.46
GOOGL,2026-05-04,383.02
GOOGL,2026-05-05,388.2
GOOGL,2026-05-06,397.8
GOOGL,2026-05-07,397.75
GOOGL,2026-05-08,400.56
GOOGL,2026-05-11,388.41
GOOGL,2026-05-12,387.12
GOOGL,2026-05-13,402.38
GOOGL,2026-05-14,400.83
GOOGL,2026-05-15,396.54
GOOGL,2026-05-18,396.7
GOOGL,2026-05-19,387.43
GOOGL,2026-05-20,388.68
GOOGL,2026-05-21,387.43
GOOGL,2026-05-22,382.74
GOOGL,2026-05-26,388.65
GOOGL,2026-05-27,388.6
GOOGL,2026-05-28,389.9
GOOGL,2026-05-29,380.11
GOOGL,2026-06-01,376.15
GOOGL,2026-06-02,361.63
GOOGL,2026-06-03,358.78
GOOGL,2026-06-04,371.97
GOOGL,2026-06-05,368.31
GOOGL,2026-06-08,363.31
GOOGL,2026-06-09,364.26
GOOGL,2026-06-10,356.38
GOOGL,2026-06-11,357.77
GOOGL,2026-06-12,359.68
GOOGL,2026-06-15,369.35
GOOGL,2026-06-16,373.25
GOOGL,2026-06-17,363.79
GOOGL,2026-06-18,368.03
GOOGL,2026-06-22,349.68
GOOGL,2026-06-23,346.13
GOOGL,2026-06-24,345.29
GOOGL,2026-06-25,343.71
GOOGL,2026-06-26,337.39
GOOGL,2026-06-29,353.65
GOOGL,2026-06-30,357.37
GOOGL,2026-07-01,361.21
GOOGL,2026-07-02,359.91
GOOGL,2026-07-06,366.46
GOOGL,2026-07-07,367.03
GOOGL,2026-07-08,361.92
GOOGL,2026-07-09,358.89
GOOGL,2026-07-10,357.18
GOOGL,2026-07-13,352.51
GOOGL,2026-07-14,359.51
GOOGL,2026-07-15,370.92
GOOGL,2026-07-16,354.46
GOOGL,2026-07-17,346.77
GOOGL,2026-07-20,351.99
GOOGL,2026-07-21,347.15
GOOGL,2026-07-22,342.09
GOOGL,2026-07-23,317.69
GOOGL,2026-07-24,319.74
GOOGL,2026-07-27,326.56
AMZN,2022-01-03,170.4
AMZN,2022-01-04,167.52
AMZN,2022-01-05,164.36
AMZN,2022-01-06,163.25
AMZN,2022-01-07,162.55
AMZN,2022-01-10,161.49
AMZN,2022-01-11,165.36
AMZN,2022-01-12,165.21
AMZN,2022-01-13,161.21
AMZN,2022-01-14,162.14
AMZN,2022-01-18,158.92
AMZN,2022-01-19,156.3
AMZN,2022-01-20,151.67
AMZN,2022-01-21,142.64
AMZN,2022-01-24,144.54
AMZN,2022-01-25,139.99
AMZN,2022-01-26,138.87
AMZN,2022-01-27,139.64
AMZN,2022-01-28,143.98
AMZN,2022-01-31,149.57
AMZN,2022-02-01,151.19
AMZN,2022-02-02,150.61
AMZN,2022-02-03,138.85
AMZN,2022-02-04,157.64
AMZN,2022-02-07,157.94
AMZN,2022-02-08,161.41
AMZN,2022-02-09,161.19
AMZN,2022-02-10,159.0
AMZN,2022-02-11,153.29
AMZN,2022-02-14,155.17
AMZN,2022-02-15,156.51
AMZN,2022-02-16,158.1
AMZN,2022-02-17,154.65
AMZN,2022-02-18,152.6
AMZN,2022-02-22,150.2
AMZN,2022-02-23,144.83
AMZN,2022-02-24,151.36
AMZN,2022-02-25,153.79
AMZN,2022-02-28,153.56
AMZN,2022-03-01,151.14
AMZN,2022-03-02,152.05
AMZN,2022-03-03,147.9
AMZN,2022-03-04,145.64
AMZN,2022-03-07,137.45
AMZN,2022-03-08,136.01
AMZN,2022-03-09,139.28
AMZN,2022-03-10,146.82
AMZN,2022-03-11,145.52
AMZN,2022-03-14,141.85
AMZN,2022-03-15,147.37
AMZN,2022-03-16,153.1
AMZN,2022-03-17,157.24
AMZN,2022-03-18,161.25
AMZN,2022-03-21,161.49
AMZN,2022-03-22,164.89
AMZN,2022-03-23,163.41
AMZN,2022-03-24,163.65
AMZN,2022-03-25,164.77
AMZN,2022-03-28,168.99
AMZN,2022-03-29,169.32
AMZN,2022-03-30,166.3
AMZN,2022-03-31,163.0
AMZN,2022-04-01,163.56
AMZN,2022-04-04,168.35
AMZN,2022-04-05,164.05
AMZN,2022-04-06,158.76
AMZN,2022-04-07,157.78
AMZN,2022-04-08,154.46
AMZN,2022-04-11,151.12
AMZN,2022-04-12,150.79
AMZN,2022-04-13,155.54
AMZN,2022-04-14,151.71
AMZN,2022-04-18,152.79
AMZN,2022-04-19,158.12
AMZN,2022-04-20,154.0
AMZN,2022-04-21,148.3
AMZN,2022-04-22,144.35
AMZN,2022-04-25,146.07
AMZN,2022-04-26,139.39
AMZN,2022-04-27,138.17
AMZN,2022-04-28,144.6
AMZN,2022-04-29,124.28
AMZN,2022-05-02,124.5
AMZN,2022-05-03,124.25
AMZN,2022-05-04,125.93
AMZN,2022-05-05,116.41
AMZN,2022-05-06,114.77
AMZN,2022-05-09,108.79
AMZN,2022-05-10,108.86
AMZN,2022-05-11,105.37
AMZN,2022-05-12,106.93
AMZN,2022-05-13,113.06
AMZN,2022-05-16,110.81
AMZN,2022-05-17,115.37
AMZN,2022-05-18,107.11
AMZN,2022-05-19,107.32
AMZN,2022-05-20,107.59
AMZN,2022-05-23,107.56
AMZN,2022-05-24,104.1
AMZN,2022-05-25,106.78
AMZN,2022-05-26,111.08
AMZN,2022-05-27,115.15
AMZN,2022-05-31,120.21
AMZN,2022-06-01,121.68
AMZN,2022-06-02,125.51
AMZN,2022-06-03,122.35
AMZN,2022-06-06,124.79
AMZN,2022-06-07,123.0
AMZN,2022-06-08,121.18
AMZN,2022-06-09,116.15
AMZN,2022-06-10,109.65
AMZN,2022-06-13,103.67
AMZN,2022-06-14,102.31
AMZN,2022-06-15,107.67
AMZN,2022-06-16,103.66
AMZN,2022-06-17,106.22
AMZN,2022-06-21,108.68
AMZN,2022-06-22,108.95
AMZN,2022-06-23,112.44
AMZN,2022-06-24,116.46
AMZN,2022-06-27,113.22
AMZN,2022-06-28,107.4
AMZN,2022-06-29,108.92
AMZN,2022-06-30,106.21
AMZN,2022-07-01,109.56
AMZN,2022-07-05,113.5
AMZN,2022-07-06,114.33
AMZN,2022-07-07,116.33
AMZN,2022-07-08,115.54
AMZN,2022-07-11,111.75
AMZN,2022-07-12,109.22
AMZN,2022-07-13,110.4
AMZN,2022-07-14,110.63
AMZN,2022-07-15,113.55
AMZN,2022-07-18,113.76
AMZN,2022-07-19,118.21
AMZN,2022-07-20,122.77
AMZN,2022-07-21,124.63
AMZN,2022-07-22,122.42
AMZN,2022-07-25,121.14
AMZN,2022-07-26,114.81
AMZN,2022-07-27,120.97
AMZN,2022-07-28,122.28
AMZN,2022-07-29,134.95
AMZN,2022-08-01,135.39
AMZN,2022-08-02,134.16
AMZN,2022-08-03,139.52
AMZN,2022-08-04,142.57
AMZN,2022-08-05,140.8
AMZN,2022-08-08,139.41
AMZN,2022-08-09,137.83
AMZN,2022-08-10,142.69
AMZN,2022-08-11,140.64
AMZN,2022-08-12,143.55
AMZN,2022-08-15,143.18
AMZN,2022-08-16,144.78
AMZN,2022-08-17,142.1
AMZN,2022-08-18,142.3
AMZN,2022-08-19,138.23
AMZN,2022-08-22,133.22
AMZN,2022-08-23,133.62
AMZN,2022-08-24,133.8
AMZN,2022-08-25,137.28
AMZN,2022-08-26,130.75
AMZN,2022-08-29,129.79
AMZN,2022-08-30,128.73
AMZN,2022-08-31,126.77
AMZN,2022-09-01,127.82
AMZN,2022-09-02,127.51
AMZN,2022-09-06,126.11
AMZN,2022-09-07,129.48
AMZN,2022-09-08,129.82
AMZN,2022-09-09,133.27
AMZN,2022-09-12,136.45
AMZN,2022-09-13,126.82
AMZN,2022-09-14,128.55
AMZN,2022-09-15,126.28
AMZN,2022-09-16,123.53
AMZN,2022-09-19,124.66
AMZN,2022-09-20,122.19
AMZN,2022-09-21,118.54
AMZN,2022-09-22,117.31
AMZN,2022-09-23,113.78
AMZN,2022-09-26,115.15
AMZN,2022-09-27,114.41
AMZN,2022-09-28,118.01
AMZN,2022-09-29,114.8
AMZN,2022-09-30,113.0
AMZN,2022-10-03,115.88
AMZN,2022-10-04,121.09
AMZN,2022-10-05,120.95
AMZN,2022-10-06,120.3
AMZN,2022-10-07,114.56
AMZN,2022-10-10,113.67
AMZN,2022-10-11,112.21
AMZN,2022-10-12,112.9
AMZN,2022-10-13,112.53
AMZN,2022-10-14,106.9
AMZN,2022-10-17,113.79
AMZN,2022-10-18,116.36
AMZN,2022-10-19,115.07
AMZN,2022-10-20,115.25
AMZN,2022-10-21,119.32
AMZN,2022-10-24,119.82
AMZN,2022-10-25,120.6
AMZN,2022-10-26,115.66
AMZN,2022-10-27,110.96
AMZN,2022-10-28,103.41
AMZN,2022-10-31,102.44
AMZN,2022-11-01,96.79
AMZN,2022-11-02,92.12
AMZN,2022-11-03,89.3
AMZN,2022-11-04,90.98
AMZN,2022-11-07,90.53
AMZN,2022-11-08,89.98
AMZN,2022-11-09,86.14
AMZN,2022-11-10,96.63
AMZN,2022-11-11,100.79
AMZN,2022-11-14,98.49
AMZN,2022-11-15,98.94
AMZN,2022-11-16,97.12
AMZN,2022-11-17,94.85
AMZN,2022-11-18,94.14
AMZN,2022-11-21,92.46
AMZN,2022-11-22,93.2
AMZN,2022-11-23,94.13
AMZN,2022-11-25,93.41
AMZN,2022-11-28,93.95
AMZN,2022-11-29,92.42
AMZN,2022-11-30,96.54
AMZN,2022-12-01,95.5
AMZN,2022-12-02,94.13
AMZN,2022-12-05,91.01
AMZN,2022-12-06,88.25
AMZN,2022-12-07,88.46
AMZN,2022-12-08,90.35
AMZN,2022-12-09,89.09
AMZN,2022-12-12,90.55
AMZN,2022-12-13,92.49
AMZN,2022-12-14,91.58
AMZN,2022-12-15,88.45
AMZN,2022-12-16,87.86
AMZN,2022-12-19,84.92
AMZN,2022-12-20,85.19
AMZN,2022-12-21,86.77
AMZN,2022-12-22,83.79
AMZN,2022-12-23,85.25
AMZN,2022-12-27,83.04
AMZN,2022-12-28,81.82
AMZN,2022-12-29,84.18
AMZN,2022-12-30,84.0
AMZN,2023-01-03,85.82
AMZN,2023-01-04,85.14
AMZN,2023-01-05,83.12
AMZN,2023-01-06,86.08
AMZN,2023-01-09,87.36
AMZN,2023-01-10,89.87
AMZN,2023-01-11,95.09
AMZN,2023-01-12,95.27
AMZN,2023-01-13,98.12
AMZN,2023-01-17,96.05
AMZN,2023-01-18,95.46
AMZN,2023-01-19,93.68
AMZN,2023-01-20,97.25
AMZN,2023-01-23,97.52
AMZN,2023-01-24,96.32
AMZN,2023-01-25,97.18
AMZN,2023-01-26,99.22
AMZN,2023-01-27,102.24
AMZN,2023-01-30,100.55
AMZN,2023-01-31,103.13
AMZN,2023-02-01,105.15
AMZN,2023-02-02,112.91
AMZN,2023-02-03,103.39
AMZN,2023-02-06,102.18
AMZN,2023-02-07,102.11
AMZN,2023-02-08,100.05
AMZN,2023-02-09,98.24
AMZN,2023-02-10,97.61
AMZN,2023-02-13,99.54
AMZN,2023-02-14,99.7
AMZN,2023-02-15,101.16
AMZN,2023-02-16,98.15
AMZN,2023-02-17,97.2
AMZN,2023-02-21,94.58
AMZN,2023-02-22,95.79
AMZN,2023-02-23,95.82
AMZN,2023-02-24,93.5
AMZN,2023-02-27,93.76
AMZN,2023-02-28,94.23
AMZN,2023-03-01,92.17
AMZN,2023-03-02,92.13
AMZN,2023-03-03,94.9
AMZN,2023-03-06,93.75
AMZN,2023-03-07,93.55
AMZN,2023-03-08,93.92
AMZN,2023-03-09,92.25
AMZN,2023-03-10,90.73
AMZN,2023-03-13,92.43
AMZN,2023-03-14,94.88
AMZN,2023-03-15,96.2
AMZN,2023-03-16,100.04
AMZN,2023-03-17,98.95
AMZN,2023-03-20,97.71
AMZN,2023-03-21,100.61
AMZN,2023-03-22,98.7
AMZN,2023-03-23,98.71
AMZN,2023-03-24,98.13
AMZN,2023-03-27,98.04
AMZN,2023-03-28,97.24
AMZN,2023-03-29,100.25
AMZN,2023-03-30,102.0
AMZN,2023-03-31,103.29
AMZN,2023-04-03,102.41
AMZN,2023-04-04,103.95
AMZN,2023-04-05,101.1
AMZN,2023-04-06,102.06
AMZN,2023-04-10,102.17
AMZN,2023-04-11,99.92
AMZN,2023-04-12,97.83
AMZN,2023-04-13,102.4
AMZN,2023-04-14,102.51
AMZN,2023-04-17,102.74
AMZN,2023-04-18,102.3
AMZN,2023-04-19,104.3
AMZN,2023-04-20,103.81
AMZN,2023-04-21,106.96
AMZN,2023-04-24,106.21
AMZN,2023-04-25,102.57
AMZN,2023-04-26,104.98
AMZN,2023-04-27,109.82
AMZN,2023-04-28,105.45
AMZN,2023-05-01,102.05
AMZN,2023-05-02,103.63
AMZN,2023-05-03,103.65
AMZN,2023-05-04,104.0
AMZN,2023-05-05,105.66
AMZN,2023-05-08,105.83
AMZN,2023-05-09,106.62
AMZN,2023-05-10,110.19
AMZN,2023-05-11,112.18
AMZN,2023-05-12,110.26
AMZN,2023-05-15,111.2
AMZN,2023-05-16,113.4
AMZN,2023-05-17,115.5
AMZN,2023-05-18,118.15
AMZN,2023-05-19,116.25
AMZN,2023-05-22,115.01
AMZN,2023-05-23,114.99
AMZN,2023-05-24,116.75
AMZN,2023-05-25,115.0
AMZN,2023-05-26,120.11
AMZN,2023-05-30,121.66
AMZN,2023-05-31,120.58
AMZN,2023-06-01,122.77
AMZN,2023-06-02,124.25
AMZN,2023-06-05,125.3
AMZN,2023-06-06,126.61
AMZN,2023-06-07,121.23
AMZN,2023-06-08,124.25
AMZN,2023-06-09,123.43
AMZN,2023-06-12,126.57
AMZN,2023-06-13,126.66
AMZN,2023-06-14,126.42
AMZN,2023-06-15,127.11
AMZN,2023-06-16,125.49
AMZN,2023-06-20,125.78
AMZN,2023-06-21,124.83
AMZN,2023-06-22,130.15
AMZN,2023-06-23,129.33
AMZN,2023-06-26,127.33
AMZN,2023-06-27,129.18
AMZN,2023-06-28,129.04
AMZN,2023-06-29,127.9
AMZN,2023-06-30,130.36
AMZN,2023-07-03,130.22
AMZN,2023-07-05,130.38
AMZN,2023-07-06,128.36
AMZN,2023-07-07,129.78
AMZN,2023-07-10,127.13
AMZN,2023-07-11,128.78
AMZN,2023-07-12,130.8
AMZN,2023-07-13,134.3
AMZN,2023-07-14,134.68
AMZN,2023-07-17,133.56
AMZN,2023-07-18,132.83
AMZN,2023-07-19,135.36
AMZN,2023-07-20,129.96
AMZN,2023-07-21,130.0
AMZN,2023-07-24,128.8
AMZN,2023-07-25,129.13
AMZN,2023-07-26,128.15
AMZN,2023-07-27,128.25
AMZN,2023-07-28,132.21
AMZN,2023-07-31,133.68
AMZN,2023-08-01,131.69
AMZN,2023-08-02,128.21
AMZN,2023-08-03,128.91
AMZN,2023-08-04,139.57
AMZN,2023-08-07,142.22
AMZN,2023-08-08,139.94
AMZN,2023-08-09,137.85
AMZN,2023-08-10,138.56
AMZN,2023-08-11,138.41
AMZN,2023-08-14,140.57
AMZN,2023-08-15,137.67
AMZN,2023-08-16,135.07
AMZN,2023-08-17,133.98
AMZN,2023-08-18,133.22
AMZN,2023-08-21,134.68
AMZN,2023-08-22,134.25
AMZN,2023-08-23,135.52
AMZN,2023-08-24,131.84
AMZN,2023-08-25,133.26
AMZN,2023-08-28,133.14
AMZN,2023-08-29,134.91
AMZN,2023-08-30,135.07
AMZN,2023-08-31,138.01
AMZN,2023-09-01,138.12
AMZN,2023-09-05,137.27
AMZN,2023-09-06,135.36
AMZN,2023-09-07,137.85
AMZN,2023-09-08,138.23
AMZN,2023-09-11,143.1
AMZN,2023-09-12,141.23
AMZN,2023-09-13,144.85
AMZN,2023-09-14,144.72
AMZN,2023-09-15,140.39
AMZN,2023-09-18,139.98
AMZN,2023-09-19,137.63
AMZN,2023-09-20,135.29
AMZN,2023-09-21,129.33
AMZN,2023-09-22,129.12
AMZN,2023-09-25,131.27
AMZN,2023-09-26,125.98
AMZN,2023-09-27,125.98
AMZN,2023-09-28,125.98
AMZN,2023-09-29,127.12
AMZN,2023-10-02,129.46
AMZN,2023-10-03,124.72
AMZN,2023-10-04,127.0
AMZN,2023-10-05,125.96
AMZN,2023-10-06,127.96
AMZN,2023-10-09,128.26
AMZN,2023-10-10,129.48
AMZN,2023-10-11,131.83
AMZN,2023-10-12,132.33
AMZN,2023-10-13,129.79
AMZN,2023-10-16,132.55
AMZN,2023-10-17,131.47
AMZN,2023-10-18,128.13
AMZN,2023-10-19,128.4
AMZN,2023-10-20,125.17
AMZN,2023-10-23,126.56
AMZN,2023-10-24,128.56
AMZN,2023-10-25,121.39
AMZN,2023-10-26,119.57
AMZN,2023-10-27,127.74
AMZN,2023-10-30,132.71
AMZN,2023-10-31,133.09
AMZN,2023-11-01,137.0
AMZN,2023-11-02,138.07
AMZN,2023-11-03,138.6
AMZN,2023-11-06,139.74
AMZN,2023-11-07,142.71
AMZN,2023-11-08,142.08
AMZN,2023-11-09,140.6
AMZN,2023-11-10,143.56
AMZN,2023-11-13,142.59
AMZN,2023-11-14,145.8
AMZN,2023-11-15,143.2
AMZN,2023-11-16,142.83
AMZN,2023-11-17,145.18
AMZN,2023-11-20,146.13
AMZN,2023-11-21,143.9
AMZN,2023-11-22,146.71
AMZN,2023-11-24,146.74
AMZN,2023-11-27,147.73
AMZN,2023-11-28,147.03
AMZN,2023-11-29,146.32
AMZN,2023-11-30,146.09
AMZN,2023-12-01,147.03
AMZN,2023-12-04,144.84
AMZN,2023-12-05,146.88
AMZN,2023-12-06,144.52
AMZN,2023-12-07,146.88
AMZN,2023-12-08,147.42
AMZN,2023-12-11,145.89
AMZN,2023-12-12,147.48
AMZN,2023-12-13,148.84
AMZN,2023-12-14,147.42
AMZN,2023-12-15,149.97
AMZN,2023-12-18,154.07
AMZN,2023-12-19,153.79
AMZN,2023-12-20,152.12
AMZN,2023-12-21,153.84
AMZN,2023-12-22,153.42
AMZN,2023-12-26,153.41
AMZN,2023-12-27,153.34
AMZN,2023-12-28,153.38
AMZN,2023-12-29,151.94
AMZN,2024-01-02,149.93
AMZN,2024-01-03,148.47
AMZN,2024-01-04,144.57
AMZN,2024-01-05,145.24
AMZN,2024-01-08,149.1
AMZN,2024-01-09,151.37
AMZN,2024-01-10,153.73
AMZN,2024-01-11,155.18
AMZN,2024-01-12,154.62
AMZN,2024-01-16,153.16
AMZN,2024-01-17,151.71
AMZN,2024-01-18,153.5
AMZN,2024-01-19,155.34
AMZN,2024-01-22,154.78
AMZN,2024-01-23,156.02
AMZN,2024-01-24,156.87
AMZN,2024-01-25,157.75
AMZN,2024-01-26,159.12
AMZN,2024-01-29,161.26
AMZN,2024-01-30,159.0
AMZN,2024-01-31,155.2
AMZN,2024-02-01,159.28
AMZN,2024-02-02,171.81
AMZN,2024-02-05,170.31
AMZN,2024-02-06,169.15
AMZN,2024-02-07,170.53
AMZN,2024-02-08,169.84
AMZN,2024-02-09,174.45
AMZN,2024-02-12,172.34
AMZN,2024-02-13,168.64
AMZN,2024-02-14,170.98
AMZN,2024-02-15,169.8
AMZN,2024-02-16,169.51
AMZN,2024-02-20,167.08
AMZN,2024-02-21,168.59
AMZN,2024-02-22,174.58
AMZN,2024-02-23,174.99
AMZN,2024-02-26,174.73
AMZN,2024-02-27,173.54
AMZN,2024-02-28,173.16
AMZN,2024-02-29,176.76
AMZN,2024-03-01,178.22
AMZN,2024-03-04,177.58
AMZN,2024-03-05,174.12
AMZN,2024-03-06,173.51
AMZN,2024-03-07,176.82
AMZN,2024-03-08,175.35
AMZN,2024-03-11,171.96
AMZN,2024-03-12,175.39
AMZN,2024-03-13,176.56
AMZN,2024-03-14,178.75
AMZN,2024-03-15,174.42
AMZN,2024-03-18,174.48
AMZN,2024-03-19,175.9
AMZN,2024-03-20,178.15
AMZN,2024-03-21,178.15
AMZN,2024-03-22,178.87
AMZN,2024-03-25,179.71
AMZN,2024-03-26,178.3
AMZN,2024-03-27,179.83
AMZN,2024-03-28,180.38
AMZN,2024-04-01,180.97
AMZN,2024-04-02,180.69
AMZN,2024-04-03,182.41
AMZN,2024-04-04,180.0
AMZN,2024-04-05,185.07
AMZN,2024-04-08,185.19
AMZN,2024-04-09,185.67
AMZN,2024-04-10,185.95
AMZN,2024-04-11,189.05
AMZN,2024-04-12,186.13
AMZN,2024-04-15,183.62
AMZN,2024-04-16,183.32
AMZN,2024-04-17,181.28
AMZN,2024-04-18,179.22
AMZN,2024-04-19,174.63
AMZN,2024-04-22,177.23
AMZN,2024-04-23,179.54
AMZN,2024-04-24,176.59
AMZN,2024-04-25,173.67
AMZN,2024-04-26,179.62
AMZN,2024-04-29,180.96
AMZN,2024-04-30,175.0
AMZN,2024-05-01,179.0
AMZN,2024-05-02,184.72
AMZN,2024-05-03,186.21
AMZN,2024-05-06,188.7
AMZN,2024-05-07,188.76
AMZN,2024-05-08,188.0
AMZN,2024-05-09,189.5
AMZN,2024-05-10,187.48
AMZN,2024-05-13,186.57
AMZN,2024-05-14,187.07
AMZN,2024-05-15,185.99
AMZN,2024-05-16,183.63
AMZN,2024-05-17,184.7
AMZN,2024-05-20,183.54
AMZN,2024-05-21,183.15
AMZN,2024-05-22,183.13
AMZN,2024-05-23,181.05
AMZN,2024-05-24,180.75
AMZN,2024-05-28,182.15
AMZN,2024-05-29,182.02
AMZN,2024-05-30,179.32
AMZN,2024-05-31,176.44
AMZN,2024-06-03,178.34
AMZN,2024-06-04,179.34
AMZN,2024-06-05,181.28
AMZN,2024-06-06,185.0
AMZN,2024-06-07,184.3
AMZN,2024-06-10,187.06
AMZN,2024-06-11,187.23
AMZN,2024-06-12,186.89
AMZN,2024-06-13,183.83
AMZN,2024-06-14,183.66
AMZN,2024-06-17,184.06
AMZN,2024-06-18,182.81
AMZN,2024-06-20,186.1
AMZN,2024-06-21,189.08
AMZN,2024-06-24,185.57
AMZN,2024-06-25,186.34
AMZN,2024-06-26,193.61
AMZN,2024-06-27,197.85
AMZN,2024-06-28,193.25
AMZN,2024-07-01,197.2
AMZN,2024-07-02,200.0
AMZN,2024-07-03,197.59
AMZN,2024-07-05,200.0
AMZN,2024-07-08,199.29
AMZN,2024-07-09,199.34
AMZN,2024-07-10,199.79
AMZN,2024-07-11,195.05
AMZN,2024-07-12,194.49
AMZN,2024-07-15,192.72
AMZN,2024-07-16,193.02
AMZN,2024-07-17,187.93
AMZN,2024-07-18,183.75
AMZN,2024-07-19,183.13
AMZN,2024-07-22,182.55
AMZN,2024-07-23,186.41
AMZN,2024-07-24,180.83
AMZN,2024-07-25,179.85
AMZN,2024-07-26,182.5
AMZN,2024-07-29,183.2
AMZN,2024-07-30,181.71
AMZN,2024-07-31,186.98
AMZN,2024-08-01,184.07
AMZN,2024-08-02,167.9
AMZN,2024-08-05,161.02
AMZN,2024-08-06,161.93
AMZN,2024-08-07,162.77
AMZN,2024-08-08,165.8
AMZN,2024-08-09,166.94
AMZN,2024-08-12,166.8
AMZN,2024-08-13,170.23
AMZN,2024-08-14,170.1
AMZN,2024-08-15,177.59
AMZN,2024-08-16,177.06
AMZN,2024-08-19,178.22
AMZN,2024-08-20,178.88
AMZN,2024-08-21,180.11
AMZN,2024-08-22,176.13
AMZN,2024-08-23,177.04
AMZN,2024-08-26,175.5
AMZN,2024-08-27,173.12
AMZN,2024-08-28,170.8
AMZN,2024-08-29,172.12
AMZN,2024-08-30,178.5
AMZN,2024-09-03,176.25
AMZN,2024-09-04,173.33
AMZN,2024-09-05,177.89
AMZN,2024-09-06,171.39
AMZN,2024-09-09,175.4
AMZN,2024-09-10,179.55
AMZN,2024-09-11,184.52
AMZN,2024-09-12,187.0
AMZN,2024-09-13,186.49
AMZN,2024-09-16,184.89
AMZN,2024-09-17,186.88
AMZN,2024-09-18,186.43
AMZN,2024-09-19,189.87
AMZN,2024-09-20,191.6
AMZN,2024-09-23,193.88
AMZN,2024-09-24,193.96
AMZN,2024-09-25,192.53
AMZN,2024-09-26,191.16
AMZN,2024-09-27,187.97
AMZN,2024-09-30,186.33
AMZN,2024-10-01,185.13
AMZN,2024-10-02,184.76
AMZN,2024-10-03,181.96
AMZN,2024-10-04,186.51
AMZN,2024-10-07,180.8
AMZN,2024-10-08,182.72
AMZN,2024-10-09,185.17
AMZN,2024-10-10,186.65
AMZN,2024-10-11,188.82
AMZN,2024-10-14,187.54
AMZN,2024-10-15,187.69
AMZN,2024-10-16,186.89
AMZN,2024-10-17,187.53
AMZN,2024-10-18,188.99
AMZN,2024-10-21,189.07
AMZN,2024-10-22,189.7
AMZN,2024-10-23,184.71
AMZN,2024-10-24,186.38
AMZN,2024-10-25,187.83
AMZN,2024-10-28,188.39
AMZN,2024-10-29,190.83
AMZN,2024-10-30,192.73
AMZN,2024-10-31,186.4
AMZN,2024-11-01,197.93
AMZN,2024-11-04,195.78
AMZN,2024-11-05,199.5
AMZN,2024-11-06,207.09
AMZN,2024-11-07,210.05
AMZN,2024-11-08,208.18
AMZN,2024-11-11,206.84
AMZN,2024-11-12,208.91
AMZN,2024-11-13,214.1
AMZN,2024-11-14,211.48
AMZN,2024-11-15,202.61
AMZN,2024-11-18,201.7
AMZN,2024-11-19,204.61
AMZN,2024-11-20,202.88
AMZN,2024-11-21,198.38
AMZN,2024-11-22,197.12
AMZN,2024-11-25,201.45
AMZN,2024-11-26,207.86
AMZN,2024-11-27,205.74
AMZN,2024-11-29,207.89
AMZN,2024-12-02,210.71
AMZN,2024-12-03,213.44
AMZN,2024-12-04,218.16
AMZN,2024-12-05,220.55
AMZN,2024-12-06,227.03
AMZN,2024-12-09,226.09
AMZN,2024-12-10,225.04
AMZN,2024-12-11,230.26
AMZN,2024-12-12,228.97
AMZN,2024-12-13,227.46
AMZN,2024-12-16,232.93
AMZN,2024-12-17,231.15
AMZN,2024-12-18,220.52
AMZN,2024-12-19,223.29
AMZN,2024-12-20,224.92
AMZN,2024-12-23,225.06
AMZN,2024-12-24,229.05
AMZN,2024-12-26,227.05
AMZN,2024-12-27,223.75
AMZN,2024-12-30,221.3
AMZN,2024-12-31,219.39
AMZN,2025-01-02,220.22
AMZN,2025-01-03,224.19
AMZN,2025-01-06,227.61
AMZN,2025-01-07,222.11
AMZN,2025-01-08,222.13
AMZN,2025-01-10,218.94
AMZN,2025-01-13,218.46
AMZN,2025-01-14,217.76
AMZN,2025-01-15,223.35
AMZN,2025-01-16,220.66
AMZN,2025-01-17,225.94
AMZN,2025-01-21,230.71
AMZN,2025-01-22,235.01
AMZN,2025-01-23,235.42
AMZN,2025-01-24,234.85
AMZN,2025-01-27,235.42
AMZN,2025-01-28,238.15
AMZN,2025-01-29,237.07
AMZN,2025-01-30,234.64
AMZN,2025-01-31,237.68
AMZN,2025-02-03,237.42
AMZN,2025-02-04,242.06
AMZN,2025-02-05,236.17
AMZN,2025-02-06,238.83
AMZN,2025-02-07,229.15
AMZN,2025-02-10,233.14
AMZN,2025-02-11,232.76
AMZN,2025-02-12,228.93
AMZN,2025-02-13,230.37
AMZN,2025-02-14,228.68
AMZN,2025-02-18,226.65
AMZN,2025-02-19,226.63
AMZN,2025-02-20,222.88
AMZN,2025-02-21,216.58
AMZN,2025-02-24,212.71
AMZN,2025-02-25,212.8
AMZN,2025-02-26,214.35
AMZN,2025-02-27,208.74
AMZN,2025-02-28,212.28
AMZN,2025-03-03,205.02
AMZN,2025-03-04,203.8
AMZN,2025-03-05,208.36
AMZN,2025-03-06,200.7
AMZN,2025-03-07,199.25
AMZN,2025-03-10,194.54
AMZN,2025-03-11,196.59
AMZN,2025-03-12,198.89
AMZN,2025-03-13,193.89
AMZN,2025-03-14,197.95
AMZN,2025-03-17,195.74
AMZN,2025-03-18,192.82
AMZN,2025-03-19,195.54
AMZN,2025-03-20,194.95
AMZN,2025-03-21,196.21
AMZN,2025-03-24,203.26
AMZN,2025-03-25,205.71
AMZN,2025-03-26,201.13
AMZN,2025-03-27,201.36
AMZN,2025-03-28,192.72
AMZN,2025-03-31,190.26
AMZN,2025-04-01,192.17
AMZN,2025-04-02,196.01
AMZN,2025-04-03,178.41
AMZN,2025-04-04,171.0
AMZN,2025-04-07,175.26
AMZN,2025-04-08,170.66
AMZN,2025-04-09,191.1
AMZN,2025-04-10,181.22
AMZN,2025-04-11,184.87
AMZN,2025-04-14,182.12
AMZN,2025-04-15,179.59
AMZN,2025-04-16,174.33
AMZN,2025-04-17,172.61
AMZN,2025-04-21,167.32
AMZN,2025-04-22,173.18
AMZN,2025-04-23,180.6
AMZN,2025-04-24,186.54
AMZN,2025-04-25,188.99
AMZN,2025-04-28,187.7
AMZN,2025-04-29,187.39
AMZN,2025-04-30,184.42
AMZN,2025-05-01,190.2
AMZN,2025-05-02,189.98
AMZN,2025-05-05,186.35
AMZN,2025-05-06,185.01
AMZN,2025-05-07,188.71
AMZN,2025-05-08,192.08
AMZN,2025-05-09,193.06
AMZN,2025-05-12,208.64
AMZN,2025-05-13,211.37
AMZN,2025-05-14,210.25
AMZN,2025-05-15,205.17
AMZN,2025-05-16,205.59
AMZN,2025-05-19,206.16
AMZN,2025-05-20,204.07
AMZN,2025-05-21,201.12
AMZN,2025-05-22,203.1
AMZN,2025-05-23,200.99
AMZN,2025-05-27,206.02
AMZN,2025-05-28,204.72
AMZN,2025-05-29,205.7
AMZN,2025-05-30,205.01
AMZN,2025-06-02,206.65
AMZN,2025-06-03,205.71
AMZN,2025-06-04,207.23
AMZN,2025-06-05,207.91
AMZN,2025-06-06,213.57
AMZN,2025-06-09,216.98
AMZN,2025-06-10,217.61
AMZN,2025-06-11,213.2
AMZN,2025-06-12,213.24
AMZN,2025-06-13,212.1
AMZN,2025-06-16,216.1
AMZN,2025-06-17,214.82
AMZN,2025-06-18,212.52
AMZN,2025-06-20,209.69
AMZN,2025-06-23,208.47
AMZN,2025-06-24,212.77
AMZN,2025-06-25,211.99
AMZN,2025-06-26,217.12
AMZN,2025-06-27,223.3
AMZN,2025-06-30,219.39
AMZN,2025-07-01,220.46
AMZN,2025-07-02,219.92
AMZN,2025-07-03,223.41
AMZN,2025-07-07,223.47
AMZN,2025-07-08,219.36
AMZN,2025-07-09,222.54
AMZN,2025-07-10,222.26
AMZN,2025-07-11,225.02
AMZN,2025-07-14,225.69
AMZN,2025-07-15,226.35
AMZN,2025-07-16,223.19
AMZN,2025-07-17,223.88
AMZN,2025-07-18,226.13
AMZN,2025-07-21,229.3
AMZN,2025-07-22,227.47
AMZN,2025-07-23,228.29
AMZN,2025-07-24,232.23
AMZN,2025-07-25,231.44
AMZN,2025-07-28,232.79
AMZN,2025-07-29,231.01
AMZN,2025-07-30,230.19
AMZN,2025-07-31,234.11
AMZN,2025-08-01,214.75
AMZN,2025-08-04,211.65
AMZN,2025-08-05,213.75
AMZN,2025-08-06,222.31
AMZN,2025-08-07,223.13
AMZN,2025-08-08,222.69
AMZN,2025-08-11,221.3
AMZN,2025-08-12,221.47
AMZN,2025-08-13,224.56
AMZN,2025-08-14,230.98
AMZN,2025-08-15,231.03
AMZN,2025-08-18,231.49
AMZN,2025-08-19,228.01
AMZN,2025-08-20,223.81
AMZN,2025-08-21,221.95
AMZN,2025-08-22,228.84
AMZN,2025-08-25,227.94
AMZN,2025-08-26,228.71
AMZN,2025-08-27,229.12
AMZN,2025-08-28,231.6
AMZN,2025-08-29,229.0
AMZN,2025-09-02,225.34
AMZN,2025-09-03,225.99
AMZN,2025-09-04,235.68
AMZN,2025-09-05,232.33
AMZN,2025-09-08,235.84
AMZN,2025-09-09,238.24
AMZN,2025-09-10,230.33
AMZN,2025-09-11,229.95
AMZN,2025-09-12,228.15
AMZN,2025-09-15,231.43
AMZN,2025-09-16,234.05
AMZN,2025-09-17,231.62
AMZN,2025-09-18,231.23
AMZN,2025-09-19,231.48
AMZN,2025-09-22,227.63
AMZN,2025-09-23,220.71
AMZN,2025-09-24,220.21
AMZN,2025-09-25,218.15
AMZN,2025-09-26,219.78
AMZN,2025-09-29,222.17
AMZN,2025-09-30,219.57
AMZN,2025-10-01,220.63
AMZN,2025-10-02,222.41
AMZN,2025-10-03,219.51
AMZN,2025-10-06,220.9
AMZN,2025-10-07,221.78
AMZN,2025-10-08,225.22
AMZN,2025-10-09,227.74
AMZN,2025-10-10,216.37
AMZN,2025-10-13,220.07
AMZN,2025-10-14,216.39
AMZN,2025-10-15,215.57
AMZN,2025-10-16,214.47
AMZN,2025-10-17,213.04
AMZN,2025-10-20,216.48
AMZN,2025-10-21,222.03
AMZN,2025-10-22,217.95
AMZN,2025-10-23,221.09
AMZN,2025-10-24,224.21
AMZN,2025-10-27,226.97
AMZN,2025-10-28,229.25
AMZN,2025-10-29,230.3
AMZN,2025-10-30,222.86
AMZN,2025-10-31,244.22
AMZN,2025-11-03,254.0
AMZN,2025-11-04,249.32
AMZN,2025-11-05,250.2
AMZN,2025-11-06,243.04
AMZN,2025-11-07,244.41
AMZN,2025-11-10,248.4
AMZN,2025-11-11,249.1
AMZN,2025-11-12,244.2
AMZN,2025-11-13,237.58
AMZN,2025-11-14,234.69
AMZN,2025-11-17,232.87
AMZN,2025-11-18,222.55
AMZN,2025-11-19,222.69
AMZN,2025-11-20,217.14
AMZN,2025-11-21,220.69
AMZN,2025-11-24,226.28
AMZN,2025-11-25,229.67
AMZN,2025-11-26,229.16
AMZN,2025-11-28,233.22
AMZN,2025-12-01,233.88
AMZN,2025-12-02,234.42
AMZN,2025-12-03,232.38
AMZN,2025-12-04,229.11
AMZN,2025-12-05,229.53
AMZN,2025-12-08,226.89
AMZN,2025-12-09,227.92
AMZN,2025-12-10,231.78
AMZN,2025-12-11,230.28
AMZN,2025-12-12,226.19
AMZN,2025-12-15,222.54
AMZN,2025-12-16,222.56
AMZN,2025-12-17,221.27
AMZN,2025-12-18,226.76
AMZN,2025-12-19,227.35
AMZN,2025-12-22,228.43
AMZN,2025-12-23,232.14
AMZN,2025-12-24,232.38
AMZN,2025-12-26,232.52
AMZN,2025-12-29,232.07
AMZN,2025-12-30,232.53
AMZN,2025-12-31,230.82
AMZN,2026-01-02,226.5
AMZN,2026-01-05,233.06
AMZN,2026-01-06,240.93
AMZN,2026-01-07,241.56
AMZN,2026-01-08,246.29
AMZN,2026-01-09,247.38
AMZN,2026-01-12,246.47
AMZN,2026-01-13,242.6
AMZN,2026-01-14,236.65
AMZN,2026-01-15,238.18
AMZN,2026-01-16,239.12
AMZN,2026-01-20,231.0
AMZN,2026-01-21,231.31
AMZN,2026-01-22,234.34
AMZN,2026-01-23,239.16
AMZN,2026-01-26,238.42
AMZN,2026-01-27,244.68
AMZN,2026-01-28,243.01
AMZN,2026-01-29,241.73
AMZN,2026-01-30,239.3
AMZN,2026-02-02,242.96
AMZN,2026-02-03,238.62
AMZN,2026-02-04,232.99
AMZN,2026-02-05,222.69
AMZN,2026-02-06,210.32
AMZN,2026-02-09,208.72
AMZN,2026-02-10,206.96
AMZN,2026-02-11,204.08
AMZN,2026-02-12,199.6
AMZN,2026-02-13,198.79
AMZN,2026-02-17,201.15
AMZN,2026-02-18,204.79
AMZN,2026-02-19,204.86
AMZN,2026-02-20,210.11
AMZN,2026-02-23,205.27
AMZN,2026-02-24,208.56
AMZN,2026-02-25,210.64
AMZN,2026-02-26,207.92
AMZN,2026-02-27,210.0
AMZN,2026-03-02,208.39
AMZN,2026-03-03,208.73
AMZN,2026-03-04,216.82
AMZN,2026-03-05,218.94
AMZN,2026-03-06,213.21
AMZN,2026-03-09,213.49
AMZN,2026-03-10,214.33
AMZN,2026-03-11,212.65
AMZN,2026-03-12,209.53
AMZN,2026-03-13,207.67
AMZN,2026-03-16,211.74
AMZN,2026-03-17,215.2
AMZN,2026-03-18,209.87
AMZN,2026-03-19,208.76
AMZN,2026-03-20,205.37
AMZN,2026-03-23,210.14
AMZN,2026-03-24,207.24
AMZN,2026-03-25,211.71
AMZN,2026-03-26,207.54
AMZN,2026-03-27,199.34
AMZN,2026-03-30,200.95
AMZN,2026-03-31,208.27
AMZN,2026-04-01,210.57
AMZN,2026-04-02,209.77
AMZN,2026-04-06,212.79
AMZN,2026-04-07,213.77
AMZN,2026-04-08,221.25
AMZN,2026-04-09,233.65
AMZN,2026-04-10,238.38
AMZN,2026-04-13,239.89
AMZN,2026-04-14,249.02
AMZN,2026-04-15,248.5
AMZN,2026-04-16,249.7
AMZN,2026-04-17,250.56
AMZN,2026-04-20,248.28
AMZN,2026-04-21,249.91
AMZN,2026-04-22,255.36
AMZN,2026-04-23,255.08
AMZN,2026-04-24,263.99
AMZN,2026-04-27,261.12
AMZN,2026-04-28,259.7
AMZN,2026-04-29,263.04
AMZN,2026-04-30,265.06
AMZN,2026-05-01,268.26
AMZN,2026-05-04,272.05
AMZN,2026-05-05,273.55
AMZN,2026-05-06,274.99
AMZN,2026-05-07,271.17
AMZN,2026-05-08,272.68
AMZN,2026-05-11,268.99
AMZN,2026-05-12,265.82
AMZN,2026-05-13,270.13
AMZN,2026-05-14,267.22
AMZN,2026-05-15,264.14
AMZN,2026-05-18,264.86
AMZN,2026-05-19,259.34
AMZN,2026-05-20,265.01
AMZN,2026-05-21,268.46
AMZN,2026-05-22,266.32
AMZN,2026-05-26,265.29
AMZN,2026-05-27,271.85
AMZN,2026-05-28,274.0
AMZN,2026-05-29,270.64
AMZN,2026-06-01,261.26
AMZN,2026-06-02,256.52
AMZN,2026-06-03,250.02
AMZN,2026-06-04,253.79
AMZN,2026-06-05,246.03
AMZN,2026-06-08,245.22
AMZN,2026-06-09,244.19
AMZN,2026-06-10,238.0
AMZN,2026-06-11,241.51
AMZN,2026-06-12,238.55
AMZN,2026-06-15,246.02
AMZN,2026-06-16,246.0
AMZN,2026-06-17,237.5
AMZN,2026-06-18,244.39
AMZN,2026-06-22,232.79
AMZN,2026-06-23,234.11
AMZN,2026-06-24,234.27
AMZN,2026-06-25,227.01
AMZN,2026-06-26,232.69
AMZN,2026-06-29,240.14
AMZN,2026-06-30,238.34
AMZN,2026-07-01,241.7
AMZN,2026-07-02,242.67
AMZN,2026-07-06,244.16
AMZN,2026-07-07,245.98
AMZN,2026-07-08,243.62
AMZN,2026-07-09,247.04
AMZN,2026-07-10,245.34
AMZN,2026-07-13,247.31
AMZN,2026-07-14,247.49
AMZN,2026-07-15,254.96
AMZN,2026-07-16,249.89
AMZN,2026-07-17,247.23
AMZN,2026-07-20,249.99
AMZN,2026-07-21,247.55
AMZN,2026-07-22,244.85
AMZN,2026-07-23,233.66
AMZN,2026-07-24,232.11
AMZN,2026-07-27,231.39
META,2022-01-03,335.59
META,2022-01-04,333.6
META,2022-01-05,321.35
META,2022-01-06,329.57
META,2022-01-07,328.9
META,2022-01-10,325.21
META,2022-01-11,331.46
META,2022-01-12,330.36
META,2022-01-13,323.64
META,2022-01-14,329.01
META,2022-01-18,315.38
META,2022-01-19,316.81
META,2022-01-20,313.8
META,2022-01-21,300.53
META,2022-01-24,306.02
META,2022-01-25,297.54
META,2022-01-26,292.07
META,2022-01-27,292.08
META,2022-01-28,299.08
META,2022-01-31,310.53
META,2022-02-01,316.22
META,2022-02-02,320.19
META,2022-02-03,235.69
META,2022-02-04,235.03
META,2022-02-07,222.95
META,2022-02-08,218.26
META,2022-02-09,229.98
META,2022-02-10,226.08
META,2022-02-11,217.64
META,2022-02-14,215.8
META,2022-02-15,219.08
META,2022-02-16,214.65
META,2022-02-17,205.9
META,2022-02-18,204.37
META,2022-02-22,200.32
META,2022-02-23,196.72
META,2022-02-24,205.79
META,2022-02-25,208.65
META,2022-02-28,209.19
META,2022-03-01,201.72
META,2022-03-02,206.3
META,2022-03-03,201.2
META,2022-03-04,198.32
META,2022-03-07,185.84
META,2022-03-08,188.63
META,2022-03-09,196.77
META,2022-03-10,193.51
META,2022-03-11,185.98
META,2022-03-14,185.01
META,2022-03-15,190.36
META,2022-03-16,201.86
META,2022-03-17,206.03
META,2022-03-18,214.61
META,2022-03-21,209.65
META,2022-03-22,214.76
META,2022-03-23,211.6
META,2022-03-24,217.66
META,2022-03-25,219.89
META,2022-03-28,221.64
META,2022-03-29,227.86
META,2022-03-30,225.87
META,2022-03-31,220.42
META,2022-04-01,222.89
META,2022-04-04,231.85
META,2022-04-05,229.82
META,2022-04-06,221.36
META,2022-04-07,221.01
META,2022-04-08,220.39
META,2022-04-11,214.58
META,2022-04-12,212.28
META,2022-04-13,213.12
META,2022-04-14,208.35
META,2022-04-18,208.94
META,2022-04-19,215.42
META,2022-04-20,198.68
META,2022-04-21,186.43
META,2022-04-22,182.51
META,2022-04-25,185.36
META,2022-04-26,179.37
META,2022-04-27,173.43
META,2022-04-28,203.94
META,2022-04-29,198.72
META,2022-05-02,209.29
META,2022-05-03,210.18
META,2022-05-04,221.47
META,2022-05-05,206.47
META,2022-05-06,202.0
META,2022-05-09,194.5
META,2022-05-10,195.93
META,2022-05-11,187.1
META,2022-05-12,189.58
META,2022-05-13,196.89
META,2022-05-16,198.3
META,2022-05-17,200.86
META,2022-05-18,190.57
META,2022-05-19,189.62
META,2022-05-20,191.86
META,2022-05-23,194.52
META,2022-05-24,179.7
META,2022-05-25,182.23
META,2022-05-26,189.96
META,2022-05-27,193.43
META,2022-05-31,191.95
META,2022-06-01,187.0
META,2022-06-02,197.13
META,2022-06-03,189.12
META,2022-06-06,192.56
META,2022-06-07,193.95
META,2022-06-08,194.93
META,2022-06-09,182.4
META,2022-06-10,174.04
META,2022-06-13,162.83
META,2022-06-14,162.3
META,2022-06-15,167.88
META,2022-06-16,159.47
META,2022-06-17,162.31
META,2022-06-21,155.68
META,2022-06-22,154.49
META,2022-06-23,157.37
META,2022-06-24,168.68
META,2022-06-27,168.01
META,2022-06-28,159.28
META,2022-06-29,162.51
META,2022-06-30,159.85
META,2022-07-01,158.64
META,2022-07-05,166.73
META,2022-07-06,168.29
META,2022-07-07,170.69
META,2022-07-08,169.39
META,2022-07-11,161.46
META,2022-07-12,161.85
META,2022-07-13,162.07
META,2022-07-14,156.67
META,2022-07-15,163.27
META,2022-07-18,165.77
META,2022-07-19,174.25
META,2022-07-20,181.5
META,2022-07-21,181.58
META,2022-07-22,167.8
META,2022-07-25,165.2
META,2022-07-26,157.76
META,2022-07-27,168.1
META,2022-07-28,159.32
META,2022-07-29,157.72
META,2022-08-01,158.54
META,2022-08-02,158.8
META,2022-08-03,167.33
META,2022-08-04,169.09
META,2022-08-05,165.66
META,2022-08-08,168.77
META,2022-08-09,167.06
META,2022-08-10,176.79
META,2022-08-11,175.94
META,2022-08-12,178.93
META,2022-08-15,179.32
META,2022-08-16,177.91
META,2022-08-17,173.33
META,2022-08-18,173.14
META,2022-08-19,166.5
META,2022-08-22,161.63
META,2022-08-23,159.71
META,2022-08-24,161.84
META,2022-08-25,167.31
META,2022-08-26,160.37
META,2022-08-29,157.78
META,2022-08-30,155.79
META,2022-08-31,161.51
META,2022-09-01,163.92
META,2022-09-02,158.92
META,2022-09-06,157.16
META,2022-09-07,158.99
META,2022-09-08,160.65
META,2022-09-09,167.68
META,2022-09-12,167.49
META,2022-09-13,151.8
META,2022-09-14,150.15
META,2022-09-15,148.25
META,2022-09-16,145.02
META,2022-09-19,146.73
META,2022-09-20,144.82
META,2022-09-21,140.88
META,2022-09-22,141.58
META,2022-09-23,139.19
META,2022-09-26,135.18
META,2022-09-27,133.23
META,2022-09-28,140.38
META,2022-09-29,135.22
META,2022-09-30,134.5
META,2022-10-03,137.4
META,2022-10-04,139.06
META,2022-10-05,137.77
META,2022-10-06,137.86
META,2022-10-07,132.29
META,2022-10-10,132.63
META,2022-10-11,127.42
META,2022-10-12,126.39
META,2022-10-13,129.16
META,2022-10-14,125.66
META,2022-10-17,132.87
META,2022-10-18,131.64
META,2022-10-19,132.07
META,2022-10-20,130.39
META,2022-10-21,128.88
META,2022-10-24,128.59
META,2022-10-25,136.31
META,2022-10-26,128.69
META,2022-10-27,97.09
META,2022-10-28,98.34
META,2022-10-31,92.35
META,2022-11-01,94.37
META,2022-11-02,89.75
META,2022-11-03,88.14
META,2022-11-04,90.0
META,2022-11-07,95.88
META,2022-11-08,95.63
META,2022-11-09,100.59
META,2022-11-10,110.9
META,2022-11-11,112.04
META,2022-11-14,113.23
META,2022-11-15,116.06
META,2022-11-16,112.24
META,2022-11-17,110.48
META,2022-11-18,111.07
META,2022-11-21,108.9
META,2022-11-22,110.47
META,2022-11-23,111.26
META,2022-11-25,110.44
META,2022-11-28,107.83
META,2022-11-29,108.51
META,2022-11-30,117.07
META,2022-12-01,119.39
META,2022-12-02,122.41
META,2022-12-05,121.36
META,2022-12-06,113.13
META,2022-12-07,112.94
META,2022-12-08,114.33
META,2022-12-09,114.89
META,2022-12-12,113.71
META,2022-12-13,119.1
META,2022-12-14,120.53
META,2022-12-15,115.14
META,2022-12-16,118.39
META,2022-12-19,113.48
META,2022-12-20,116.07
META,2022-12-21,118.72
META,2022-12-22,116.1
META,2022-12-23,117.01
META,2022-12-27,115.86
META,2022-12-28,114.61
META,2022-12-29,119.21
META,2022-12-30,119.29
META,2023-01-03,123.65
META,2023-01-04,126.26
META,2023-01-05,125.83
META,2023-01-06,128.89
META,2023-01-09,128.34
META,2023-01-10,131.83
META,2023-01-11,131.73
META,2023-01-12,135.52
META,2023-01-13,135.79
META,2023-01-17,134.18
META,2023-01-18,131.86
META,2023-01-19,134.96
META,2023-01-20,138.16
META,2023-01-23,142.02
META,2023-01-24,141.89
META,2023-01-25,140.27
META,2023-01-26,146.02
META,2023-01-27,150.42
META,2023-01-30,145.78
META,2023-01-31,147.67
META,2023-02-01,151.79
META,2023-02-02,187.13
META,2023-02-03,184.91
META,2023-02-06,184.44
META,2023-02-07,189.95
META,2023-02-08,181.83
META,2023-02-09,176.37
META,2023-02-10,172.63
META,2023-02-13,177.87
META,2023-02-14,177.92
META,2023-02-15,175.62
META,2023-02-16,170.94
META,2023-02-17,171.38
META,2023-02-21,170.58
META,2023-02-22,169.63
META,2023-02-23,170.54
META,2023-02-24,168.91
META,2023-02-27,168.06
META,2023-02-28,173.42
META,2023-03-01,171.91
META,2023-03-02,173.01
META,2023-03-03,183.64
META,2023-03-06,183.29
META,2023-03-07,182.9
META,2023-03-08,183.36
META,2023-03-09,180.11
META,2023-03-10,177.95
META,2023-03-13,179.33
META,2023-03-14,192.33
META,2023-03-15,196.03
META,2023-03-16,203.15
META,2023-03-17,193.91
META,2023-03-20,196.09
META,2023-03-21,200.4
META,2023-03-22,198.07
META,2023-03-23,202.5
META,2023-03-24,204.22
META,2023-03-27,201.07
META,2023-03-28,198.93
META,2023-03-29,203.56
META,2023-03-30,206.03
META,2023-03-31,210.1
META,2023-04-03,211.22
META,2023-04-04,212.85
META,2023-04-05,209.64
META,2023-04-06,214.22
META,2023-04-10,212.88
META,2023-04-11,211.99
META,2023-04-12,212.14
META,2023-04-13,218.43
META,2023-04-14,219.56
META,2023-04-17,216.95
META,2023-04-18,215.99
META,2023-04-19,213.82
META,2023-04-20,211.22
META,2023-04-21,211.04
META,2023-04-24,210.94
META,2023-04-25,205.74
META,2023-04-26,207.58
META,2023-04-27,236.48
META,2023-04-28,238.23
META,2023-05-01,241.06
META,2023-05-02,237.16
META,2023-05-03,234.97
META,2023-05-04,231.49
META,2023-05-05,230.75
META,2023-05-08,231.24
META,2023-05-09,231.34
META,2023-05-10,231.05
META,2023-05-11,233.74
META,2023-05-12,231.77
META,2023-05-15,236.78
META,2023-05-16,236.74
META,2023-05-17,240.38
META,2023-05-18,244.7
META,2023-05-19,243.5
META,2023-05-22,246.16
META,2023-05-23,244.59
META,2023-05-24,247.04
META,2023-05-25,250.49
META,2023-05-26,259.76
META,2023-05-30,260.23
META,2023-05-31,262.42
META,2023-06-01,270.24
META,2023-06-02,270.24
META,2023-06-05,269.03
META,2023-06-06,268.76
META,2023-06-07,261.31
META,2023-06-08,262.28
META,2023-06-09,262.64
META,2023-06-12,268.69
META,2023-06-13,268.96
META,2023-06-14,270.97
META,2023-06-15,279.38
META,2023-06-16,278.55
META,2023-06-20,281.85
META,2023-06-21,279.19
META,2023-06-22,282.4
META,2023-06-23,286.22
META,2023-06-26,276.05
META,2023-06-27,284.55
META,2023-06-28,282.81
META,2023-06-29,279.08
META,2023-06-30,284.48
META,2023-07-03,283.53
META,2023-07-05,291.81
META,2023-07-06,289.45
META,2023-07-07,288.0
META,2023-07-10,291.54
META,2023-07-11,295.69
META,2023-07-12,306.65
META,2023-07-13,310.68
META,2023-07-14,306.18
META,2023-07-17,307.92
META,2023-07-18,309.33
META,2023-07-19,313.26
META,2023-07-20,299.89
META,2023-07-21,291.7
META,2023-07-24,289.07
META,2023-07-25,291.91
META,2023-07-26,295.97
META,2023-07-27,309.0
META,2023-07-28,322.65
META,2023-07-31,315.83
META,2023-08-01,319.9
META,2023-08-02,311.57
META,2023-08-03,310.46
META,2023-08-04,308.03
META,2023-08-07,313.8
META,2023-08-08,309.92
META,2023-08-09,302.55
META,2023-08-10,303.08
META,2023-08-11,299.01
META,2023-08-14,303.52
META,2023-08-15,299.32
META,2023-08-16,291.73
META,2023-08-17,282.61
META,2023-08-18,280.78
META,2023-08-21,287.38
META,2023-08-22,285.1
META,2023-08-23,291.68
META,2023-08-24,284.25
META,2023-08-25,283.01
META,2023-08-28,287.73
META,2023-08-29,295.4
META,2023-08-30,292.53
META,2023-08-31,293.31
META,2023-09-01,293.8
META,2023-09-05,297.54
META,2023-09-06,296.57
META,2023-09-07,296.07
META,2023-09-08,295.3
META,2023-09-11,304.88
META,2023-09-12,299.03
META,2023-09-13,302.4
META,2023-09-14,309.01
META,2023-09-15,297.7
META,2023-09-18,299.92
META,2023-09-19,302.41
META,2023-09-20,297.06
META,2023-09-21,293.16
META,2023-09-22,296.48
META,2023-09-25,298.21
META,2023-09-26,296.36
META,2023-09-27,295.15
META,2023-09-28,301.31
META,2023-09-29,297.6
META,2023-10-02,304.15
META,2023-10-03,298.32
META,2023-10-04,302.92
META,2023-10-05,302.14
META,2023-10-06,312.68
META,2023-10-09,315.59
META,2023-10-10,319.04
META,2023-10-11,324.97
META,2023-10-12,321.34
META,2023-10-13,311.95
META,2023-10-16,318.35
META,2023-10-17,321.18
META,2023-10-18,314.21
META,2023-10-19,310.09
META,2023-10-20,305.96
META,2023-10-23,311.28
META,2023-10-24,309.83
META,2023-10-25,296.92
META,2023-10-26,285.84
META,2023-10-27,294.15
META,2023-10-30,300.03
META,2023-10-31,298.65
META,2023-11-01,309.14
META,2023-11-02,308.16
META,2023-11-03,311.86
META,2023-11-06,313.05
META,2023-11-07,316.04
META,2023-11-08,317.0
META,2023-11-09,317.76
META,2023-11-10,325.91
META,2023-11-13,326.32
META,2023-11-14,333.38
META,2023-11-15,329.81
META,2023-11-16,331.28
META,2023-11-17,332.12
META,2023-11-20,337.01
META,2023-11-21,334.05
META,2023-11-22,338.52
META,2023-11-24,335.29
META,2023-11-27,331.79
META,2023-11-28,336.04
META,2023-11-29,329.31
META,2023-11-30,324.3
META,2023-12-01,321.99
META,2023-12-04,317.23
META,2023-12-05,315.52
META,2023-12-06,314.69
META,2023-12-07,323.75
META,2023-12-08,329.85
META,2023-12-11,322.45
META,2023-12-12,331.31
META,2023-12-13,331.83
META,2023-12-14,330.27
META,2023-12-15,332.0
META,2023-12-18,341.62
META,2023-12-19,347.31
META,2023-12-20,346.24
META,2023-12-21,351.01
META,2023-12-22,350.31
META,2023-12-26,351.74
META,2023-12-27,354.72
META,2023-12-28,355.2
META,2023-12-29,350.88
META,2024-01-02,343.28
META,2024-01-03,341.47
META,2024-01-04,344.1
META,2024-01-05,348.89
META,2024-01-08,355.54
META,2024-01-09,354.32
META,2024-01-10,367.25
META,2024-01-11,366.45
META,2024-01-12,371.23
META,2024-01-16,364.26
META,2024-01-17,365.16
META,2024-01-18,372.86
META,2024-01-19,380.11
META,2024-01-22,378.46
META,2024-01-23,381.85
META,2024-01-24,387.3
META,2024-01-25,389.76
META,2024-01-26,390.71
META,2024-01-29,397.53
META,2024-01-30,396.58
META,2024-01-31,386.74
META,2024-02-01,391.34
META,2024-02-02,470.86
META,2024-02-05,455.41
META,2024-02-06,450.76
META,2024-02-07,465.5
META,2024-02-08,465.91
META,2024-02-09,464.04
META,2024-02-12,464.82
META,2024-02-13,456.11
META,2024-02-14,469.16
META,2024-02-15,479.82
META,2024-02-16,469.2
META,2024-02-20,467.64
META,2024-02-21,464.45
META,2024-02-22,482.41
META,2024-02-23,480.33
META,2024-02-26,478.05
META,2024-02-27,483.32
META,2024-02-28,480.32
META,2024-02-29,486.38
META,2024-03-01,498.46
META,2024-03-04,494.38
META,2024-03-05,486.47
META,2024-03-06,492.29
META,2024-03-07,508.27
META,2024-03-08,502.08
META,2024-03-11,479.89
META,2024-03-12,495.93
META,2024-03-13,491.78
META,2024-03-14,488.07
META,2024-03-15,480.4
META,2024-03-18,493.18
META,2024-03-19,492.44
META,2024-03-20,501.65
META,2024-03-21,503.87
META,2024-03-22,505.68
META,2024-03-25,499.17
META,2024-03-26,492.09
META,2024-03-27,490.08
META,2024-03-28,481.86
META,2024-04-01,487.59
META,2024-04-02,493.56
META,2024-04-03,502.86
META,2024-04-04,507.01
META,2024-04-05,523.3
META,2024-04-08,515.28
META,2024-04-09,512.94
META,2024-04-10,515.85
META,2024-04-11,519.16
META,2024-04-12,507.98
META,2024-04-15,496.4
META,2024-04-16,495.94
META,2024-04-17,490.39
META,2024-04-18,497.96
META,2024-04-19,477.39
META,2024-04-22,478.04
META,2024-04-23,492.3
META,2024-04-24,489.72
META,2024-04-25,438.0
META,2024-04-26,439.9
META,2024-04-29,429.31
META,2024-04-30,426.88
META,2024-05-01,435.83
META,2024-05-02,438.3
META,2024-05-03,448.5
META,2024-05-06,462.12
META,2024-05-07,464.66
META,2024-05-08,468.98
META,2024-05-09,471.78
META,2024-05-10,472.56
META,2024-05-13,464.43
META,2024-05-14,468.24
META,2024-05-15,477.85
META,2024-05-16,469.61
META,2024-05-17,468.3
META,2024-05-20,465.25
META,2024-05-21,461.07
META,2024-05-22,464.2
META,2024-05-23,462.22
META,2024-05-24,474.56
META,2024-05-28,476.25
META,2024-05-29,470.73
META,2024-05-30,463.48
META,2024-05-31,463.26
META,2024-06-03,473.84
META,2024-06-04,473.34
META,2024-06-05,491.27
META,2024-06-06,489.98
META,2024-06-07,489.19
META,2024-06-10,498.75
META,2024-06-11,503.59
META,2024-06-12,504.95
META,2024-06-13,500.24
META,2024-06-14,500.8
META,2024-06-17,503.25
META,2024-06-18,496.16
META,2024-06-20,498.35
META,2024-06-21,491.48
META,2024-06-24,495.58
META,2024-06-25,507.2
META,2024-06-26,509.7
META,2024-06-27,516.1
META,2024-06-28,500.86
META,2024-07-01,501.31
META,2024-07-02,506.1
META,2024-07-03,506.56
META,2024-07-05,536.31
META,2024-07-08,525.79
META,2024-07-09,526.47
META,2024-07-10,531.12
META,2024-07-11,509.28
META,2024-07-12,495.54
META,2024-07-15,492.85
META,2024-07-16,486.52
META,2024-07-17,458.91
META,2024-07-18,472.68
META,2024-07-19,473.61
META,2024-07-22,484.15
META,2024-07-23,485.43
META,2024-07-24,458.19
META,2024-07-25,450.39
META,2024-07-26,462.59
META,2024-07-29,462.6
META,2024-07-30,460.1
META,2024-07-31,471.66
META,2024-08-01,494.42
META,2024-08-02,484.89
META,2024-08-05,472.56
META,2024-08-06,490.8
META,2024-08-07,485.66
META,2024-08-08,506.23
META,2024-08-09,514.32
META,2024-08-12,512.51
META,2024-08-13,525.02
META,2024-08-14,523.25
META,2024-08-15,533.75
META,2024-08-16,523.9
META,2024-08-19,525.75
META,2024-08-20,523.22
META,2024-08-21,531.59
META,2024-08-22,528.38
META,2024-08-23,524.48
META,2024-08-26,517.65
META,2024-08-27,515.64
META,2024-08-28,513.33
META,2024-08-29,514.76
META,2024-08-30,517.83
META,2024-09-03,508.35
META,2024-09-04,509.32
META,2024-09-05,513.41
META,2024-09-06,496.93
META,2024-09-09,501.42
META,2024-09-10,501.42
META,2024-09-11,508.42
META,2024-09-12,522.1
META,2024-09-13,521.12
META,2024-09-16,530.23
META,2024-09-17,533.25
META,2024-09-18,534.87
META,2024-09-19,555.9
META,2024-09-20,558.14
META,2024-09-23,561.18
META,2024-09-24,560.11
META,2024-09-25,565.06
META,2024-09-26,564.59
META,2024-09-27,564.11
META,2024-09-30,569.17
META,2024-10-01,573.17
META,2024-10-02,569.53
META,2024-10-03,579.44
META,2024-10-04,592.53
META,2024-10-07,581.43
META,2024-10-08,589.5
META,2024-10-09,587.13
META,2024-10-10,580.49
META,2024-10-11,586.58
META,2024-10-14,587.04
META,2024-10-15,582.92
META,2024-10-16,573.49
META,2024-10-17,573.63
META,2024-10-18,573.17
META,2024-10-21,571.87
META,2024-10-22,578.68
META,2024-10-23,560.47
META,2024-10-24,564.53
META,2024-10-25,569.97
META,2024-10-28,574.85
META,2024-10-29,589.89
META,2024-10-30,588.41
META,2024-10-31,564.33
META,2024-11-01,563.92
META,2024-11-04,557.47
META,2024-11-05,569.16
META,2024-11-06,568.78
META,2024-11-07,588.32
META,2024-11-08,585.97
META,2024-11-11,579.83
META,2024-11-12,581.47
META,2024-11-13,576.68
META,2024-11-14,573.86
META,2024-11-15,550.91
META,2024-11-18,551.23
META,2024-11-19,557.88
META,2024-11-20,562.28
META,2024-11-21,559.87
META,2024-11-22,555.94
META,2024-11-25,561.88
META,2024-11-26,570.26
META,2024-11-27,565.94
META,2024-11-29,571.03
META,2024-12-02,589.44
META,2024-12-03,610.14
META,2024-12-04,610.27
META,2024-12-05,605.45
META,2024-12-06,620.2
META,2024-12-09,610.06
META,2024-12-10,615.78
META,2024-12-11,629.06
META,2024-12-12,627.18
META,2024-12-13,616.8
META,2024-12-16,621.17
META,2024-12-17,616.39
META,2024-12-18,594.25
META,2024-12-19,592.64
META,2024-12-20,582.37
META,2024-12-23,596.9
META,2024-12-24,604.76
META,2024-12-26,600.38
META,2024-12-27,596.86
META,2024-12-30,588.33
META,2024-12-31,582.63
META,2025-01-02,596.29
META,2025-01-03,601.66
META,2025-01-06,627.1
META,2025-01-07,614.85
META,2025-01-08,607.72
META,2025-01-10,612.83
META,2025-01-13,605.34
META,2025-01-14,591.33
META,2025-01-15,614.08
META,2025-01-16,608.29
META,2025-01-17,609.76
META,2025-01-21,613.43
META,2025-01-22,620.43
META,2025-01-23,633.32
META,2025-01-24,644.31
META,2025-01-27,656.63
META,2025-01-28,671.01
META,2025-01-29,673.16
META,2025-01-30,683.62
META,2025-01-31,685.79
META,2025-02-03,694.03
META,2025-02-04,700.73
META,2025-02-05,701.4
META,2025-02-06,708.49
META,2025-02-07,711.01
META,2025-02-10,713.87
META,2025-02-11,716.26
META,2025-02-12,721.81
META,2025-02-13,724.98
META,2025-02-14,733.05
META,2025-02-18,712.85
META,2025-02-19,700.31
META,2025-02-20,691.42
META,2025-02-21,680.19
META,2025-02-24,664.84
META,2025-02-25,654.27
META,2025-02-26,670.39
META,2025-02-27,655.0
META,2025-02-28,664.91
META,2025-03-03,651.83
META,2025-03-04,636.85
META,2025-03-05,653.24
META,2025-03-06,624.84
META,2025-03-07,622.58
META,2025-03-10,595.05
META,2025-03-11,602.73
META,2025-03-12,616.51
META,2025-03-13,587.74
META,2025-03-14,605.15
META,2025-03-17,602.46
META,2025-03-18,580.01
META,2025-03-19,581.7
META,2025-03-20,583.64
META,2025-03-21,593.85
META,2025-03-24,616.35
META,2025-03-25,623.78
META,2025-03-26,608.52
META,2025-03-27,600.15
META,2025-03-28,574.41
META,2025-03-31,574.04
META,2025-04-01,583.64
META,2025-04-02,581.57
META,2025-04-03,529.48
META,2025-04-04,502.69
META,2025-04-07,514.17
META,2025-04-08,508.39
META,2025-04-09,583.41
META,2025-04-10,544.09
META,2025-04-11,541.38
META,2025-04-14,529.34
META,2025-04-15,519.42
META,2025-04-16,500.28
META,2025-04-17,499.46
META,2025-04-21,482.71
META,2025-04-22,498.26
META,2025-04-23,518.17
META,2025-04-24,531.0
META,2025-04-25,545.06
META,2025-04-28,547.52
META,2025-04-29,552.2
META,2025-04-30,546.79
META,2025-05-01,569.9
META,2025-05-02,594.61
META,2025-05-05,596.85
META,2025-05-06,584.94
META,2025-05-07,594.4
META,2025-05-08,595.6
META,2025-05-09,590.1
META,2025-05-12,636.85
META,2025-05-13,653.38
META,2025-05-14,656.7
META,2025-05-15,641.28
META,2025-05-16,637.76
META,2025-05-19,637.85
META,2025-05-20,634.53
META,2025-05-21,632.94
META,2025-05-22,634.0
META,2025-05-23,624.53
META,2025-05-27,639.73
META,2025-05-28,640.98
META,2025-05-29,642.45
META,2025-05-30,644.88
META,2025-06-02,668.19
META,2025-06-03,664.16
META,2025-06-04,685.18
META,2025-06-05,681.86
META,2025-06-06,694.9
META,2025-06-09,691.26
META,2025-06-10,699.57
META,2025-06-11,691.34
META,2025-06-12,690.56
META,2025-06-13,680.12
META,2025-06-16,699.83
META,2025-06-17,694.95
META,2025-06-18,693.5
META,2025-06-20,680.12
META,2025-06-23,696.25
META,2025-06-24,709.87
META,2025-06-25,706.36
META,2025-06-26,723.72
META,2025-06-27,731.23
META,2025-06-30,735.68
META,2025-07-01,716.87
META,2025-07-02,711.24
META,2025-07-03,716.66
META,2025-07-07,716.0
META,2025-07-08,718.32
META,2025-07-09,730.39
META,2025-07-10,724.86
META,2025-07-11,715.17
META,2025-07-14,718.56
META,2025-07-15,708.07
META,2025-07-16,700.61
META,2025-07-17,699.12
META,2025-07-18,701.98
META,2025-07-21,710.64
META,2025-07-22,702.51
META,2025-07-23,711.25
META,2025-07-24,712.46
META,2025-07-25,710.35
META,2025-07-28,715.29
META,2025-07-29,697.71
META,2025-07-30,692.94
META,2025-07-31,770.91
META,2025-08-01,747.56
META,2025-08-04,773.83
META,2025-08-05,760.97
META,2025-08-06,769.47
META,2025-08-07,759.34
META,2025-08-08,766.79
META,2025-08-11,763.37
META,2025-08-12,787.42
META,2025-08-13,777.53
META,2025-08-14,779.57
META,2025-08-15,782.66
META,2025-08-18,764.86
META,2025-08-19,749.03
META,2025-08-20,745.28
META,2025-08-21,736.69
META,2025-08-22,752.32
META,2025-08-25,750.84
META,2025-08-26,751.64
META,2025-08-27,744.94
META,2025-08-28,748.66
META,2025-08-29,736.29
META,2025-09-02,732.71
META,2025-09-03,734.64
META,2025-09-04,746.2
META,2025-09-05,749.99
META,2025-09-08,749.84
META,2025-09-09,763.2
META,2025-09-10,749.52
META,2025-09-11,748.45
META,2025-09-12,753.12
META,2025-09-15,762.2
META,2025-09-16,776.46
META,2025-09-17,773.19
META,2025-09-18,777.7
META,2025-09-19,775.84
META,2025-09-22,763.18
META,2025-09-23,753.44
META,2025-09-24,758.69
META,2025-09-25,746.97
META,2025-09-26,741.82
META,2025-09-29,741.47
META,2025-09-30,732.47
META,2025-10-01,715.48
META,2025-10-02,725.16
META,2025-10-03,708.72
META,2025-10-06,713.8
META,2025-10-07,711.23
META,2025-10-08,715.98
META,2025-10-09,731.61
META,2025-10-10,703.47
META,2025-10-13,713.84
META,2025-10-14,706.81
META,2025-10-15,715.69
META,2025-10-16,710.22
META,2025-10-17,715.06
META,2025-10-20,730.27
META,2025-10-21,731.37
META,2025-10-22,731.51
META,2025-10-23,732.1
META,2025-10-24,736.44
META,2025-10-27,748.87
META,2025-10-28,749.49
META,2025-10-29,749.72
META,2025-10-30,664.74
META,2025-10-31,646.67
META,2025-11-03,636.06
META,2025-11-04,625.69
META,2025-11-05,634.3
META,2025-11-06,617.33
META,2025-11-07,620.1
META,2025-11-10,630.12
META,2025-11-11,625.45
META,2025-11-12,607.43
META,2025-11-13,608.31
META,2025-11-14,607.88
META,2025-11-17,600.45
META,2025-11-18,596.14
META,2025-11-19,588.79
META,2025-11-20,587.62
META,2025-11-21,592.71
META,2025-11-24,611.46
META,2025-11-25,634.57
META,2025-11-26,631.97
META,2025-11-28,646.27
META,2025-12-01,639.21
META,2025-12-02,645.42
META,2025-12-03,637.94
META,2025-12-04,659.81
META,2025-12-05,671.67
META,2025-12-08,665.07
META,2025-12-09,655.26
META,2025-12-10,648.44
META,2025-12-11,651.02
META,2025-12-12,642.56
META,2025-12-15,646.36
META,2025-12-16,655.98
META,2025-12-17,648.34
META,2025-12-18,663.27
META,2025-12-19,657.6
META,2025-12-22,660.32
META,2025-12-23,663.76
META,2025-12-24,666.36
META,2025-12-26,662.11
META,2025-12-29,657.52
META,2025-12-30,664.76
META,2025-12-31,658.91
META,2026-01-02,649.25
META,2026-01-05,657.62
META,2026-01-06,659.44
META,2026-01-07,647.53
META,2026-01-08,644.91
META,2026-01-09,651.9
META,2026-01-12,640.83
META,2026-01-13,629.97
META,2026-01-14,614.42
META,2026-01-15,619.69
META,2026-01-16,619.15
META,2026-01-20,603.04
META,2026-01-21,611.87
META,2026-01-22,646.48
META,2026-01-23,657.59
META,2026-01-26,671.16
META,2026-01-27,671.77
META,2026-01-28,667.54
META,2026-01-29,737.0
META,2026-01-30,715.22
META,2026-02-02,705.15
META,2026-02-03,690.47
META,2026-02-04,667.8
META,2026-02-05,669.02
META,2026-02-06,660.28
META,2026-02-09,676.01
META,2026-02-10,669.53
META,2026-02-11,667.5
META,2026-02-12,648.65
META,2026-02-13,638.63
META,2026-02-17,638.15
META,2026-02-18,642.07
META,2026-02-19,643.63
META,2026-02-20,654.49
META,2026-02-23,636.12
META,2026-02-24,638.16
META,2026-02-25,652.53
META,2026-02-26,655.84
META,2026-02-27,647.03
META,2026-03-02,652.4
META,2026-03-03,653.91
META,2026-03-04,666.54
META,2026-03-05,659.39
META,2026-03-06,643.71
META,2026-03-09,646.24
META,2026-03-10,652.91
META,2026-03-11,653.69
META,2026-03-12,637.04
META,2026-03-13,612.62
META,2026-03-16,626.87
META,2026-03-17,622.08
META,2026-03-18,615.11
META,2026-03-19,606.14
META,2026-03-20,593.11
META,2026-03-23,603.5
META,2026-03-24,592.37
META,2026-03-25,594.34
META,2026-03-26,547.03
META,2026-03-27,525.23
META,2026-03-30,535.88
META,2026-03-31,571.6
META,2026-04-01,578.69
META,2026-04-02,573.93
META,2026-04-06,572.49
META,2026-04-07,574.52
META,2026-04-08,611.85
META,2026-04-09,627.81
META,2026-04-10,629.28
META,2026-04-13,633.94
META,2026-04-14,661.88
META,2026-04-15,670.96
META,2026-04-16,676.24
META,2026-04-17,687.91
META,2026-04-20,670.29
META,2026-04-21,668.22
META,2026-04-22,674.1
META,2026-04-23,658.54
META,2026-04-24,674.4
META,2026-04-27,677.99
META,2026-04-28,670.72
META,2026-04-29,668.5
META,2026-04-30,611.34
META,2026-05-01,608.19
META,2026-05-04,609.84
META,2026-05-05,604.4
META,2026-05-06,612.31
META,2026-05-07,616.24
META,2026-05-08,609.07
META,2026-05-11,598.31
META,2026-05-12,602.44
META,2026-05-13,616.06
META,2026-05-14,617.86
META,2026-05-15,613.66
META,2026-05-18,610.64
META,2026-05-19,602.05
META,2026-05-20,604.5
META,2026-05-21,606.82
META,2026-05-22,609.69
META,2026-05-26,611.77
META,2026-05-27,634.67
META,2026-05-28,634.7
META,2026-05-29,631.92
META,2026-06-01,599.91
META,2026-06-02,597.08
META,2026-06-03,622.4
META,2026-06-04,626.99
META,2026-06-05,592.45
META,2026-06-08,584.85
META,2026-06-09,584.05
META,2026-06-10,570.45
META,2026-06-11,567.9
META,2026-06-12,566.45
META,2026-06-15,593.48
META,2026-06-16,600.21
META,2026-06-17,567.58
META,2026-06-18,577.22
META,2026-06-22,563.85
META,2026-06-23,562.2
META,2026-06-24,557.67
META,2026-06-25,542.87
META,2026-06-26,550.25
META,2026-06-29,562.6
META,2026-06-30,563.29
META,2026-07-01,612.91
META,2026-07-02,582.9
META,2026-07-06,600.29
META,2026-07-07,615.58
META,2026-07-08,603.12
META,2026-07-09,631.48
META,2026-07-10,669.21
META,2026-07-13,656.73
META,2026-07-14,661.04
META,2026-07-15,681.31
META,2026-07-16,664.54
META,2026-07-17,646.01
META,2026-07-20,645.85
META,2026-07-21,643.81
META,2026-07-22,627.17
META,2026-07-23,606.1
META,2026-07-24,595.19
META,2026-07-27,593.87
AVGO,2022-01-03,61.22
AVGO,2022-01-04,61.92
AVGO,2022-01-05,59.34
AVGO,2022-01-06,58.79
AVGO,2022-01-07,57.14
AVGO,2022-01-10,57.33
AVGO,2022-01-11,57.41
AVGO,2022-01-12,57.41
AVGO,2022-01-13,55.12
AVGO,2022-01-14,55.04
AVGO,2022-01-18,53.33
AVGO,2022-01-19,52.05
AVGO,2022-01-20,50.55
AVGO,2022-01-21,49.21
AVGO,2022-01-24,49.98
AVGO,2022-01-25,49.3
AVGO,2022-01-26,51.42
AVGO,2022-01-27,50.05
AVGO,2022-01-28,51.69
AVGO,2022-01-31,54.07
AVGO,2022-02-01,54.7
AVGO,2022-02-02,55.69
AVGO,2022-02-03,53.61
AVGO,2022-02-04,54.47
AVGO,2022-02-07,54.23
AVGO,2022-02-08,55.4
AVGO,2022-02-09,56.42
AVGO,2022-02-10,54.58
AVGO,2022-02-11,52.92
AVGO,2022-02-14,53.4
AVGO,2022-02-15,55.63
AVGO,2022-02-16,55.12
AVGO,2022-02-17,53.44
AVGO,2022-02-18,53.53
AVGO,2022-02-22,53.29
AVGO,2022-02-23,52.16
AVGO,2022-02-24,53.53
AVGO,2022-02-25,54.27
AVGO,2022-02-28,54.22
AVGO,2022-03-01,52.62
AVGO,2022-03-02,54.06
AVGO,2022-03-03,53.4
AVGO,2022-03-04,55.01
AVGO,2022-03-07,52.67
AVGO,2022-03-08,53.16
AVGO,2022-03-09,55.1
AVGO,2022-03-10,54.24
AVGO,2022-03-11,53.33
AVGO,2022-03-14,52.4
AVGO,2022-03-15,54.71
AVGO,2022-03-16,56.03
AVGO,2022-03-17,55.62
AVGO,2022-03-18,56.34
AVGO,2022-03-21,55.87
AVGO,2022-03-22,56.8
AVGO,2022-03-23,55.69
AVGO,2022-03-24,58.21
AVGO,2022-03-25,58.43
AVGO,2022-03-28,58.8
AVGO,2022-03-29,59.6
AVGO,2022-03-30,58.64
AVGO,2022-03-31,58.51
AVGO,2022-04-01,58.26
AVGO,2022-04-04,58.99
AVGO,2022-04-05,57.06
AVGO,2022-04-06,55.94
AVGO,2022-04-07,56.03
AVGO,2022-04-08,54.54
AVGO,2022-04-11,53.95
AVGO,2022-04-12,54.36
AVGO,2022-04-13,55.06
AVGO,2022-04-14,53.32
AVGO,2022-04-18,54.5
AVGO,2022-04-19,55.53
AVGO,2022-04-20,55.54
AVGO,2022-04-21,55.07
AVGO,2022-04-22,54.54
AVGO,2022-04-25,54.62
AVGO,2022-04-26,52.04
AVGO,2022-04-27,51.99
AVGO,2022-04-28,53.79
AVGO,2022-04-29,51.51
AVGO,2022-05-02,53.55
AVGO,2022-05-03,54.0
AVGO,2022-05-04,56.09
AVGO,2022-05-05,53.89
AVGO,2022-05-06,53.9
AVGO,2022-05-09,52.3
AVGO,2022-05-10,54.02
AVGO,2022-05-11,52.69
AVGO,2022-05-12,53.11
AVGO,2022-05-13,54.66
AVGO,2022-05-16,54.14
AVGO,2022-05-17,56.51
AVGO,2022-05-18,53.02
AVGO,2022-05-19,50.75
AVGO,2022-05-20,50.47
AVGO,2022-05-23,48.91
AVGO,2022-05-24,48.71
AVGO,2022-05-25,49.4
AVGO,2022-05-26,51.17
AVGO,2022-05-27,54.2
AVGO,2022-05-31,53.9
AVGO,2022-06-01,53.3
AVGO,2022-06-02,53.59
AVGO,2022-06-03,52.34
AVGO,2022-06-06,52.15
AVGO,2022-06-07,53.24
AVGO,2022-06-08,52.53
AVGO,2022-06-09,51.68
AVGO,2022-06-10,50.29
AVGO,2022-06-13,48.1
AVGO,2022-06-14,48.33
AVGO,2022-06-15,48.94
AVGO,2022-06-16,46.2
AVGO,2022-06-17,46.33
AVGO,2022-06-21,47.2
AVGO,2022-06-22,46.48
AVGO,2022-06-23,46.52
AVGO,2022-06-24,47.69
AVGO,2022-06-27,47.38
AVGO,2022-06-28,46.7
AVGO,2022-06-29,45.94
AVGO,2022-06-30,45.51
AVGO,2022-07-01,44.77
AVGO,2022-07-05,44.62
AVGO,2022-07-06,45.21
AVGO,2022-07-07,46.71
AVGO,2022-07-08,46.72
AVGO,2022-07-11,45.24
AVGO,2022-07-12,45.1
AVGO,2022-07-13,45.13
AVGO,2022-07-14,45.4
AVGO,2022-07-15,46.32
AVGO,2022-07-18,46.01
AVGO,2022-07-19,47.69
AVGO,2022-07-20,47.95
AVGO,2022-07-21,48.5
AVGO,2022-07-22,48.02
AVGO,2022-07-25,48.07
AVGO,2022-07-26,47.88
AVGO,2022-07-27,49.45
AVGO,2022-07-28,49.99
AVGO,2022-07-29,50.17
AVGO,2022-08-01,50.25
AVGO,2022-08-02,49.77
AVGO,2022-08-03,51.22
AVGO,2022-08-04,51.79
AVGO,2022-08-05,51.66
AVGO,2022-08-08,51.11
AVGO,2022-08-09,49.92
AVGO,2022-08-10,51.57
AVGO,2022-08-11,51.1
AVGO,2022-08-12,52.3
AVGO,2022-08-15,52.37
AVGO,2022-08-16,51.68
AVGO,2022-08-17,50.46
AVGO,2022-08-18,52.32
AVGO,2022-08-19,51.38
AVGO,2022-08-22,49.54
AVGO,2022-08-23,49.63
AVGO,2022-08-24,49.73
AVGO,2022-08-25,51.54
AVGO,2022-08-26,48.8
AVGO,2022-08-29,48.17
AVGO,2022-08-30,47.44
AVGO,2022-08-31,46.76
AVGO,2022-09-01,46.09
AVGO,2022-09-02,46.86
AVGO,2022-09-06,46.67
AVGO,2022-09-07,47.32
AVGO,2022-09-08,47.96
AVGO,2022-09-09,48.94
AVGO,2022-09-12,49.57
AVGO,2022-09-13,47.19
AVGO,2022-09-14,47.85
AVGO,2022-09-15,46.86
AVGO,2022-09-16,47.08
AVGO,2022-09-19,47.02
AVGO,2022-09-20,46.19
AVGO,2022-09-21,45.55
AVGO,2022-09-22,45.12
AVGO,2022-09-23,44.28
AVGO,2022-09-26,43.67
AVGO,2022-09-27,43.91
AVGO,2022-09-28,44.02
AVGO,2022-09-29,42.52
AVGO,2022-09-30,41.95
AVGO,2022-10-03,43.15
AVGO,2022-10-04,45.33
AVGO,2022-10-05,45.8
AVGO,2022-10-06,45.3
AVGO,2022-10-07,43.5
AVGO,2022-10-10,41.35
AVGO,2022-10-11,40.69
AVGO,2022-10-12,40.68
AVGO,2022-10-13,41.38
AVGO,2022-10-14,40.35
AVGO,2022-10-17,41.13
AVGO,2022-10-18,41.08
AVGO,2022-10-19,41.12
AVGO,2022-10-20,40.65
AVGO,2022-10-21,42.49
AVGO,2022-10-24,43.13
AVGO,2022-10-25,43.46
AVGO,2022-10-26,43.57
AVGO,2022-10-27,43.02
AVGO,2022-10-28,44.68
AVGO,2022-10-31,44.41
AVGO,2022-11-01,44.2
AVGO,2022-11-02,43.08
AVGO,2022-11-03,41.96
AVGO,2022-11-04,43.96
AVGO,2022-11-07,44.9
AVGO,2022-11-08,45.55
AVGO,2022-11-09,44.35
AVGO,2022-11-10,47.86
AVGO,2022-11-11,48.95
AVGO,2022-11-14,48.48
AVGO,2022-11-15,49.54
AVGO,2022-11-16,48.34
AVGO,2022-11-17,48.38
AVGO,2022-11-18,48.67
AVGO,2022-11-21,48.88
AVGO,2022-11-22,50.07
AVGO,2022-11-23,50.41
AVGO,2022-11-25,50.06
AVGO,2022-11-28,49.33
AVGO,2022-11-29,49.26
AVGO,2022-11-30,52.06
AVGO,2022-12-01,52.03
AVGO,2022-12-02,51.09
AVGO,2022-12-05,50.13
AVGO,2022-12-06,49.68
AVGO,2022-12-07,48.98
AVGO,2022-12-08,50.17
AVGO,2022-12-09,51.46
AVGO,2022-12-12,52.59
AVGO,2022-12-13,53.95
AVGO,2022-12-14,54.27
AVGO,2022-12-15,52.72
AVGO,2022-12-16,52.52
AVGO,2022-12-19,52.36
AVGO,2022-12-20,51.82
AVGO,2022-12-21,53.46
AVGO,2022-12-22,52.69
AVGO,2022-12-23,52.62
AVGO,2022-12-27,52.73
AVGO,2022-12-28,51.91
AVGO,2022-12-29,53.14
AVGO,2022-12-30,53.26
AVGO,2023-01-03,52.72
AVGO,2023-01-04,53.37
AVGO,2023-01-05,52.87
AVGO,2023-01-06,56.05
AVGO,2023-01-09,54.95
AVGO,2023-01-10,54.77
AVGO,2023-01-11,55.07
AVGO,2023-01-12,55.44
AVGO,2023-01-13,55.16
AVGO,2023-01-17,55.18
AVGO,2023-01-18,54.71
AVGO,2023-01-19,53.65
AVGO,2023-01-20,54.37
AVGO,2023-01-23,55.41
AVGO,2023-01-24,55.73
AVGO,2023-01-25,55.79
AVGO,2023-01-26,57.02
AVGO,2023-01-27,56.3
AVGO,2023-01-30,55.39
AVGO,2023-01-31,55.73
AVGO,2023-02-01,57.42
AVGO,2023-02-02,57.71
AVGO,2023-02-03,56.93
AVGO,2023-02-06,57.28
AVGO,2023-02-07,58.53
AVGO,2023-02-08,57.32
AVGO,2023-02-09,57.1
AVGO,2023-02-10,56.51
AVGO,2023-02-13,57.26
AVGO,2023-02-14,57.38
AVGO,2023-02-15,57.89
AVGO,2023-02-16,57.21
AVGO,2023-02-17,56.74
AVGO,2023-02-21,55.4
AVGO,2023-02-22,54.89
AVGO,2023-02-23,55.61
AVGO,2023-02-24,55.04
AVGO,2023-02-27,55.77
AVGO,2023-02-28,56.61
AVGO,2023-03-01,56.54
AVGO,2023-03-02,57.03
AVGO,2023-03-03,60.28
AVGO,2023-03-06,60.29
AVGO,2023-03-07,59.55
AVGO,2023-03-08,60.23
AVGO,2023-03-09,59.3
AVGO,2023-03-10,58.57
AVGO,2023-03-13,58.73
AVGO,2023-03-14,60.25
AVGO,2023-03-15,59.64
AVGO,2023-03-16,60.63
AVGO,2023-03-17,60.11
AVGO,2023-03-20,61.32
AVGO,2023-03-21,61.09
AVGO,2023-03-22,60.53
AVGO,2023-03-23,61.33
AVGO,2023-03-24,61.04
AVGO,2023-03-27,60.14
AVGO,2023-03-28,59.94
AVGO,2023-03-29,60.01
AVGO,2023-03-30,60.81
AVGO,2023-03-31,61.55
AVGO,2023-04-03,61.64
AVGO,2023-04-04,60.87
AVGO,2023-04-05,60.35
AVGO,2023-04-06,59.74
AVGO,2023-04-10,60.2
AVGO,2023-04-11,59.64
AVGO,2023-04-12,59.17
AVGO,2023-04-13,59.89
AVGO,2023-04-14,59.44
AVGO,2023-04-17,60.19
AVGO,2023-04-18,60.67
AVGO,2023-04-19,60.88
AVGO,2023-04-20,60.74
AVGO,2023-04-21,60.72
AVGO,2023-04-24,60.88
AVGO,2023-04-25,59.68
AVGO,2023-04-26,59.12
AVGO,2023-04-27,59.33
AVGO,2023-04-28,60.11
AVGO,2023-05-01,61.21
AVGO,2023-05-02,58.75
AVGO,2023-05-03,58.83
AVGO,2023-05-04,58.54
AVGO,2023-05-05,60.46
AVGO,2023-05-08,60.36
AVGO,2023-05-09,59.34
AVGO,2023-05-10,60.09
AVGO,2023-05-11,60.22
AVGO,2023-05-12,60.56
AVGO,2023-05-15,61.39
AVGO,2023-05-16,61.54
AVGO,2023-05-17,63.08
AVGO,2023-05-18,65.04
AVGO,2023-05-19,65.46
AVGO,2023-05-22,65.09
AVGO,2023-05-23,65.87
AVGO,2023-05-24,65.2
AVGO,2023-05-25,69.93
AVGO,2023-05-26,77.98
AVGO,2023-05-30,77.08
AVGO,2023-05-31,77.52
AVGO,2023-06-01,75.79
AVGO,2023-06-02,77.91
AVGO,2023-06-05,76.98
AVGO,2023-06-06,75.8
AVGO,2023-06-07,76.05
AVGO,2023-06-08,77.16
AVGO,2023-06-09,77.2
AVGO,2023-06-12,82.07
AVGO,2023-06-13,81.66
AVGO,2023-06-14,85.03
AVGO,2023-06-15,84.76
AVGO,2023-06-16,83.29
AVGO,2023-06-20,83.28
AVGO,2023-06-21,81.76
AVGO,2023-06-22,81.26
AVGO,2023-06-23,79.3
AVGO,2023-06-26,79.25
AVGO,2023-06-27,81.83
AVGO,2023-06-28,81.79
AVGO,2023-06-29,83.2
AVGO,2023-06-30,83.67
AVGO,2023-07-03,84.54
AVGO,2023-07-05,83.13
AVGO,2023-07-06,81.8
AVGO,2023-07-07,81.68
AVGO,2023-07-10,84.66
AVGO,2023-07-11,85.08
AVGO,2023-07-12,85.84
AVGO,2023-07-13,85.88
AVGO,2023-07-14,85.71
AVGO,2023-07-17,87.81
AVGO,2023-07-18,87.14
AVGO,2023-07-19,86.94
AVGO,2023-07-20,85.69
AVGO,2023-07-21,86.5
AVGO,2023-07-24,86.96
AVGO,2023-07-25,88.55
AVGO,2023-07-26,86.14
AVGO,2023-07-27,86.19
AVGO,2023-07-28,86.79
AVGO,2023-07-31,86.68
AVGO,2023-08-01,88.74
AVGO,2023-08-02,86.07
AVGO,2023-08-03,85.36
AVGO,2023-08-04,85.04
AVGO,2023-08-07,86.53
AVGO,2023-08-08,85.19
AVGO,2023-08-09,82.06
AVGO,2023-08-10,81.3
AVGO,2023-08-11,80.04
AVGO,2023-08-14,82.38
AVGO,2023-08-15,81.27
AVGO,2023-08-16,80.35
AVGO,2023-08-17,79.78
AVGO,2023-08-18,79.66
AVGO,2023-08-21,83.45
AVGO,2023-08-22,82.55
AVGO,2023-08-23,84.55
AVGO,2023-08-24,82.42
AVGO,2023-08-25,82.16
AVGO,2023-08-28,83.06
AVGO,2023-08-29,85.84
AVGO,2023-08-30,86.07
AVGO,2023-08-31,89.02
AVGO,2023-09-01,84.16
AVGO,2023-09-05,84.13
AVGO,2023-09-06,84.14
AVGO,2023-09-07,82.67
AVGO,2023-09-08,82.72
AVGO,2023-09-11,82.87
AVGO,2023-09-12,81.46
AVGO,2023-09-13,82.27
AVGO,2023-09-14,84.08
AVGO,2023-09-15,82.15
AVGO,2023-09-18,81.99
AVGO,2023-09-19,81.91
AVGO,2023-09-20,80.55
AVGO,2023-09-21,78.4
AVGO,2023-09-22,80.41
AVGO,2023-09-25,80.87
AVGO,2023-09-26,79.16
AVGO,2023-09-27,79.22
AVGO,2023-09-28,80.69
AVGO,2023-09-29,80.55
AVGO,2023-10-02,80.98
AVGO,2023-10-03,79.02
AVGO,2023-10-04,79.9
AVGO,2023-10-05,79.9
AVGO,2023-10-06,81.98
AVGO,2023-10-09,83.01
AVGO,2023-10-10,83.25
AVGO,2023-10-11,84.82
AVGO,2023-10-12,87.83
AVGO,2023-10-13,85.65
AVGO,2023-10-16,87.53
AVGO,2023-10-17,85.77
AVGO,2023-10-18,86.03
AVGO,2023-10-19,84.16
AVGO,2023-10-20,82.79
AVGO,2023-10-23,83.62
AVGO,2023-10-24,85.45
AVGO,2023-10-25,82.4
AVGO,2023-10-26,80.18
AVGO,2023-10-27,81.31
AVGO,2023-10-30,81.59
AVGO,2023-10-31,81.6
AVGO,2023-11-01,82.72
AVGO,2023-11-02,84.5
AVGO,2023-11-03,85.6
AVGO,2023-11-06,85.43
AVGO,2023-11-07,87.07
AVGO,2023-11-08,88.36
AVGO,2023-11-09,88.39
AVGO,2023-11-10,92.86
AVGO,2023-11-13,91.84
AVGO,2023-11-14,94.36
AVGO,2023-11-15,94.6
AVGO,2023-11-16,93.06
AVGO,2023-11-17,94.82
AVGO,2023-11-20,96.57
AVGO,2023-11-21,95.16
AVGO,2023-11-22,94.27
AVGO,2023-11-24,94.93
AVGO,2023-11-27,92.16
AVGO,2023-11-28,91.78
AVGO,2023-11-29,91.24
AVGO,2023-11-30,89.78
AVGO,2023-12-01,90.19
AVGO,2023-12-04,89.61
AVGO,2023-12-05,88.56
AVGO,2023-12-06,87.64
AVGO,2023-12-07,89.44
AVGO,2023-12-08,91.58
AVGO,2023-12-11,99.82
AVGO,2023-12-12,103.99
AVGO,2023-12-13,105.68
AVGO,2023-12-14,107.31
AVGO,2023-12-15,109.56
AVGO,2023-12-18,111.24
AVGO,2023-12-19,111.03
AVGO,2023-12-20,108.18
AVGO,2023-12-21,109.83
AVGO,2023-12-22,109.31
AVGO,2023-12-26,110.28
AVGO,2023-12-27,109.72
AVGO,2023-12-28,109.35
AVGO,2023-12-29,108.75
AVGO,2024-01-02,105.75
AVGO,2024-01-03,103.14
AVGO,2024-01-04,102.2
AVGO,2024-01-05,102.23
AVGO,2024-01-08,104.72
AVGO,2024-01-09,105.47
AVGO,2024-01-10,105.28
AVGO,2024-01-11,107.17
AVGO,2024-01-12,107.92
AVGO,2024-01-16,108.63
AVGO,2024-01-17,107.53
AVGO,2024-01-18,111.45
AVGO,2024-01-19,118.01
AVGO,2024-01-22,118.91
AVGO,2024-01-23,119.48
AVGO,2024-01-24,122.16
AVGO,2024-01-25,119.84
AVGO,2024-01-26,117.39
AVGO,2024-01-29,118.65
AVGO,2024-01-30,117.71
AVGO,2024-01-31,114.97
AVGO,2024-02-01,116.92
AVGO,2024-02-02,119.29
AVGO,2024-02-05,121.11
AVGO,2024-02-06,119.12
AVGO,2024-02-07,122.47
AVGO,2024-02-08,124.2
AVGO,2024-02-09,125.04
AVGO,2024-02-12,123.25
AVGO,2024-02-13,121.95
AVGO,2024-02-14,122.98
AVGO,2024-02-15,123.25
AVGO,2024-02-16,121.35
AVGO,2024-02-20,119.5
AVGO,2024-02-21,119.59
AVGO,2024-02-22,127.13
AVGO,2024-02-23,126.3
AVGO,2024-02-26,127.55
AVGO,2024-02-27,126.29
AVGO,2024-02-28,125.63
AVGO,2024-02-29,126.7
AVGO,2024-03-01,136.32
AVGO,2024-03-04,136.62
AVGO,2024-03-05,130.82
AVGO,2024-03-06,131.53
AVGO,2024-03-07,137.08
AVGO,2024-03-08,127.51
AVGO,2024-03-11,125.99
AVGO,2024-03-12,125.87
AVGO,2024-03-13,122.55
AVGO,2024-03-14,122.98
AVGO,2024-03-15,120.37
AVGO,2024-03-18,120.54
AVGO,2024-03-19,120.62
AVGO,2024-03-20,124.85
AVGO,2024-03-21,131.89
AVGO,2024-03-22,132.43
AVGO,2024-03-25,132.24
AVGO,2024-03-26,130.28
AVGO,2024-03-27,129.03
AVGO,2024-03-28,129.68
AVGO,2024-04-01,132.11
AVGO,2024-04-02,130.99
AVGO,2024-04-03,133.38
AVGO,2024-04-04,128.91
AVGO,2024-04-05,131.05
AVGO,2024-04-08,130.73
AVGO,2024-04-09,130.53
AVGO,2024-04-10,129.39
AVGO,2024-04-11,135.26
AVGO,2024-04-12,131.51
AVGO,2024-04-15,128.24
AVGO,2024-04-16,130.04
AVGO,2024-04-17,125.5
AVGO,2024-04-18,123.18
AVGO,2024-04-19,117.87
AVGO,2024-04-22,119.81
AVGO,2024-04-23,122.22
AVGO,2024-04-24,122.97
AVGO,2024-04-25,126.65
AVGO,2024-04-26,131.51
AVGO,2024-04-29,130.98
AVGO,2024-04-30,127.22
AVGO,2024-05-01,121.61
AVGO,2024-05-02,121.19
AVGO,2024-05-03,125.05
AVGO,2024-05-06,128.21
AVGO,2024-05-07,127.5
AVGO,2024-05-08,129.68
AVGO,2024-05-09,127.75
AVGO,2024-05-10,130.41
AVGO,2024-05-13,130.87
AVGO,2024-05-14,135.03
AVGO,2024-05-15,140.52
AVGO,2024-05-16,138.17
AVGO,2024-05-17,136.52
AVGO,2024-05-20,138.35
AVGO,2024-05-21,136.9
AVGO,2024-05-22,136.22
AVGO,2024-05-23,136.32
AVGO,2024-05-24,137.75
AVGO,2024-05-28,138.2
AVGO,2024-05-29,136.07
AVGO,2024-05-30,133.47
AVGO,2024-05-31,129.99
AVGO,2024-06-03,129.34
AVGO,2024-06-04,130.21
AVGO,2024-06-05,138.26
AVGO,2024-06-06,137.1
AVGO,2024-06-07,137.63
AVGO,2024-06-10,140.94
AVGO,2024-06-11,142.95
AVGO,2024-06-12,146.33
AVGO,2024-06-13,164.28
AVGO,2024-06-14,169.76
AVGO,2024-06-17,178.94
AVGO,2024-06-18,176.36
AVGO,2024-06-20,169.72
AVGO,2024-06-21,162.29
AVGO,2024-06-24,156.28
AVGO,2024-06-25,155.16
AVGO,2024-06-26,156.26
AVGO,2024-06-27,155.74
AVGO,2024-06-28,157.59
AVGO,2024-07-01,161.05
AVGO,2024-07-02,162.69
AVGO,2024-07-03,169.73
AVGO,2024-07-05,167.19
AVGO,2024-07-08,171.36
AVGO,2024-07-09,170.13
AVGO,2024-07-10,171.25
AVGO,2024-07-11,167.45
AVGO,2024-07-12,166.93
AVGO,2024-07-15,168.26
AVGO,2024-07-16,166.25
AVGO,2024-07-17,153.1
AVGO,2024-07-18,157.56
AVGO,2024-07-19,154.45
AVGO,2024-07-22,158.09
AVGO,2024-07-23,160.75
AVGO,2024-07-24,148.55
AVGO,2024-07-25,146.5
AVGO,2024-07-26,148.83
AVGO,2024-07-29,147.45
AVGO,2024-07-30,140.87
AVGO,2024-07-31,157.71
AVGO,2024-08-01,144.31
AVGO,2024-08-02,141.17
AVGO,2024-08-05,139.46
AVGO,2024-08-06,141.26
AVGO,2024-08-07,133.75
AVGO,2024-08-08,143.05
AVGO,2024-08-09,145.52
AVGO,2024-08-12,145.88
AVGO,2024-08-13,153.28
AVGO,2024-08-14,154.78
AVGO,2024-08-15,163.06
AVGO,2024-08-16,162.66
AVGO,2024-08-19,164.61
AVGO,2024-08-20,162.89
AVGO,2024-08-21,162.72
AVGO,2024-08-22,159.34
AVGO,2024-08-23,163.29
AVGO,2024-08-26,156.67
AVGO,2024-08-27,158.41
AVGO,2024-08-28,155.26
AVGO,2024-08-29,154.03
AVGO,2024-08-30,159.81
AVGO,2024-09-03,149.97
AVGO,2024-09-04,151.28
AVGO,2024-09-05,150.0
AVGO,2024-09-06,134.47
AVGO,2024-09-09,138.22
AVGO,2024-09-10,145.47
AVGO,2024-09-11,155.35
AVGO,2024-09-12,161.52
AVGO,2024-09-13,164.59
AVGO,2024-09-16,160.99
AVGO,2024-09-17,159.47
AVGO,2024-09-18,158.69
AVGO,2024-09-19,164.87
AVGO,2024-09-20,168.49
AVGO,2024-09-23,170.31
AVGO,2024-09-24,172.18
AVGO,2024-09-25,172.85
AVGO,2024-09-26,175.38
AVGO,2024-09-27,170.06
AVGO,2024-09-30,169.87
AVGO,2024-10-01,164.92
AVGO,2024-10-02,168.06
AVGO,2024-10-03,169.27
AVGO,2024-10-04,173.95
AVGO,2024-10-07,172.41
AVGO,2024-10-08,177.98
AVGO,2024-10-09,183.12
AVGO,2024-10-10,182.86
AVGO,2024-10-11,178.72
AVGO,2024-10-14,179.53
AVGO,2024-10-15,173.3
AVGO,2024-10-16,174.13
AVGO,2024-10-17,178.77
AVGO,2024-10-18,177.15
AVGO,2024-10-21,177.25
AVGO,2024-10-22,176.65
AVGO,2024-10-23,170.87
AVGO,2024-10-24,168.74
AVGO,2024-10-25,170.37
AVGO,2024-10-28,169.4
AVGO,2024-10-29,176.51
AVGO,2024-10-30,173.95
AVGO,2024-10-31,167.18
AVGO,2024-11-01,166.35
AVGO,2024-11-04,165.98
AVGO,2024-11-05,171.25
AVGO,2024-11-06,176.82
AVGO,2024-11-07,181.01
AVGO,2024-11-08,180.84
AVGO,2024-11-11,176.18
AVGO,2024-11-12,173.54
AVGO,2024-11-13,170.94
AVGO,2024-11-14,167.78
AVGO,2024-11-15,162.33
AVGO,2024-11-18,163.15
AVGO,2024-11-19,162.83
AVGO,2024-11-20,160.76
AVGO,2024-11-21,161.44
AVGO,2024-11-22,161.73
AVGO,2024-11-25,162.31
AVGO,2024-11-26,162.23
AVGO,2024-11-27,157.24
AVGO,2024-11-29,159.61
AVGO,2024-12-02,163.97
AVGO,2024-12-03,165.59
AVGO,2024-12-04,167.96
AVGO,2024-12-05,167.87
AVGO,2024-12-06,176.8
AVGO,2024-12-09,176.21
AVGO,2024-12-10,169.19
AVGO,2024-12-11,180.41
AVGO,2024-12-12,177.91
AVGO,2024-12-13,221.38
AVGO,2024-12-16,246.19
AVGO,2024-12-17,236.57
AVGO,2024-12-18,220.21
AVGO,2024-12-19,214.99
AVGO,2024-12-20,217.43
AVGO,2024-12-23,229.42
AVGO,2024-12-24,236.66
AVGO,2024-12-26,242.27
AVGO,2024-12-27,238.71
AVGO,2024-12-30,232.61
AVGO,2024-12-31,228.92
AVGO,2025-01-02,229.06
AVGO,2025-01-03,229.62
AVGO,2025-01-06,233.43
AVGO,2025-01-07,225.76
AVGO,2025-01-08,226.42
AVGO,2025-01-10,221.49
AVGO,2025-01-13,222.45
AVGO,2025-01-14,221.87
AVGO,2025-01-15,225.13
AVGO,2025-01-16,226.52
AVGO,2025-01-17,234.45
AVGO,2025-01-21,237.28
AVGO,2025-01-22,237.88
AVGO,2025-01-23,237.25
AVGO,2025-01-24,241.62
AVGO,2025-01-27,199.58
AVGO,2025-01-28,204.75
AVGO,2025-01-29,203.75
AVGO,2025-01-30,212.94
AVGO,2025-01-31,218.48
AVGO,2025-02-03,214.99
AVGO,2025-02-04,219.63
AVGO,2025-02-05,229.08
AVGO,2025-02-06,228.45
AVGO,2025-02-07,222.04
AVGO,2025-02-10,232.08
AVGO,2025-02-11,232.08
AVGO,2025-02-12,233.37
AVGO,2025-02-13,232.83
AVGO,2025-02-14,230.11
AVGO,2025-02-18,225.65
AVGO,2025-02-19,225.85
AVGO,2025-02-20,223.88
AVGO,2025-02-21,215.91
AVGO,2025-02-24,205.31
AVGO,2025-02-25,199.99
AVGO,2025-02-26,210.26
AVGO,2025-02-27,195.31
AVGO,2025-02-28,196.92
AVGO,2025-03-03,185.01
AVGO,2025-03-04,185.12
AVGO,2025-03-05,189.17
AVGO,2025-03-06,177.19
AVGO,2025-03-07,192.5
AVGO,2025-03-10,182.13
AVGO,2025-03-11,187.7
AVGO,2025-03-12,191.78
AVGO,2025-03-13,188.95
AVGO,2025-03-14,193.08
AVGO,2025-03-17,192.05
AVGO,2025-03-18,186.29
AVGO,2025-03-19,193.11
AVGO,2025-03-20,188.71
AVGO,2025-03-21,189.82
AVGO,2025-03-24,189.41
AVGO,2025-03-25,186.45
AVGO,2025-03-26,177.55
AVGO,2025-03-27,170.34
AVGO,2025-03-28,167.5
AVGO,2025-03-31,165.82
AVGO,2025-04-01,166.9
AVGO,2025-04-02,170.44
AVGO,2025-04-03,152.53
AVGO,2025-04-04,144.88
AVGO,2025-04-07,152.66
AVGO,2025-04-08,154.53
AVGO,2025-04-09,183.37
AVGO,2025-04-10,170.65
AVGO,2025-04-11,180.19
AVGO,2025-04-14,176.65
AVGO,2025-04-15,177.23
AVGO,2025-04-16,172.93
AVGO,2025-04-17,169.35
AVGO,2025-04-21,164.61
AVGO,2025-04-22,167.95
AVGO,2025-04-23,175.21
AVGO,2025-04-24,186.34
AVGO,2025-04-25,190.46
AVGO,2025-04-28,190.62
AVGO,2025-04-29,189.33
AVGO,2025-04-30,190.62
AVGO,2025-05-01,195.43
AVGO,2025-05-02,201.68
AVGO,2025-05-05,198.79
AVGO,2025-05-06,198.17
AVGO,2025-05-07,202.84
AVGO,2025-05-08,205.77
AVGO,2025-05-09,206.2
AVGO,2025-05-12,219.45
AVGO,2025-05-13,230.19
AVGO,2025-05-14,229.89
AVGO,2025-05-15,230.41
AVGO,2025-05-16,226.41
AVGO,2025-05-19,228.41
AVGO,2025-05-20,229.45
AVGO,2025-05-21,227.52
AVGO,2025-05-22,228.32
AVGO,2025-05-23,226.52
AVGO,2025-05-27,233.39
AVGO,2025-05-28,237.13
AVGO,2025-05-29,239.65
AVGO,2025-05-30,239.74
AVGO,2025-06-02,246.32
AVGO,2025-06-03,254.38
AVGO,2025-06-04,258.57
AVGO,2025-06-05,257.43
AVGO,2025-06-06,244.56
AVGO,2025-06-09,241.93
AVGO,2025-06-10,242.28
AVGO,2025-06-11,250.48
AVGO,2025-06-12,253.61
AVGO,2025-06-13,246.31
AVGO,2025-06-16,249.68
AVGO,2025-06-17,246.97
AVGO,2025-06-18,248.85
AVGO,2025-06-20,248.17
AVGO,2025-06-23,251.92
AVGO,2025-06-24,261.85
AVGO,2025-06-25,262.73
AVGO,2025-06-26,268.2
AVGO,2025-06-27,267.39
AVGO,2025-06-30,273.64
AVGO,2025-07-01,262.81
AVGO,2025-07-02,267.94
AVGO,2025-07-03,273.18
AVGO,2025-07-07,272.19
AVGO,2025-07-08,269.82
AVGO,2025-07-09,275.88
AVGO,2025-07-10,273.4
AVGO,2025-07-11,272.38
AVGO,2025-07-14,273.6
AVGO,2025-07-15,278.9
AVGO,2025-07-16,278.77
AVGO,2025-07-17,284.37
AVGO,2025-07-18,281.28
AVGO,2025-07-21,286.11
AVGO,2025-07-22,276.56
AVGO,2025-07-23,281.63
AVGO,2025-07-24,286.61
AVGO,2025-07-25,288.07
AVGO,2025-07-28,292.16
AVGO,2025-07-29,295.26
AVGO,2025-07-30,300.42
AVGO,2025-07-31,291.56
AVGO,2025-08-01,286.54
AVGO,2025-08-04,295.55
AVGO,2025-08-05,290.8
AVGO,2025-08-06,299.48
AVGO,2025-08-07,301.55
AVGO,2025-08-08,302.75
AVGO,2025-08-11,301.69
AVGO,2025-08-12,310.55
AVGO,2025-08-13,306.84
AVGO,2025-08-14,308.97
AVGO,2025-08-15,304.11
AVGO,2025-08-18,303.54
AVGO,2025-08-19,292.76
AVGO,2025-08-20,289.05
AVGO,2025-08-21,287.49
AVGO,2025-08-22,291.86
AVGO,2025-08-25,292.09
AVGO,2025-08-26,295.84
AVGO,2025-08-27,298.07
AVGO,2025-08-28,306.4
AVGO,2025-08-29,295.23
AVGO,2025-09-02,296.07
AVGO,2025-09-03,300.19
AVGO,2025-09-04,303.87
AVGO,2025-09-05,332.45
AVGO,2025-09-08,343.14
AVGO,2025-09-09,334.22
AVGO,2025-09-10,366.88
AVGO,2025-09-11,357.01
AVGO,2025-09-12,357.25
AVGO,2025-09-15,361.44
AVGO,2025-09-16,357.38
AVGO,2025-09-17,343.65
AVGO,2025-09-18,342.84
AVGO,2025-09-19,342.43
AVGO,2025-09-22,336.9
AVGO,2025-09-23,337.05
AVGO,2025-09-24,337.42
AVGO,2025-09-25,334.23
AVGO,2025-09-26,332.67
AVGO,2025-09-29,326.07
AVGO,2025-09-30,328.07
AVGO,2025-10-01,331.53
AVGO,2025-10-02,336.3
AVGO,2025-10-03,336.48
AVGO,2025-10-06,333.62
AVGO,2025-10-07,334.54
AVGO,2025-10-08,343.57
AVGO,2025-10-09,343.1
AVGO,2025-10-10,322.82
AVGO,2025-10-13,354.71
AVGO,2025-10-14,342.21
AVGO,2025-10-15,349.37
AVGO,2025-10-16,352.18
AVGO,2025-10-17,347.38
AVGO,2025-10-20,347.29
AVGO,2025-10-21,340.75
AVGO,2025-10-22,338.4
AVGO,2025-10-23,342.37
AVGO,2025-10-24,352.16
AVGO,2025-10-27,360.03
AVGO,2025-10-28,370.89
AVGO,2025-10-29,383.83
AVGO,2025-10-30,374.37
AVGO,2025-10-31,367.57
AVGO,2025-11-03,360.53
AVGO,2025-11-04,349.98
AVGO,2025-11-05,356.98
AVGO,2025-11-06,353.61
AVGO,2025-11-07,347.48
AVGO,2025-11-10,356.39
AVGO,2025-11-11,350.0
AVGO,2025-11-12,353.24
AVGO,2025-11-13,338.09
AVGO,2025-11-14,340.55
AVGO,2025-11-17,340.74
AVGO,2025-11-18,338.6
AVGO,2025-11-19,352.44
AVGO,2025-11-20,344.89
AVGO,2025-11-21,338.3
AVGO,2025-11-24,375.85
AVGO,2025-11-25,382.88
AVGO,2025-11-26,395.35
AVGO,2025-11-28,400.71
AVGO,2025-12-01,383.93
AVGO,2025-12-02,379.44
AVGO,2025-12-03,378.49
AVGO,2025-12-04,378.91
AVGO,2025-12-05,388.07
AVGO,2025-12-08,398.86
AVGO,2025-12-09,404.03
AVGO,2025-12-10,410.67
AVGO,2025-12-11,404.11
AVGO,2025-12-12,357.92
AVGO,2025-12-15,337.92
AVGO,2025-12-16,339.4
AVGO,2025-12-17,324.2
AVGO,2025-12-18,328.04
AVGO,2025-12-19,338.46
AVGO,2025-12-22,340.2
AVGO,2025-12-23,348.04
AVGO,2025-12-24,348.93
AVGO,2025-12-26,350.84
AVGO,2025-12-29,348.11
AVGO,2025-12-30,348.57
AVGO,2025-12-31,344.83
AVGO,2026-01-02,346.34
AVGO,2026-01-05,342.16
AVGO,2026-01-06,342.51
AVGO,2026-01-07,342.24
AVGO,2026-01-08,331.26
AVGO,2026-01-09,343.7
AVGO,2026-01-12,350.92
AVGO,2026-01-13,353.31
AVGO,2026-01-14,338.64
AVGO,2026-01-15,341.76
AVGO,2026-01-16,350.42
AVGO,2026-01-20,331.38
AVGO,2026-01-21,327.59
AVGO,2026-01-22,324.3
AVGO,2026-01-23,318.88
AVGO,2026-01-26,323.66
AVGO,2026-01-27,331.57
AVGO,2026-01-28,332.02
AVGO,2026-01-29,329.52
AVGO,2026-01-30,330.08
AVGO,2026-02-02,329.89
AVGO,2026-02-03,319.15
AVGO,2026-02-04,306.92
AVGO,2026-02-05,309.37
AVGO,2026-02-06,331.7
AVGO,2026-02-09,342.68
AVGO,2026-02-10,339.19
AVGO,2026-02-11,341.5
AVGO,2026-02-12,329.95
AVGO,2026-02-13,323.98
AVGO,2026-02-17,331.32
AVGO,2026-02-18,332.29
AVGO,2026-02-19,332.76
AVGO,2026-02-20,331.43
AVGO,2026-02-23,329.13
AVGO,2026-02-24,324.3
AVGO,2026-02-25,331.09
AVGO,2026-02-26,320.52
AVGO,2026-02-27,318.38
AVGO,2026-03-02,317.65
AVGO,2026-03-03,312.69
AVGO,2026-03-04,316.36
AVGO,2026-03-05,331.55
AVGO,2026-03-06,329.27
AVGO,2026-03-09,344.48
AVGO,2026-03-10,341.32
AVGO,2026-03-11,340.32
AVGO,2026-03-12,334.74
AVGO,2026-03-13,320.98
AVGO,2026-03-16,323.73
AVGO,2026-03-17,320.13
AVGO,2026-03-18,314.77
AVGO,2026-03-19,318.67
AVGO,2026-03-20,309.37
AVGO,2026-03-23,322.0
AVGO,2026-03-24,317.79
AVGO,2026-03-25,318.31
AVGO,2026-03-26,308.93
AVGO,2026-03-27,300.2
AVGO,2026-03-30,292.95
AVGO,2026-03-31,309.02
AVGO,2026-04-01,312.99
AVGO,2026-04-02,314.05
AVGO,2026-04-06,313.93
AVGO,2026-04-07,333.44
AVGO,2026-04-08,350.08
AVGO,2026-04-09,354.35
AVGO,2026-04-10,370.96
AVGO,2026-04-13,379.15
AVGO,2026-04-14,380.18
AVGO,2026-04-15,396.09
AVGO,2026-04-16,397.84
AVGO,2026-04-17,405.9
AVGO,2026-04-20,399.0
AVGO,2026-04-21,401.53
AVGO,2026-04-22,421.98
AVGO,2026-04-23,419.28
AVGO,2026-04-24,422.09
AVGO,2026-04-27,417.54
AVGO,2026-04-28,399.2
AVGO,2026-04-29,404.81
AVGO,2026-04-30,416.77
AVGO,2026-05-01,420.61
AVGO,2026-05-04,415.84
AVGO,2026-05-05,426.68
AVGO,2026-05-06,424.77
AVGO,2026-05-07,411.91
AVGO,2026-05-08,429.32
AVGO,2026-05-11,427.75
AVGO,2026-05-12,418.64
AVGO,2026-05-13,416.13
AVGO,2026-05-14,439.1
AVGO,2026-05-15,424.52
AVGO,2026-05-18,420.05
AVGO,2026-05-19,410.42
AVGO,2026-05-20,417.1
AVGO,2026-05-21,413.91
AVGO,2026-05-22,413.49
AVGO,2026-05-26,421.34
AVGO,2026-05-27,421.19
AVGO,2026-05-28,425.91
AVGO,2026-05-29,446.06
AVGO,2026-06-01,459.24
AVGO,2026-06-02,480.81
AVGO,2026-06-03,478.47
AVGO,2026-06-04,418.25
AVGO,2026-06-05,385.12
AVGO,2026-06-08,395.97
AVGO,2026-06-09,391.54
AVGO,2026-06-10,371.51
AVGO,2026-06-11,384.96
AVGO,2026-06-12,381.47
AVGO,2026-06-15,393.32
AVGO,2026-06-16,376.11
AVGO,2026-06-17,392.28
AVGO,2026-06-18,410.7
AVGO,2026-06-22,392.13
AVGO,2026-06-23,380.15
AVGO,2026-06-24,382.07
AVGO,2026-06-25,378.91
AVGO,2026-06-26,365.02
AVGO,2026-06-29,372.45
AVGO,2026-06-30,377.75
AVGO,2026-07-01,369.34
AVGO,2026-07-02,360.45
AVGO,2026-07-06,373.9
AVGO,2026-07-07,370.78
AVGO,2026-07-08,388.69
AVGO,2026-07-09,401.11
AVGO,2026-07-10,399.97
AVGO,2026-07-13,384.05
AVGO,2026-07-14,389.11
AVGO,2026-07-15,394.28
AVGO,2026-07-16,374.45
AVGO,2026-07-17,370.83
AVGO,2026-07-20,378.16
AVGO,2026-07-21,386.5
AVGO,2026-07-22,396.81
AVGO,2026-07-23,392.47
AVGO,2026-07-24,381.92
AVGO,2026-07-27,383.22
TSLA,2022-01-03,399.93
TSLA,2022-01-04,383.2
TSLA,2022-01-05,362.71
TSLA,2022-01-06,354.9
TSLA,2022-01-07,342.32
TSLA,2022-01-10,352.71
TSLA,2022-01-11,354.8
TSLA,2022-01-12,368.74
TSLA,2022-01-13,343.85
TSLA,2022-01-14,349.87
TSLA,2022-01-18,343.5
TSLA,2022-01-19,331.88
TSLA,2022-01-20,332.09
TSLA,2022-01-21,314.63
TSLA,2022-01-24,310.0
TSLA,2022-01-25,306.13
TSLA,2022-01-26,312.47
TSLA,2022-01-27,276.37
TSLA,2022-01-28,282.12
TSLA,2022-01-31,312.24
TSLA,2022-02-01,310.42
TSLA,2022-02-02,301.89
TSLA,2022-02-03,297.05
TSLA,2022-02-04,307.77
TSLA,2022-02-07,302.45
TSLA,2022-02-08,307.33
TSLA,2022-02-09,310.67
TSLA,2022-02-10,301.52
TSLA,2022-02-11,286.67
TSLA,2022-02-14,291.92
TSLA,2022-02-15,307.48
TSLA,2022-02-16,307.8
TSLA,2022-02-17,292.12
TSLA,2022-02-18,285.66
TSLA,2022-02-22,273.84
TSLA,2022-02-23,254.68
TSLA,2022-02-24,266.92
TSLA,2022-02-25,269.96
TSLA,2022-02-28,290.14
TSLA,2022-03-01,288.12
TSLA,2022-03-02,293.3
TSLA,2022-03-03,279.76
TSLA,2022-03-04,279.43
TSLA,2022-03-07,268.19
TSLA,2022-03-08,274.8
TSLA,2022-03-09,286.32
TSLA,2022-03-10,279.43
TSLA,2022-03-11,265.12
TSLA,2022-03-14,255.46
TSLA,2022-03-15,267.3
TSLA,2022-03-16,280.08
TSLA,2022-03-17,290.53
TSLA,2022-03-18,301.8
TSLA,2022-03-21,307.05
TSLA,2022-03-22,331.33
TSLA,2022-03-23,333.04
TSLA,2022-03-24,337.97
TSLA,2022-03-25,336.88
TSLA,2022-03-28,363.95
TSLA,2022-03-29,366.52
TSLA,2022-03-30,364.66
TSLA,2022-03-31,359.2
TSLA,2022-04-01,361.53
TSLA,2022-04-04,381.82
TSLA,2022-04-05,363.75
TSLA,2022-04-06,348.59
TSLA,2022-04-07,352.42
TSLA,2022-04-08,341.83
TSLA,2022-04-11,325.31
TSLA,2022-04-12,328.98
TSLA,2022-04-13,340.79
TSLA,2022-04-14,328.33
TSLA,2022-04-18,334.76
TSLA,2022-04-19,342.72
TSLA,2022-04-20,325.73
TSLA,2022-04-21,336.26
TSLA,2022-04-22,335.02
TSLA,2022-04-25,332.67
TSLA,2022-04-26,292.14
TSLA,2022-04-27,293.84
TSLA,2022-04-28,292.5
TSLA,2022-04-29,290.25
TSLA,2022-05-02,300.98
TSLA,2022-05-03,303.08
TSLA,2022-05-04,317.54
TSLA,2022-05-05,291.09
TSLA,2022-05-06,288.55
TSLA,2022-05-09,262.37
TSLA,2022-05-10,266.68
TSLA,2022-05-11,244.67
TSLA,2022-05-12,242.67
TSLA,2022-05-13,256.53
TSLA,2022-05-16,241.46
TSLA,2022-05-17,253.87
TSLA,2022-05-18,236.6
TSLA,2022-05-19,236.47
TSLA,2022-05-20,221.3
TSLA,2022-05-23,224.97
TSLA,2022-05-24,209.39
TSLA,2022-05-25,219.6
TSLA,2022-05-26,235.91
TSLA,2022-05-27,253.21
TSLA,2022-05-31,252.75
TSLA,2022-06-01,246.79
TSLA,2022-06-02,258.33
TSLA,2022-06-03,234.52
TSLA,2022-06-06,238.28
TSLA,2022-06-07,238.89
TSLA,2022-06-08,241.87
TSLA,2022-06-09,239.71
TSLA,2022-06-10,232.23
TSLA,2022-06-13,215.74
TSLA,2022-06-14,220.89
TSLA,2022-06-15,233.0
TSLA,2022-06-16,213.1
TSLA,2022-06-17,216.76
TSLA,2022-06-21,237.04
TSLA,2022-06-22,236.09
TSLA,2022-06-23,235.07
TSLA,2022-06-24,245.71
TSLA,2022-06-27,244.92
TSLA,2022-06-28,232.66
TSLA,2022-06-29,228.49
TSLA,2022-06-30,224.47
TSLA,2022-07-01,227.26
TSLA,2022-07-05,233.07
TSLA,2022-07-06,231.73
TSLA,2022-07-07,244.54
TSLA,2022-07-08,250.76
TSLA,2022-07-11,234.34
TSLA,2022-07-12,233.07
TSLA,2022-07-13,237.04
TSLA,2022-07-14,238.31
TSLA,2022-07-15,240.07
TSLA,2022-07-18,240.55
TSLA,2022-07-19,245.53
TSLA,2022-07-20,247.5
TSLA,2022-07-21,271.71
TSLA,2022-07-22,272.24
TSLA,2022-07-25,268.43
TSLA,2022-07-26,258.86
TSLA,2022-07-27,274.82
TSLA,2022-07-28,280.9
TSLA,2022-07-29,297.15
TSLA,2022-08-01,297.28
TSLA,2022-08-02,300.59
TSLA,2022-08-03,307.4
TSLA,2022-08-04,308.63
TSLA,2022-08-05,288.17
TSLA,2022-08-08,290.42
TSLA,2022-08-09,283.33
TSLA,2022-08-10,294.36
TSLA,2022-08-11,286.63
TSLA,2022-08-12,300.03
TSLA,2022-08-15,309.32
TSLA,2022-08-16,306.56
TSLA,2022-08-17,304.0
TSLA,2022-08-18,302.87
TSLA,2022-08-19,296.67
TSLA,2022-08-22,289.91
TSLA,2022-08-23,296.45
TSLA,2022-08-24,297.1
TSLA,2022-08-25,296.07
TSLA,2022-08-26,288.09
TSLA,2022-08-29,284.82
TSLA,2022-08-30,277.7
TSLA,2022-08-31,275.61
TSLA,2022-09-01,277.16
TSLA,2022-09-02,270.21
TSLA,2022-09-06,274.42
TSLA,2022-09-07,283.7
TSLA,2022-09-08,289.26
TSLA,2022-09-09,299.68
TSLA,2022-09-12,304.42
TSLA,2022-09-13,292.13
TSLA,2022-09-14,302.61
TSLA,2022-09-15,303.75
TSLA,2022-09-16,303.35
TSLA,2022-09-19,309.07
TSLA,2022-09-20,308.73
TSLA,2022-09-21,300.8
TSLA,2022-09-22,288.59
TSLA,2022-09-23,275.33
TSLA,2022-09-26,276.01
TSLA,2022-09-27,282.94
TSLA,2022-09-28,287.81
TSLA,2022-09-29,268.21
TSLA,2022-09-30,265.25
TSLA,2022-10-03,242.4
TSLA,2022-10-04,249.44
TSLA,2022-10-05,240.81
TSLA,2022-10-06,238.13
TSLA,2022-10-07,223.07
TSLA,2022-10-10,222.96
TSLA,2022-10-11,216.5
TSLA,2022-10-12,217.24
TSLA,2022-10-13,221.72
TSLA,2022-10-14,204.99
TSLA,2022-10-17,219.35
TSLA,2022-10-18,220.19
TSLA,2022-10-19,222.04
TSLA,2022-10-20,207.28
TSLA,2022-10-21,214.44
TSLA,2022-10-24,211.25
TSLA,2022-10-25,222.42
TSLA,2022-10-26,224.64
TSLA,2022-10-27,225.09
TSLA,2022-10-28,228.52
TSLA,2022-10-31,227.54
TSLA,2022-11-01,227.82
TSLA,2022-11-02,214.98
TSLA,2022-11-03,215.31
TSLA,2022-11-04,207.47
TSLA,2022-11-07,197.08
TSLA,2022-11-08,191.3
TSLA,2022-11-09,177.59
TSLA,2022-11-10,190.72
TSLA,2022-11-11,195.97
TSLA,2022-11-14,190.95
TSLA,2022-11-15,194.42
TSLA,2022-11-16,186.92
TSLA,2022-11-17,183.17
TSLA,2022-11-18,180.19
TSLA,2022-11-21,167.87
TSLA,2022-11-22,169.91
TSLA,2022-11-23,183.2
TSLA,2022-11-25,182.86
TSLA,2022-11-28,182.92
TSLA,2022-11-29,180.83
TSLA,2022-11-30,194.7
TSLA,2022-12-01,194.7
TSLA,2022-12-02,194.86
TSLA,2022-12-05,182.45
TSLA,2022-12-06,179.82
TSLA,2022-12-07,174.04
TSLA,2022-12-08,173.44
TSLA,2022-12-09,179.05
TSLA,2022-12-12,167.82
TSLA,2022-12-13,160.95
TSLA,2022-12-14,156.8
TSLA,2022-12-15,157.67
TSLA,2022-12-16,150.23
TSLA,2022-12-19,149.87
TSLA,2022-12-20,137.8
TSLA,2022-12-21,137.57
TSLA,2022-12-22,125.35
TSLA,2022-12-23,123.15
TSLA,2022-12-27,109.1
TSLA,2022-12-28,112.71
TSLA,2022-12-29,121.82
TSLA,2022-12-30,123.18
TSLA,2023-01-03,108.1
TSLA,2023-01-04,113.64
TSLA,2023-01-05,110.34
TSLA,2023-01-06,113.06
TSLA,2023-01-09,119.77
TSLA,2023-01-10,118.85
TSLA,2023-01-11,123.22
TSLA,2023-01-12,123.56
TSLA,2023-01-13,122.4
TSLA,2023-01-17,131.49
TSLA,2023-01-18,128.78
TSLA,2023-01-19,127.17
TSLA,2023-01-20,133.42
TSLA,2023-01-23,143.75
TSLA,2023-01-24,143.89
TSLA,2023-01-25,144.43
TSLA,2023-01-26,160.27
TSLA,2023-01-27,177.9
TSLA,2023-01-30,166.66
TSLA,2023-01-31,173.22
TSLA,2023-02-01,181.41
TSLA,2023-02-02,188.27
TSLA,2023-02-03,189.98
TSLA,2023-02-06,194.76
TSLA,2023-02-07,196.81
TSLA,2023-02-08,201.29
TSLA,2023-02-09,207.32
TSLA,2023-02-10,196.89
TSLA,2023-02-13,194.64
TSLA,2023-02-14,209.25
TSLA,2023-02-15,214.24
TSLA,2023-02-16,202.04
TSLA,2023-02-17,208.31
TSLA,2023-02-21,197.37
TSLA,2023-02-22,200.86
TSLA,2023-02-23,202.07
TSLA,2023-02-24,196.88
TSLA,2023-02-27,207.63
TSLA,2023-02-28,205.71
TSLA,2023-03-01,202.77
TSLA,2023-03-02,190.9
TSLA,2023-03-03,197.79
TSLA,2023-03-06,193.81
TSLA,2023-03-07,187.71
TSLA,2023-03-08,182.0
TSLA,2023-03-09,172.92
TSLA,2023-03-10,173.44
TSLA,2023-03-13,174.48
TSLA,2023-03-14,183.26
TSLA,2023-03-15,180.45
TSLA,2023-03-16,184.13
TSLA,2023-03-17,180.13
TSLA,2023-03-20,183.25
TSLA,2023-03-21,197.58
TSLA,2023-03-22,191.15
TSLA,2023-03-23,192.22
TSLA,2023-03-24,190.41
TSLA,2023-03-27,191.81
TSLA,2023-03-28,189.19
TSLA,2023-03-29,193.88
TSLA,2023-03-30,195.28
TSLA,2023-03-31,207.46
TSLA,2023-04-03,194.77
TSLA,2023-04-04,192.58
TSLA,2023-04-05,185.52
TSLA,2023-04-06,185.06
TSLA,2023-04-10,184.51
TSLA,2023-04-11,186.79
TSLA,2023-04-12,180.54
TSLA,2023-04-13,185.9
TSLA,2023-04-14,185.0
TSLA,2023-04-17,187.04
TSLA,2023-04-18,184.31
TSLA,2023-04-19,180.59
TSLA,2023-04-20,162.99
TSLA,2023-04-21,165.08
TSLA,2023-04-24,162.55
TSLA,2023-04-25,160.67
TSLA,2023-04-26,153.75
TSLA,2023-04-27,160.19
TSLA,2023-04-28,164.31
TSLA,2023-05-01,161.83
TSLA,2023-05-02,160.31
TSLA,2023-05-03,160.61
TSLA,2023-05-04,161.2
TSLA,2023-05-05,170.06
TSLA,2023-05-08,171.79
TSLA,2023-05-09,169.15
TSLA,2023-05-10,168.54
TSLA,2023-05-11,172.08
TSLA,2023-05-12,167.98
TSLA,2023-05-15,166.35
TSLA,2023-05-16,166.52
TSLA,2023-05-17,173.86
TSLA,2023-05-18,176.89
TSLA,2023-05-19,180.14
TSLA,2023-05-22,188.87
TSLA,2023-05-23,185.77
TSLA,2023-05-24,182.9
TSLA,2023-05-25,184.47
TSLA,2023-05-26,193.17
TSLA,2023-05-30,201.16
TSLA,2023-05-31,203.93
TSLA,2023-06-01,207.52
TSLA,2023-06-02,213.97
TSLA,2023-06-05,217.61
TSLA,2023-06-06,221.31
TSLA,2023-06-07,224.57
TSLA,2023-06-08,234.86
TSLA,2023-06-09,244.4
TSLA,2023-06-12,249.83
TSLA,2023-06-13,258.71
TSLA,2023-06-14,256.79
TSLA,2023-06-15,255.9
TSLA,2023-06-16,260.54
TSLA,2023-06-20,274.45
TSLA,2023-06-21,259.46
TSLA,2023-06-22,264.61
TSLA,2023-06-23,256.6
TSLA,2023-06-26,241.05
TSLA,2023-06-27,250.21
TSLA,2023-06-28,256.24
TSLA,2023-06-29,257.5
TSLA,2023-06-30,261.77
TSLA,2023-07-03,279.82
TSLA,2023-07-05,282.48
TSLA,2023-07-06,276.54
TSLA,2023-07-07,274.43
TSLA,2023-07-10,269.61
TSLA,2023-07-11,269.79
TSLA,2023-07-12,271.99
TSLA,2023-07-13,277.9
TSLA,2023-07-14,281.38
TSLA,2023-07-17,290.38
TSLA,2023-07-18,293.34
TSLA,2023-07-19,291.26
TSLA,2023-07-20,262.9
TSLA,2023-07-21,260.02
TSLA,2023-07-24,269.06
TSLA,2023-07-25,265.28
TSLA,2023-07-26,264.35
TSLA,2023-07-27,255.71
TSLA,2023-07-28,266.44
TSLA,2023-07-31,267.43
TSLA,2023-08-01,261.07
TSLA,2023-08-02,254.11
TSLA,2023-08-03,259.32
TSLA,2023-08-04,253.86
TSLA,2023-08-07,251.45
TSLA,2023-08-08,249.7
TSLA,2023-08-09,242.19
TSLA,2023-08-10,245.34
TSLA,2023-08-11,242.65
TSLA,2023-08-14,239.76
TSLA,2023-08-15,232.96
TSLA,2023-08-16,225.6
TSLA,2023-08-17,219.22
TSLA,2023-08-18,215.49
TSLA,2023-08-21,231.28
TSLA,2023-08-22,233.19
TSLA,2023-08-23,236.86
TSLA,2023-08-24,230.04
TSLA,2023-08-25,238.59
TSLA,2023-08-28,238.82
TSLA,2023-08-29,257.18
TSLA,2023-08-30,256.9
TSLA,2023-08-31,258.08
TSLA,2023-09-01,245.01
TSLA,2023-09-05,256.49
TSLA,2023-09-06,251.92
TSLA,2023-09-07,251.49
TSLA,2023-09-08,248.5
TSLA,2023-09-11,273.58
TSLA,2023-09-12,267.48
TSLA,2023-09-13,271.3
TSLA,2023-09-14,276.04
TSLA,2023-09-15,274.39
TSLA,2023-09-18,265.28
TSLA,2023-09-19,266.5
TSLA,2023-09-20,262.59
TSLA,2023-09-21,255.7
TSLA,2023-09-22,244.88
TSLA,2023-09-25,246.99
TSLA,2023-09-26,244.12
TSLA,2023-09-27,240.5
TSLA,2023-09-28,246.38
TSLA,2023-09-29,250.22
TSLA,2023-10-02,251.6
TSLA,2023-10-03,246.53
TSLA,2023-10-04,261.16
TSLA,2023-10-05,260.05
TSLA,2023-10-06,260.53
TSLA,2023-10-09,259.67
TSLA,2023-10-10,263.62
TSLA,2023-10-11,262.99
TSLA,2023-10-12,258.87
TSLA,2023-10-13,251.12
TSLA,2023-10-16,253.92
TSLA,2023-10-17,254.85
TSLA,2023-10-18,242.68
TSLA,2023-10-19,220.11
TSLA,2023-10-20,211.99
TSLA,2023-10-23,212.08
TSLA,2023-10-24,216.52
TSLA,2023-10-25,212.42
TSLA,2023-10-26,205.76
TSLA,2023-10-27,207.3
TSLA,2023-10-30,197.36
TSLA,2023-10-31,200.84
TSLA,2023-11-01,205.66
TSLA,2023-11-02,218.51
TSLA,2023-11-03,219.96
TSLA,2023-11-06,219.27
TSLA,2023-11-07,222.18
TSLA,2023-11-08,222.11
TSLA,2023-11-09,209.98
TSLA,2023-11-10,214.65
TSLA,2023-11-13,223.71
TSLA,2023-11-14,237.41
TSLA,2023-11-15,242.84
TSLA,2023-11-16,233.59
TSLA,2023-11-17,234.3
TSLA,2023-11-20,235.6
TSLA,2023-11-21,241.2
TSLA,2023-11-22,234.21
TSLA,2023-11-24,235.45
TSLA,2023-11-27,236.08
TSLA,2023-11-28,246.72
TSLA,2023-11-29,244.14
TSLA,2023-11-30,240.08
TSLA,2023-12-01,238.83
TSLA,2023-12-04,235.58
TSLA,2023-12-05,238.72
TSLA,2023-12-06,239.37
TSLA,2023-12-07,242.64
TSLA,2023-12-08,243.84
TSLA,2023-12-11,239.74
TSLA,2023-12-12,237.01
TSLA,2023-12-13,239.29
TSLA,2023-12-14,251.05
TSLA,2023-12-15,253.5
TSLA,2023-12-18,252.08
TSLA,2023-12-19,257.22
TSLA,2023-12-20,247.14
TSLA,2023-12-21,254.5
TSLA,2023-12-22,252.54
TSLA,2023-12-26,256.61
TSLA,2023-12-27,261.44
TSLA,2023-12-28,253.18
TSLA,2023-12-29,248.48
TSLA,2024-01-02,248.42
TSLA,2024-01-03,238.45
TSLA,2024-01-04,237.93
TSLA,2024-01-05,237.49
TSLA,2024-01-08,240.45
TSLA,2024-01-09,234.96
TSLA,2024-01-10,233.94
TSLA,2024-01-11,227.22
TSLA,2024-01-12,218.89
TSLA,2024-01-16,219.91
TSLA,2024-01-17,215.55
TSLA,2024-01-18,211.88
TSLA,2024-01-19,212.19
TSLA,2024-01-22,208.8
TSLA,2024-01-23,209.14
TSLA,2024-01-24,207.83
TSLA,2024-01-25,182.63
TSLA,2024-01-26,183.25
TSLA,2024-01-29,190.93
TSLA,2024-01-30,191.59
TSLA,2024-01-31,187.29
TSLA,2024-02-01,188.86
TSLA,2024-02-02,187.91
TSLA,2024-02-05,181.06
TSLA,2024-02-06,185.1
TSLA,2024-02-07,187.58
TSLA,2024-02-08,189.56
TSLA,2024-02-09,193.57
TSLA,2024-02-12,188.13
TSLA,2024-02-13,184.02
TSLA,2024-02-14,188.71
TSLA,2024-02-15,200.45
TSLA,2024-02-16,199.95
TSLA,2024-02-20,193.76
TSLA,2024-02-21,194.77
TSLA,2024-02-22,197.41
TSLA,2024-02-23,191.97
TSLA,2024-02-26,199.4
TSLA,2024-02-27,199.73
TSLA,2024-02-28,202.04
TSLA,2024-02-29,201.88
TSLA,2024-03-01,202.64
TSLA,2024-03-04,188.14
TSLA,2024-03-05,180.74
TSLA,2024-03-06,176.54
TSLA,2024-03-07,178.65
TSLA,2024-03-08,175.34
TSLA,2024-03-11,177.77
TSLA,2024-03-12,177.54
TSLA,2024-03-13,169.48
TSLA,2024-03-14,162.5
TSLA,2024-03-15,163.57
TSLA,2024-03-18,173.8
TSLA,2024-03-19,171.32
TSLA,2024-03-20,175.66
TSLA,2024-03-21,172.82
TSLA,2024-03-22,170.83
TSLA,2024-03-25,172.63
TSLA,2024-03-26,177.67
TSLA,2024-03-27,179.83
TSLA,2024-03-28,175.79
TSLA,2024-04-01,175.22
TSLA,2024-04-02,166.63
TSLA,2024-04-03,168.38
TSLA,2024-04-04,171.11
TSLA,2024-04-05,164.9
TSLA,2024-04-08,172.98
TSLA,2024-04-09,176.88
TSLA,2024-04-10,171.76
TSLA,2024-04-11,174.6
TSLA,2024-04-12,171.05
TSLA,2024-04-15,161.48
TSLA,2024-04-16,157.11
TSLA,2024-04-17,155.45
TSLA,2024-04-18,149.93
TSLA,2024-04-19,147.05
TSLA,2024-04-22,142.05
TSLA,2024-04-23,144.68
TSLA,2024-04-24,162.13
TSLA,2024-04-25,170.18
TSLA,2024-04-26,168.29
TSLA,2024-04-29,194.05
TSLA,2024-04-30,183.28
TSLA,2024-05-01,179.99
TSLA,2024-05-02,180.01
TSLA,2024-05-03,181.19
TSLA,2024-05-06,184.76
TSLA,2024-05-07,177.81
TSLA,2024-05-08,174.72
TSLA,2024-05-09,171.97
TSLA,2024-05-10,168.47
TSLA,2024-05-13,171.89
TSLA,2024-05-14,177.55
TSLA,2024-05-15,173.99
TSLA,2024-05-16,174.84
TSLA,2024-05-17,177.46
TSLA,2024-05-20,174.95
TSLA,2024-05-21,186.6
TSLA,2024-05-22,180.11
TSLA,2024-05-23,173.74
TSLA,2024-05-24,179.24
TSLA,2024-05-28,176.75
TSLA,2024-05-29,176.19
TSLA,2024-05-30,178.79
TSLA,2024-05-31,178.08
TSLA,2024-06-03,176.29
TSLA,2024-06-04,174.77
TSLA,2024-06-05,175.0
TSLA,2024-06-06,177.94
TSLA,2024-06-07,177.48
TSLA,2024-06-10,173.79
TSLA,2024-06-11,170.66
TSLA,2024-06-12,177.29
TSLA,2024-06-13,182.47
TSLA,2024-06-14,178.01
TSLA,2024-06-17,187.44
TSLA,2024-06-18,184.86
TSLA,2024-06-20,181.57
TSLA,2024-06-21,183.01
TSLA,2024-06-24,182.58
TSLA,2024-06-25,187.35
TSLA,2024-06-26,196.37
TSLA,2024-06-27,197.42
TSLA,2024-06-28,197.88
TSLA,2024-07-01,209.86
TSLA,2024-07-02,231.26
TSLA,2024-07-03,246.39
TSLA,2024-07-05,251.52
TSLA,2024-07-08,252.94
TSLA,2024-07-09,262.33
TSLA,2024-07-10,263.26
TSLA,2024-07-11,241.03
TSLA,2024-07-12,248.23
TSLA,2024-07-15,252.64
TSLA,2024-07-16,256.56
TSLA,2024-07-17,248.5
TSLA,2024-07-18,249.23
TSLA,2024-07-19,239.2
TSLA,2024-07-22,251.51
TSLA,2024-07-23,246.38
TSLA,2024-07-24,215.99
TSLA,2024-07-25,220.25
TSLA,2024-07-26,219.8
TSLA,2024-07-29,232.1
TSLA,2024-07-30,222.62
TSLA,2024-07-31,232.07
TSLA,2024-08-01,216.86
TSLA,2024-08-02,207.67
TSLA,2024-08-05,198.88
TSLA,2024-08-06,200.64
TSLA,2024-08-07,191.76
TSLA,2024-08-08,198.84
TSLA,2024-08-09,200.0
TSLA,2024-08-12,197.49
TSLA,2024-08-13,207.83
TSLA,2024-08-14,201.38
TSLA,2024-08-15,214.14
TSLA,2024-08-16,216.12
TSLA,2024-08-19,222.72
TSLA,2024-08-20,221.1
TSLA,2024-08-21,223.27
TSLA,2024-08-22,210.66
TSLA,2024-08-23,220.32
TSLA,2024-08-26,213.21
TSLA,2024-08-27,209.21
TSLA,2024-08-28,205.75
TSLA,2024-08-29,206.28
TSLA,2024-08-30,214.11
TSLA,2024-09-03,210.6
TSLA,2024-09-04,219.41
TSLA,2024-09-05,230.17
TSLA,2024-09-06,210.73
TSLA,2024-09-09,216.27
TSLA,2024-09-10,226.17
TSLA,2024-09-11,228.13
TSLA,2024-09-12,229.81
TSLA,2024-09-13,230.29
TSLA,2024-09-16,226.78
TSLA,2024-09-17,227.87
TSLA,2024-09-18,227.2
TSLA,2024-09-19,243.92
TSLA,2024-09-20,238.25
TSLA,2024-09-23,250.0
TSLA,2024-09-24,254.27
TSLA,2024-09-25,257.02
TSLA,2024-09-26,254.22
TSLA,2024-09-27,260.46
TSLA,2024-09-30,261.63
TSLA,2024-10-01,258.02
TSLA,2024-10-02,249.02
TSLA,2024-10-03,240.66
TSLA,2024-10-04,250.08
TSLA,2024-10-07,240.83
TSLA,2024-10-08,244.5
TSLA,2024-10-09,241.05
TSLA,2024-10-10,238.77
TSLA,2024-10-11,217.8
TSLA,2024-10-14,219.16
TSLA,2024-10-15,219.57
TSLA,2024-10-16,221.33
TSLA,2024-10-17,220.89
TSLA,2024-10-18,220.7
TSLA,2024-10-21,218.85
TSLA,2024-10-22,217.97
TSLA,2024-10-23,213.65
TSLA,2024-10-24,260.48
TSLA,2024-10-25,269.19
TSLA,2024-10-28,262.51
TSLA,2024-10-29,259.52
TSLA,2024-10-30,257.55
TSLA,2024-10-31,249.85
TSLA,2024-11-01,248.98
TSLA,2024-11-04,242.84
TSLA,2024-11-05,251.44
TSLA,2024-11-06,288.53
TSLA,2024-11-07,296.91
TSLA,2024-11-08,321.22
TSLA,2024-11-11,350.0
TSLA,2024-11-12,328.49
TSLA,2024-11-13,330.24
TSLA,2024-11-14,311.18
TSLA,2024-11-15,320.72
TSLA,2024-11-18,338.74
TSLA,2024-11-19,346.0
TSLA,2024-11-20,342.03
TSLA,2024-11-21,339.64
TSLA,2024-11-22,352.56
TSLA,2024-11-25,338.59
TSLA,2024-11-26,338.23
TSLA,2024-11-27,332.89
TSLA,2024-11-29,345.16
TSLA,2024-12-02,357.09
TSLA,2024-12-03,351.42
TSLA,2024-12-04,357.93
TSLA,2024-12-05,369.49
TSLA,2024-12-06,389.22
TSLA,2024-12-09,389.79
TSLA,2024-12-10,400.99
TSLA,2024-12-11,424.77
TSLA,2024-12-12,418.1
TSLA,2024-12-13,436.23
TSLA,2024-12-16,463.02
TSLA,2024-12-17,479.86
TSLA,2024-12-18,440.13
TSLA,2024-12-19,436.17
TSLA,2024-12-20,421.06
TSLA,2024-12-23,430.6
TSLA,2024-12-24,462.28
TSLA,2024-12-26,454.13
TSLA,2024-12-27,431.66
TSLA,2024-12-30,417.41
TSLA,2024-12-31,403.84
TSLA,2025-01-02,379.28
TSLA,2025-01-03,410.44
TSLA,2025-01-06,411.05
TSLA,2025-01-07,394.36
TSLA,2025-01-08,394.94
TSLA,2025-01-10,394.74
TSLA,2025-01-13,403.31
TSLA,2025-01-14,396.36
TSLA,2025-01-15,428.22
TSLA,2025-01-16,413.82
TSLA,2025-01-17,426.5
TSLA,2025-01-21,424.07
TSLA,2025-01-22,415.11
TSLA,2025-01-23,412.38
TSLA,2025-01-24,406.58
TSLA,2025-01-27,397.15
TSLA,2025-01-28,398.09
TSLA,2025-01-29,389.1
TSLA,2025-01-30,400.28
TSLA,2025-01-31,404.6
TSLA,2025-02-03,383.68
TSLA,2025-02-04,392.21
TSLA,2025-02-05,378.17
TSLA,2025-02-06,374.32
TSLA,2025-02-07,361.62
TSLA,2025-02-10,350.73
TSLA,2025-02-11,328.5
TSLA,2025-02-12,336.51
TSLA,2025-02-13,355.94
TSLA,2025-02-14,355.84
TSLA,2025-02-18,354.11
TSLA,2025-02-19,360.56
TSLA,2025-02-20,354.4
TSLA,2025-02-21,337.8
TSLA,2025-02-24,330.53
TSLA,2025-02-25,302.8
TSLA,2025-02-26,290.8
TSLA,2025-02-27,281.95
TSLA,2025-02-28,292.98
TSLA,2025-03-03,284.65
TSLA,2025-03-04,272.04
TSLA,2025-03-05,279.1
TSLA,2025-03-06,263.45
TSLA,2025-03-07,262.67
TSLA,2025-03-10,222.15
TSLA,2025-03-11,230.58
TSLA,2025-03-12,248.09
TSLA,2025-03-13,240.68
TSLA,2025-03-14,249.98
TSLA,2025-03-17,238.01
TSLA,2025-03-18,225.31
TSLA,2025-03-19,235.86
TSLA,2025-03-20,236.26
TSLA,2025-03-21,248.71
TSLA,2025-03-24,278.39
TSLA,2025-03-25,288.14
TSLA,2025-03-26,272.06
TSLA,2025-03-27,273.13
TSLA,2025-03-28,263.55
TSLA,2025-03-31,259.16
TSLA,2025-04-01,268.46
TSLA,2025-04-02,282.76
TSLA,2025-04-03,267.28
TSLA,2025-04-04,239.43
TSLA,2025-04-07,233.29
TSLA,2025-04-08,221.86
TSLA,2025-04-09,272.2
TSLA,2025-04-10,252.4
TSLA,2025-04-11,252.31
TSLA,2025-04-14,252.35
TSLA,2025-04-15,254.11
TSLA,2025-04-16,241.55
TSLA,2025-04-17,241.37
TSLA,2025-04-21,227.5
TSLA,2025-04-22,237.97
TSLA,2025-04-23,250.74
TSLA,2025-04-24,259.51
TSLA,2025-04-25,284.95
TSLA,2025-04-28,285.88
TSLA,2025-04-29,292.03
TSLA,2025-04-30,282.16
TSLA,2025-05-01,280.52
TSLA,2025-05-02,287.21
TSLA,2025-05-05,280.26
TSLA,2025-05-06,275.35
TSLA,2025-05-07,276.22
TSLA,2025-05-08,284.82
TSLA,2025-05-09,298.26
TSLA,2025-05-12,318.38
TSLA,2025-05-13,334.07
TSLA,2025-05-14,347.68
TSLA,2025-05-15,342.82
TSLA,2025-05-16,349.98
TSLA,2025-05-19,342.09
TSLA,2025-05-20,343.82
TSLA,2025-05-21,334.62
TSLA,2025-05-22,341.04
TSLA,2025-05-23,339.34
TSLA,2025-05-27,362.89
TSLA,2025-05-28,356.9
TSLA,2025-05-29,358.43
TSLA,2025-05-30,346.46
TSLA,2025-06-02,342.69
TSLA,2025-06-03,344.27
TSLA,2025-06-04,332.05
TSLA,2025-06-05,284.7
TSLA,2025-06-06,295.14
TSLA,2025-06-09,308.58
TSLA,2025-06-10,326.09
TSLA,2025-06-11,326.43
TSLA,2025-06-12,319.11
TSLA,2025-06-13,325.31
TSLA,2025-06-16,329.13
TSLA,2025-06-17,316.35
TSLA,2025-06-18,322.05
TSLA,2025-06-20,322.16
TSLA,2025-06-23,348.68
TSLA,2025-06-24,340.47
TSLA,2025-06-25,327.55
TSLA,2025-06-26,325.78
TSLA,2025-06-27,323.63
TSLA,2025-06-30,317.66
TSLA,2025-07-01,300.71
TSLA,2025-07-02,315.65
TSLA,2025-07-03,315.35
TSLA,2025-07-07,293.94
TSLA,2025-07-08,297.81
TSLA,2025-07-09,295.88
TSLA,2025-07-10,309.87
TSLA,2025-07-11,313.51
TSLA,2025-07-14,316.9
TSLA,2025-07-15,310.78
TSLA,2025-07-16,321.67
TSLA,2025-07-17,319.41
TSLA,2025-07-18,329.65
TSLA,2025-07-21,328.49
TSLA,2025-07-22,332.11
TSLA,2025-07-23,332.56
TSLA,2025-07-24,305.3
TSLA,2025-07-25,316.06
TSLA,2025-07-28,325.59
TSLA,2025-07-29,321.2
TSLA,2025-07-30,319.04
TSLA,2025-07-31,308.27
TSLA,2025-08-01,302.63
TSLA,2025-08-04,309.26
TSLA,2025-08-05,308.72
TSLA,2025-08-06,319.91
TSLA,2025-08-07,322.27
TSLA,2025-08-08,329.65
TSLA,2025-08-11,339.03
TSLA,2025-08-12,340.84
TSLA,2025-08-13,339.38
TSLA,2025-08-14,335.58
TSLA,2025-08-15,330.56
TSLA,2025-08-18,335.16
TSLA,2025-08-19,329.31
TSLA,2025-08-20,323.9
TSLA,2025-08-21,320.11
TSLA,2025-08-22,340.01
TSLA,2025-08-25,346.6
TSLA,2025-08-26,351.67
TSLA,2025-08-27,349.6
TSLA,2025-08-28,345.98
TSLA,2025-08-29,333.87
TSLA,2025-09-02,329.36
TSLA,2025-09-03,334.09
TSLA,2025-09-04,338.53
TSLA,2025-09-05,350.84
TSLA,2025-09-08,346.4
TSLA,2025-09-09,346.97
TSLA,2025-09-10,347.79
TSLA,2025-09-11,368.81
TSLA,2025-09-12,395.94
TSLA,2025-09-15,410.04
TSLA,2025-09-16,421.62
TSLA,2025-09-17,425.86
TSLA,2025-09-18,416.85
TSLA,2025-09-19,426.07
TSLA,2025-09-22,434.21
TSLA,2025-09-23,425.85
TSLA,2025-09-24,442.79
TSLA,2025-09-25,423.39
TSLA,2025-09-26,440.4
TSLA,2025-09-29,443.21
TSLA,2025-09-30,444.72
TSLA,2025-10-01,459.46
TSLA,2025-10-02,436.0
TSLA,2025-10-03,429.83
TSLA,2025-10-06,453.25
TSLA,2025-10-07,433.09
TSLA,2025-10-08,438.69
TSLA,2025-10-09,435.54
TSLA,2025-10-10,413.49
TSLA,2025-10-13,435.9
TSLA,2025-10-14,429.24
TSLA,2025-10-15,435.15
TSLA,2025-10-16,428.75
TSLA,2025-10-17,439.31
TSLA,2025-10-20,447.43
TSLA,2025-10-21,442.6
TSLA,2025-10-22,438.97
TSLA,2025-10-23,448.98
TSLA,2025-10-24,433.72
TSLA,2025-10-27,452.42
TSLA,2025-10-28,460.55
TSLA,2025-10-29,461.51
TSLA,2025-10-30,440.1
TSLA,2025-10-31,456.56
TSLA,2025-11-03,468.37
TSLA,2025-11-04,444.26
TSLA,2025-11-05,462.07
TSLA,2025-11-06,445.91
TSLA,2025-11-07,429.52
TSLA,2025-11-10,445.23
TSLA,2025-11-11,439.62
TSLA,2025-11-12,430.6
TSLA,2025-11-13,401.99
TSLA,2025-11-14,404.35
TSLA,2025-11-17,408.92
TSLA,2025-11-18,401.25
TSLA,2025-11-19,403.99
TSLA,2025-11-20,395.23
TSLA,2025-11-21,391.09
TSLA,2025-11-24,417.78
TSLA,2025-11-25,419.4
TSLA,2025-11-26,426.58
TSLA,2025-11-28,430.17
TSLA,2025-12-01,430.14
TSLA,2025-12-02,429.24
TSLA,2025-12-03,446.74
TSLA,2025-12-04,454.53
TSLA,2025-12-05,455.0
TSLA,2025-12-08,439.58
TSLA,2025-12-09,445.17
TSLA,2025-12-10,451.45
TSLA,2025-12-11,446.89
TSLA,2025-12-12,458.96
TSLA,2025-12-15,475.31
TSLA,2025-12-16,489.88
TSLA,2025-12-17,467.26
TSLA,2025-12-18,483.37
TSLA,2025-12-19,481.2
TSLA,2025-12-22,488.73
TSLA,2025-12-23,485.56
TSLA,2025-12-24,485.4
TSLA,2025-12-26,475.19
TSLA,2025-12-29,459.64
TSLA,2025-12-30,454.43
TSLA,2025-12-31,449.72
TSLA,2026-01-02,438.07
TSLA,2026-01-05,451.67
TSLA,2026-01-06,432.96
TSLA,2026-01-07,431.41
TSLA,2026-01-08,435.8
TSLA,2026-01-09,445.01
TSLA,2026-01-12,448.96
TSLA,2026-01-13,447.2
TSLA,2026-01-14,439.2
TSLA,2026-01-15,438.57
TSLA,2026-01-16,437.5
TSLA,2026-01-20,419.25
TSLA,2026-01-21,431.44
TSLA,2026-01-22,449.36
TSLA,2026-01-23,449.06
TSLA,2026-01-26,435.2
TSLA,2026-01-27,430.9
TSLA,2026-01-28,431.46
TSLA,2026-01-29,416.56
TSLA,2026-01-30,430.41
TSLA,2026-02-02,421.81
TSLA,2026-02-03,421.96
TSLA,2026-02-04,406.01
TSLA,2026-02-05,397.21
TSLA,2026-02-06,411.11
TSLA,2026-02-09,417.32
TSLA,2026-02-10,425.21
TSLA,2026-02-11,428.27
TSLA,2026-02-12,417.07
TSLA,2026-02-13,417.44
TSLA,2026-02-17,410.63
TSLA,2026-02-18,411.32
TSLA,2026-02-19,411.71
TSLA,2026-02-20,411.82
TSLA,2026-02-23,399.83
TSLA,2026-02-24,409.38
TSLA,2026-02-25,417.4
TSLA,2026-02-26,408.58
TSLA,2026-02-27,402.51
TSLA,2026-03-02,403.32
TSLA,2026-03-03,392.43
TSLA,2026-03-04,405.94
TSLA,2026-03-05,405.55
TSLA,2026-03-06,396.73
TSLA,2026-03-09,398.68
TSLA,2026-03-10,399.24
TSLA,2026-03-11,407.82
TSLA,2026-03-12,395.01
TSLA,2026-03-13,391.2
TSLA,2026-03-16,395.56
TSLA,2026-03-17,399.27
TSLA,2026-03-18,392.78
TSLA,2026-03-19,380.3
TSLA,2026-03-20,367.96
TSLA,2026-03-23,380.85
TSLA,2026-03-24,383.03
TSLA,2026-03-25,385.95
TSLA,2026-03-26,372.11
TSLA,2026-03-27,361.83
TSLA,2026-03-30,355.28
TSLA,2026-03-31,371.75
TSLA,2026-04-01,381.26
TSLA,2026-04-02,360.59
TSLA,2026-04-06,352.82
TSLA,2026-04-07,346.65
TSLA,2026-04-08,343.25
TSLA,2026-04-09,345.62
TSLA,2026-04-10,348.95
TSLA,2026-04-13,352.42
TSLA,2026-04-14,364.2
TSLA,2026-04-15,391.95
TSLA,2026-04-16,388.9
TSLA,2026-04-17,400.62
TSLA,2026-04-20,392.5
TSLA,2026-04-21,386.42
TSLA,2026-04-22,387.51
TSLA,2026-04-23,373.72
TSLA,2026-04-24,376.3
TSLA,2026-04-27,378.67
TSLA,2026-04-28,376.02
TSLA,2026-04-29,372.8
TSLA,2026-04-30,381.63
TSLA,2026-05-01,390.82
TSLA,2026-05-04,392.51
TSLA,2026-05-05,389.37
TSLA,2026-05-06,398.73
TSLA,2026-05-07,411.79
TSLA,2026-05-08,428.35
TSLA,2026-05-11,445.0
TSLA,2026-05-12,433.45
TSLA,2026-05-13,445.27
TSLA,2026-05-14,443.3
TSLA,2026-05-15,422.24
TSLA,2026-05-18,409.99
TSLA,2026-05-19,404.11
TSLA,2026-05-20,417.26
TSLA,2026-05-21,417.85
TSLA,2026-05-22,426.01
TSLA,2026-05-26,433.59
TSLA,2026-05-27,440.36
TSLA,2026-05-28,442.1
TSLA,2026-05-29,435.79
TSLA,2026-06-01,415.88
TSLA,2026-06-02,423.74
TSLA,2026-06-03,423.7
TSLA,2026-06-04,418.45
TSLA,2026-06-05,391.0
TSLA,2026-06-08,408.95
TSLA,2026-06-09,396.68
TSLA,2026-06-10,381.59
TSLA,2026-06-11,399.15
TSLA,2026-06-12,406.43
TSLA,2026-06-15,411.15
TSLA,2026-06-16,404.66
TSLA,2026-06-17,396.38
TSLA,2026-06-18,400.49
TSLA,2026-06-22,405.05
TSLA,2026-06-23,381.61
TSLA,2026-06-24,375.53
TSLA,2026-06-25,375.12
TSLA,2026-06-26,379.71
TSLA,2026-06-29,411.84
TSLA,2026-06-30,420.6
TSLA,2026-07-01,425.3
TSLA,2026-07-02,393.45
TSLA,2026-07-06,419.77
TSLA,2026-07-07,402.9
TSLA,2026-07-08,394.06
TSLA,2026-07-09,406.55
TSLA,2026-07-10,407.76
TSLA,2026-07-13,394.76
TSLA,2026-07-14,396.18
TSLA,2026-07-15,394.46
TSLA,2026-07-16,391.06
TSLA,2026-07-17,380.84
TSLA,2026-07-20,369.57
TSLA,2026-07-21,378.93
TSLA,2026-07-22,374.01
TSLA,2026-07-23,319.69
TSLA,2026-07-24,313.03
TSLA,2026-07-27,309.22
ORCL,2022-01-03,82.46
ORCL,2022-01-04,83.34
ORCL,2022-01-05,81.11
ORCL,2022-01-06,81.29
ORCL,2022-01-07,82.4
ORCL,2022-01-10,84.06
ORCL,2022-01-11,83.31
ORCL,2022-01-12,83.15
ORCL,2022-01-13,82.66
ORCL,2022-01-14,82.56
ORCL,2022-01-18,80.55
ORCL,2022-01-19,78.51
ORCL,2022-01-20,77.89
ORCL,2022-01-21,77.41
ORCL,2022-01-24,77.6
ORCL,2022-01-25,76.33
ORCL,2022-01-26,74.94
ORCL,2022-01-27,75.12
ORCL,2022-01-28,75.78
ORCL,2022-01-31,76.42
ORCL,2022-02-01,76.3
ORCL,2022-02-02,77.68
ORCL,2022-02-03,77.15
ORCL,2022-02-04,77.31
ORCL,2022-02-07,76.02
ORCL,2022-02-08,76.07
ORCL,2022-02-09,78.57
ORCL,2022-02-10,77.07
ORCL,2022-02-11,75.09
ORCL,2022-02-14,74.34
ORCL,2022-02-15,75.11
ORCL,2022-02-16,74.56
ORCL,2022-02-17,71.12
ORCL,2022-02-18,70.21
ORCL,2022-02-22,69.79
ORCL,2022-02-23,68.23
ORCL,2022-02-24,70.44
ORCL,2022-02-25,71.89
ORCL,2022-02-28,71.53
ORCL,2022-03-01,71.57
ORCL,2022-03-02,73.7
ORCL,2022-03-03,73.68
ORCL,2022-03-04,72.02
ORCL,2022-03-07,69.98
ORCL,2022-03-08,69.04
ORCL,2022-03-09,71.65
ORCL,2022-03-10,72.17
ORCL,2022-03-11,73.27
ORCL,2022-03-14,72.57
ORCL,2022-03-15,75.89
ORCL,2022-03-16,75.29
ORCL,2022-03-17,75.89
ORCL,2022-03-18,76.91
ORCL,2022-03-21,76.23
ORCL,2022-03-22,77.02
ORCL,2022-03-23,75.69
ORCL,2022-03-24,77.43
ORCL,2022-03-25,76.95
ORCL,2022-03-28,78.71
ORCL,2022-03-29,79.36
ORCL,2022-03-30,78.49
ORCL,2022-03-31,77.89
ORCL,2022-04-01,77.22
ORCL,2022-04-04,79.16
ORCL,2022-04-05,78.09
ORCL,2022-04-06,77.32
ORCL,2022-04-07,77.07
ORCL,2022-04-08,76.51
ORCL,2022-04-11,75.39
ORCL,2022-04-12,74.99
ORCL,2022-04-13,75.38
ORCL,2022-04-14,75.1
ORCL,2022-04-18,73.94
ORCL,2022-04-19,75.2
ORCL,2022-04-20,75.89
ORCL,2022-04-21,75.13
ORCL,2022-04-22,72.04
ORCL,2022-04-25,72.76
ORCL,2022-04-26,70.43
ORCL,2022-04-27,70.67
ORCL,2022-04-28,71.97
ORCL,2022-04-29,69.38
ORCL,2022-05-02,69.95
ORCL,2022-05-03,69.28
ORCL,2022-05-04,71.09
ORCL,2022-05-05,68.81
ORCL,2022-05-06,68.52
ORCL,2022-05-09,67.62
ORCL,2022-05-10,68.56
ORCL,2022-05-11,67.14
ORCL,2022-05-12,66.86
ORCL,2022-05-13,67.27
ORCL,2022-05-16,65.89
ORCL,2022-05-17,67.94
ORCL,2022-05-18,64.56
ORCL,2022-05-19,63.37
ORCL,2022-05-20,64.87
ORCL,2022-05-23,66.2
ORCL,2022-05-24,65.25
ORCL,2022-05-25,66.01
ORCL,2022-05-26,67.74
ORCL,2022-05-27,68.79
ORCL,2022-05-31,67.98
ORCL,2022-06-01,67.68
ORCL,2022-06-02,69.13
ORCL,2022-06-03,67.86
ORCL,2022-06-06,68.97
ORCL,2022-06-07,68.71
ORCL,2022-06-08,67.47
ORCL,2022-06-09,65.43
ORCL,2022-06-10,63.46
ORCL,2022-06-13,60.54
ORCL,2022-06-14,66.85
ORCL,2022-06-15,65.88
ORCL,2022-06-16,64.95
ORCL,2022-06-17,64.01
ORCL,2022-06-21,63.97
ORCL,2022-06-22,62.89
ORCL,2022-06-23,63.93
ORCL,2022-06-24,66.83
ORCL,2022-06-27,66.55
ORCL,2022-06-28,64.82
ORCL,2022-06-29,65.42
ORCL,2022-06-30,66.04
ORCL,2022-07-01,66.99
ORCL,2022-07-05,68.05
ORCL,2022-07-06,67.74
ORCL,2022-07-07,67.9
ORCL,2022-07-08,67.93
ORCL,2022-07-11,67.95
ORCL,2022-07-12,66.85
ORCL,2022-07-13,66.49
ORCL,2022-07-14,65.94
ORCL,2022-07-15,67.17
ORCL,2022-07-18,66.66
ORCL,2022-07-19,68.59
ORCL,2022-07-20,68.92
ORCL,2022-07-21,70.77
ORCL,2022-07-22,71.11
ORCL,2022-07-25,71.08
ORCL,2022-07-26,70.29
ORCL,2022-07-27,72.04
ORCL,2022-07-28,73.15
ORCL,2022-07-29,73.91
ORCL,2022-08-01,73.53
ORCL,2022-08-02,72.49
ORCL,2022-08-03,73.46
ORCL,2022-08-04,73.49
ORCL,2022-08-05,73.44
ORCL,2022-08-08,72.61
ORCL,2022-08-09,72.89
ORCL,2022-08-10,73.62
ORCL,2022-08-11,73.26
ORCL,2022-08-12,75.15
ORCL,2022-08-15,75.11
ORCL,2022-08-16,75.5
ORCL,2022-08-17,75.25
ORCL,2022-08-18,75.31
ORCL,2022-08-19,74.68
ORCL,2022-08-22,72.6
ORCL,2022-08-23,72.55
ORCL,2022-08-24,72.32
ORCL,2022-08-25,73.0
ORCL,2022-08-26,70.88
ORCL,2022-08-29,70.44
ORCL,2022-08-30,70.39
ORCL,2022-08-31,70.4
ORCL,2022-09-01,71.49
ORCL,2022-09-02,70.91
ORCL,2022-09-06,70.1
ORCL,2022-09-07,70.73
ORCL,2022-09-08,70.88
ORCL,2022-09-09,72.07
ORCL,2022-09-12,73.18
ORCL,2022-09-13,72.2
ORCL,2022-09-14,68.48
ORCL,2022-09-15,66.69
ORCL,2022-09-16,65.35
ORCL,2022-09-19,65.58
ORCL,2022-09-20,64.67
ORCL,2022-09-21,63.38
ORCL,2022-09-22,62.69
ORCL,2022-09-23,61.29
ORCL,2022-09-26,60.24
ORCL,2022-09-27,59.27
ORCL,2022-09-28,59.88
ORCL,2022-09-29,58.3
ORCL,2022-09-30,57.98
ORCL,2022-10-03,59.89
ORCL,2022-10-04,62.37
ORCL,2022-10-05,63.27
ORCL,2022-10-06,62.0
ORCL,2022-10-07,60.09
ORCL,2022-10-10,59.41
ORCL,2022-10-11,59.56
ORCL,2022-10-12,60.87
ORCL,2022-10-13,62.22
ORCL,2022-10-14,61.37
ORCL,2022-10-17,63.96
ORCL,2022-10-18,63.97
ORCL,2022-10-19,63.27
ORCL,2022-10-20,66.09
ORCL,2022-10-21,69.38
ORCL,2022-10-24,69.59
ORCL,2022-10-25,69.8
ORCL,2022-10-26,71.4
ORCL,2022-10-27,71.72
ORCL,2022-10-28,73.83
ORCL,2022-10-31,74.51
ORCL,2022-11-01,73.59
ORCL,2022-11-02,71.69
ORCL,2022-11-03,71.6
ORCL,2022-11-04,72.53
ORCL,2022-11-07,73.24
ORCL,2022-11-08,72.19
ORCL,2022-11-09,72.21
ORCL,2022-11-10,73.65
ORCL,2022-11-11,74.19
ORCL,2022-11-14,74.94
ORCL,2022-11-15,75.57
ORCL,2022-11-16,76.24
ORCL,2022-11-17,75.58
ORCL,2022-11-18,76.09
ORCL,2022-11-21,76.18
ORCL,2022-11-22,78.37
ORCL,2022-11-23,78.79
ORCL,2022-11-25,78.94
ORCL,2022-11-28,77.67
ORCL,2022-11-29,77.16
ORCL,2022-11-30,79.24
ORCL,2022-12-01,80.27
ORCL,2022-12-02,79.54
ORCL,2022-12-05,75.8
ORCL,2022-12-06,75.31
ORCL,2022-12-07,75.18
ORCL,2022-12-08,76.41
ORCL,2022-12-09,76.21
ORCL,2022-12-12,77.57
ORCL,2022-12-13,76.88
ORCL,2022-12-14,78.08
ORCL,2022-12-15,76.41
ORCL,2022-12-16,75.95
ORCL,2022-12-19,76.82
ORCL,2022-12-20,77.24
ORCL,2022-12-21,77.78
ORCL,2022-12-22,76.82
ORCL,2022-12-23,77.16
ORCL,2022-12-27,77.28
ORCL,2022-12-28,76.66
ORCL,2022-12-29,77.68
ORCL,2022-12-30,78.01
ORCL,2023-01-03,79.9
ORCL,2023-01-04,80.62
ORCL,2023-01-05,80.46
ORCL,2023-01-06,81.75
ORCL,2023-01-09,82.78
ORCL,2023-01-10,82.86
ORCL,2023-01-11,84.87
ORCL,2023-01-12,85.04
ORCL,2023-01-13,85.45
ORCL,2023-01-17,84.87
ORCL,2023-01-18,83.06
ORCL,2023-01-19,82.32
ORCL,2023-01-20,83.58
ORCL,2023-01-23,85.23
ORCL,2023-01-24,85.93
ORCL,2023-01-25,85.87
ORCL,2023-01-26,86.05
ORCL,2023-01-27,85.25
ORCL,2023-01-30,83.67
ORCL,2023-01-31,84.74
ORCL,2023-02-01,86.26
ORCL,2023-02-02,85.62
ORCL,2023-02-03,85.85
ORCL,2023-02-06,84.81
ORCL,2023-02-07,84.05
ORCL,2023-02-08,83.04
ORCL,2023-02-09,83.0
ORCL,2023-02-10,83.47
ORCL,2023-02-13,85.66
ORCL,2023-02-14,85.34
ORCL,2023-02-15,84.62
ORCL,2023-02-16,84.03
ORCL,2023-02-17,83.61
ORCL,2023-02-21,82.57
ORCL,2023-02-22,82.69
ORCL,2023-02-23,84.85
ORCL,2023-02-24,84.93
ORCL,2023-02-27,84.26
ORCL,2023-02-28,83.72
ORCL,2023-03-01,82.71
ORCL,2023-03-02,83.31
ORCL,2023-03-03,85.49
ORCL,2023-03-06,85.96
ORCL,2023-03-07,84.64
ORCL,2023-03-08,84.77
ORCL,2023-03-09,83.21
ORCL,2023-03-10,80.53
ORCL,2023-03-13,81.36
ORCL,2023-03-14,81.0
ORCL,2023-03-15,79.49
ORCL,2023-03-16,81.25
ORCL,2023-03-17,81.67
ORCL,2023-03-20,83.3
ORCL,2023-03-21,83.9
ORCL,2023-03-22,84.2
ORCL,2023-03-23,84.09
ORCL,2023-03-24,84.31
ORCL,2023-03-27,86.35
ORCL,2023-03-28,86.07
ORCL,2023-03-29,86.81
ORCL,2023-03-30,86.7
ORCL,2023-03-31,89.01
ORCL,2023-04-03,89.97
ORCL,2023-04-04,90.04
ORCL,2023-04-05,90.9
ORCL,2023-04-06,91.88
ORCL,2023-04-10,90.19
ORCL,2023-04-11,90.39
ORCL,2023-04-12,90.33
ORCL,2023-04-13,91.91
ORCL,2023-04-14,92.07
ORCL,2023-04-17,91.95
ORCL,2023-04-18,92.8
ORCL,2023-04-19,92.16
ORCL,2023-04-20,91.22
ORCL,2023-04-21,91.53
ORCL,2023-04-24,91.81
ORCL,2023-04-25,90.48
ORCL,2023-04-26,90.14
ORCL,2023-04-27,91.42
ORCL,2023-04-28,91.11
ORCL,2023-05-01,91.26
ORCL,2023-05-02,91.19
ORCL,2023-05-03,91.17
ORCL,2023-05-04,91.36
ORCL,2023-05-05,93.28
ORCL,2023-05-08,93.11
ORCL,2023-05-09,92.48
ORCL,2023-05-10,93.81
ORCL,2023-05-11,93.73
ORCL,2023-05-12,94.13
ORCL,2023-05-15,93.56
ORCL,2023-05-16,94.51
ORCL,2023-05-17,95.97
ORCL,2023-05-18,98.44
ORCL,2023-05-19,98.93
ORCL,2023-05-22,97.9
ORCL,2023-05-23,94.79
ORCL,2023-05-24,94.58
ORCL,2023-05-25,100.32
ORCL,2023-05-26,100.12
ORCL,2023-05-30,101.15
ORCL,2023-05-31,101.91
ORCL,2023-06-01,101.96
ORCL,2023-06-02,101.86
ORCL,2023-06-05,102.86
ORCL,2023-06-06,103.02
ORCL,2023-06-07,101.24
ORCL,2023-06-08,103.39
ORCL,2023-06-09,105.67
ORCL,2023-06-12,112.0
ORCL,2023-06-13,112.24
ORCL,2023-06-14,117.62
ORCL,2023-06-15,121.73
ORCL,2023-06-16,120.68
ORCL,2023-06-20,117.39
ORCL,2023-06-21,117.45
ORCL,2023-06-22,115.99
ORCL,2023-06-23,114.12
ORCL,2023-06-26,112.33
ORCL,2023-06-27,113.35
ORCL,2023-06-28,112.09
ORCL,2023-06-29,113.3
ORCL,2023-06-30,114.56
ORCL,2023-07-03,112.69
ORCL,2023-07-05,111.55
ORCL,2023-07-06,111.06
ORCL,2023-07-07,110.25
ORCL,2023-07-10,110.03
ORCL,2023-07-11,110.9
ORCL,2023-07-12,112.0
ORCL,2023-07-13,113.38
ORCL,2023-07-14,115.13
ORCL,2023-07-17,114.77
ORCL,2023-07-18,116.58
ORCL,2023-07-19,114.57
ORCL,2023-07-20,111.86
ORCL,2023-07-21,113.57
ORCL,2023-07-24,113.97
ORCL,2023-07-25,113.86
ORCL,2023-07-26,111.49
ORCL,2023-07-27,112.36
ORCL,2023-07-28,111.97
ORCL,2023-07-31,113.16
ORCL,2023-08-01,113.82
ORCL,2023-08-02,111.7
ORCL,2023-08-03,110.58
ORCL,2023-08-04,110.47
ORCL,2023-08-07,112.07
ORCL,2023-08-08,111.23
ORCL,2023-08-09,109.18
ORCL,2023-08-10,109.07
ORCL,2023-08-11,109.14
ORCL,2023-08-14,111.56
ORCL,2023-08-15,113.22
ORCL,2023-08-16,111.34
ORCL,2023-08-17,110.9
ORCL,2023-08-18,112.42
ORCL,2023-08-21,112.55
ORCL,2023-08-22,112.5
ORCL,2023-08-23,113.75
ORCL,2023-08-24,108.99
ORCL,2023-08-25,112.03
ORCL,2023-08-28,112.79
ORCL,2023-08-29,116.46
ORCL,2023-08-30,116.92
ORCL,2023-08-31,116.21
ORCL,2023-09-01,116.74
ORCL,2023-09-05,119.68
ORCL,2023-09-06,120.02
ORCL,2023-09-07,120.75
ORCL,2023-09-08,121.94
ORCL,2023-09-11,122.31
ORCL,2023-09-12,105.81
ORCL,2023-09-13,107.96
ORCL,2023-09-14,109.72
ORCL,2023-09-15,109.96
ORCL,2023-09-18,108.32
ORCL,2023-09-19,108.86
ORCL,2023-09-20,108.95
ORCL,2023-09-21,105.63
ORCL,2023-09-22,105.25
ORCL,2023-09-25,104.54
ORCL,2023-09-26,101.24
ORCL,2023-09-27,100.99
ORCL,2023-09-28,102.47
ORCL,2023-09-29,102.25
ORCL,2023-10-02,103.01
ORCL,2023-10-03,100.89
ORCL,2023-10-04,103.37
ORCL,2023-10-05,104.59
ORCL,2023-10-06,106.15
ORCL,2023-10-09,106.49
ORCL,2023-10-10,105.9
ORCL,2023-10-11,106.22
ORCL,2023-10-12,105.71
ORCL,2023-10-13,104.88
ORCL,2023-10-16,105.32
ORCL,2023-10-17,105.64
ORCL,2023-10-18,104.88
ORCL,2023-10-19,104.96
ORCL,2023-10-20,98.68
ORCL,2023-10-23,100.43
ORCL,2023-10-24,99.98
ORCL,2023-10-25,98.27
ORCL,2023-10-26,97.27
ORCL,2023-10-27,97.84
ORCL,2023-10-30,98.48
ORCL,2023-10-31,100.18
ORCL,2023-11-01,102.46
ORCL,2023-11-02,103.54
ORCL,2023-11-03,104.68
ORCL,2023-11-06,105.71
ORCL,2023-11-07,105.59
ORCL,2023-11-08,108.83
ORCL,2023-11-09,108.68
ORCL,2023-11-10,109.55
ORCL,2023-11-13,110.59
ORCL,2023-11-14,112.48
ORCL,2023-11-15,110.51
ORCL,2023-11-16,111.1
ORCL,2023-11-17,111.77
ORCL,2023-11-20,113.28
ORCL,2023-11-21,112.46
ORCL,2023-11-22,112.62
ORCL,2023-11-24,112.63
ORCL,2023-11-27,112.84
ORCL,2023-11-28,112.62
ORCL,2023-11-29,112.59
ORCL,2023-11-30,112.59
ORCL,2023-12-01,113.51
ORCL,2023-12-04,112.17
ORCL,2023-12-05,110.96
ORCL,2023-12-06,108.54
ORCL,2023-12-07,109.35
ORCL,2023-12-08,110.07
ORCL,2023-12-11,111.54
ORCL,2023-12-12,97.67
ORCL,2023-12-13,99.78
ORCL,2023-12-14,97.18
ORCL,2023-12-15,100.1
ORCL,2023-12-18,101.73
ORCL,2023-12-19,102.94
ORCL,2023-12-20,100.91
ORCL,2023-12-21,102.56
ORCL,2023-12-22,102.89
ORCL,2023-12-26,102.88
ORCL,2023-12-27,102.64
ORCL,2023-12-28,102.94
ORCL,2023-12-29,102.15
ORCL,2024-01-02,100.82
ORCL,2024-01-03,99.27
ORCL,2024-01-04,99.39
ORCL,2024-01-05,99.53
ORCL,2024-01-08,101.4
ORCL,2024-01-09,100.4
ORCL,2024-01-10,101.07
ORCL,2024-01-11,101.9
ORCL,2024-01-12,103.68
ORCL,2024-01-16,103.65
ORCL,2024-01-17,103.51
ORCL,2024-01-18,105.72
ORCL,2024-01-19,106.66
ORCL,2024-01-22,107.08
ORCL,2024-01-23,108.77
ORCL,2024-01-24,111.18
ORCL,2024-01-25,111.85
ORCL,2024-01-26,111.5
ORCL,2024-01-29,110.63
ORCL,2024-01-30,111.03
ORCL,2024-01-31,108.64
ORCL,2024-02-01,112.36
ORCL,2024-02-02,112.62
ORCL,2024-02-05,113.2
ORCL,2024-02-06,112.14
ORCL,2024-02-07,114.06
ORCL,2024-02-08,113.48
ORCL,2024-02-09,113.44
ORCL,2024-02-12,112.67
ORCL,2024-02-13,110.56
ORCL,2024-02-14,111.13
ORCL,2024-02-15,109.69
ORCL,2024-02-16,108.26
ORCL,2024-02-20,105.48
ORCL,2024-02-21,105.2
ORCL,2024-02-22,107.97
ORCL,2024-02-23,108.88
ORCL,2024-02-26,107.93
ORCL,2024-02-27,108.33
ORCL,2024-02-28,108.62
ORCL,2024-02-29,108.62
ORCL,2024-03-01,110.66
ORCL,2024-03-04,110.93
ORCL,2024-03-05,107.9
ORCL,2024-03-06,109.19
ORCL,2024-03-07,111.4
ORCL,2024-03-08,109.34
ORCL,2024-03-11,111.0
ORCL,2024-03-12,124.05
ORCL,2024-03-13,122.08
ORCL,2024-03-14,122.09
ORCL,2024-03-15,122.1
ORCL,2024-03-18,124.3
ORCL,2024-03-19,125.65
ORCL,2024-03-20,125.7
ORCL,2024-03-21,125.47
ORCL,2024-03-22,124.29
ORCL,2024-03-25,122.63
ORCL,2024-03-26,123.0
ORCL,2024-03-27,121.84
ORCL,2024-03-28,122.17
ORCL,2024-04-01,122.04
ORCL,2024-04-02,120.93
ORCL,2024-04-03,122.78
ORCL,2024-04-04,120.79
ORCL,2024-04-05,121.48
ORCL,2024-04-08,120.94
ORCL,2024-04-09,120.24
ORCL,2024-04-10,118.8
ORCL,2024-04-11,120.25
ORCL,2024-04-12,118.17
ORCL,2024-04-15,116.97
ORCL,2024-04-16,117.69
ORCL,2024-04-17,115.79
ORCL,2024-04-18,113.19
ORCL,2024-04-19,112.09
ORCL,2024-04-22,111.75
ORCL,2024-04-23,112.3
ORCL,2024-04-24,112.54
ORCL,2024-04-25,112.1
ORCL,2024-04-26,114.37
ORCL,2024-04-29,113.66
ORCL,2024-04-30,110.99
ORCL,2024-05-01,111.85
ORCL,2024-05-02,112.17
ORCL,2024-05-03,112.99
ORCL,2024-05-06,115.47
ORCL,2024-05-07,115.07
ORCL,2024-05-08,114.54
ORCL,2024-05-09,113.81
ORCL,2024-05-10,113.84
ORCL,2024-05-13,113.55
ORCL,2024-05-14,117.94
ORCL,2024-05-15,118.68
ORCL,2024-05-16,119.2
ORCL,2024-05-17,120.5
ORCL,2024-05-20,121.5
ORCL,2024-05-21,121.61
ORCL,2024-05-22,121.58
ORCL,2024-05-23,121.08
ORCL,2024-05-24,119.93
ORCL,2024-05-28,121.47
ORCL,2024-05-29,120.74
ORCL,2024-05-30,114.25
ORCL,2024-05-31,114.35
ORCL,2024-06-03,116.39
ORCL,2024-06-04,117.16
ORCL,2024-06-05,119.65
ORCL,2024-06-06,120.5
ORCL,2024-06-07,122.86
ORCL,2024-06-10,121.48
ORCL,2024-06-11,120.87
ORCL,2024-06-12,136.97
ORCL,2024-06-13,136.46
ORCL,2024-06-14,134.78
ORCL,2024-06-17,137.88
ORCL,2024-06-18,141.13
ORCL,2024-06-20,139.44
ORCL,2024-06-21,138.07
ORCL,2024-06-24,136.5
ORCL,2024-06-25,135.79
ORCL,2024-06-26,134.88
ORCL,2024-06-27,136.78
ORCL,2024-06-28,137.77
ORCL,2024-07-01,139.62
ORCL,2024-07-02,139.8
ORCL,2024-07-03,140.88
ORCL,2024-07-05,141.32
ORCL,2024-07-08,141.51
ORCL,2024-07-09,137.27
ORCL,2024-07-10,138.62
ORCL,2024-07-11,139.69
ORCL,2024-07-12,141.66
ORCL,2024-07-15,139.99
ORCL,2024-07-16,139.54
ORCL,2024-07-17,136.26
ORCL,2024-07-18,135.06
ORCL,2024-07-19,135.58
ORCL,2024-07-22,137.16
ORCL,2024-07-23,140.03
ORCL,2024-07-24,135.79
ORCL,2024-07-25,134.86
ORCL,2024-07-26,136.02
ORCL,2024-07-29,135.34
ORCL,2024-07-30,132.75
ORCL,2024-07-31,136.45
ORCL,2024-08-01,134.55
ORCL,2024-08-02,130.41
ORCL,2024-08-05,125.11
ORCL,2024-08-06,125.45
ORCL,2024-08-07,123.19
ORCL,2024-08-08,126.19
ORCL,2024-08-09,129.22
ORCL,2024-08-12,129.73
ORCL,2024-08-13,131.37
ORCL,2024-08-14,132.68
ORCL,2024-08-15,133.98
ORCL,2024-08-16,134.51
ORCL,2024-08-19,134.95
ORCL,2024-08-20,136.18
ORCL,2024-08-21,137.18
ORCL,2024-08-22,135.11
ORCL,2024-08-23,136.2
ORCL,2024-08-26,135.91
ORCL,2024-08-27,135.5
ORCL,2024-08-28,134.91
ORCL,2024-08-29,136.42
ORCL,2024-08-30,138.25
ORCL,2024-09-03,136.5
ORCL,2024-09-04,137.72
ORCL,2024-09-05,139.54
ORCL,2024-09-06,138.76
ORCL,2024-09-09,136.88
ORCL,2024-09-10,152.54
ORCL,2024-09-11,153.8
ORCL,2024-09-12,157.91
ORCL,2024-09-13,158.55
ORCL,2024-09-16,166.67
ORCL,2024-09-17,163.87
ORCL,2024-09-18,160.99
ORCL,2024-09-19,163.99
ORCL,2024-09-20,164.39
ORCL,2024-09-23,162.38
ORCL,2024-09-24,162.23
ORCL,2024-09-25,162.7
ORCL,2024-09-26,164.48
ORCL,2024-09-27,165.11
ORCL,2024-09-30,166.74
ORCL,2024-10-01,163.56
ORCL,2024-10-02,164.1
ORCL,2024-10-03,163.27
ORCL,2024-10-04,167.19
ORCL,2024-10-07,166.31
ORCL,2024-10-08,170.62
ORCL,2024-10-09,174.46
ORCL,2024-10-10,172.02
ORCL,2024-10-11,172.38
ORCL,2024-10-14,172.72
ORCL,2024-10-15,170.73
ORCL,2024-10-16,171.4
ORCL,2024-10-17,172.29
ORCL,2024-10-18,171.32
ORCL,2024-10-21,170.41
ORCL,2024-10-22,171.93
ORCL,2024-10-23,169.76
ORCL,2024-10-24,171.01
ORCL,2024-10-25,170.17
ORCL,2024-10-28,169.09
ORCL,2024-10-29,170.08
ORCL,2024-10-30,171.19
ORCL,2024-10-31,164.6
ORCL,2024-11-01,166.74
ORCL,2024-11-04,166.32
ORCL,2024-11-05,168.46
ORCL,2024-11-06,177.74
ORCL,2024-11-07,182.77
ORCL,2024-11-08,185.6
ORCL,2024-11-11,185.48
ORCL,2024-11-12,185.92
ORCL,2024-11-13,185.97
ORCL,2024-11-14,183.44
ORCL,2024-11-15,180.19
ORCL,2024-11-18,182.14
ORCL,2024-11-19,185.25
ORCL,2024-11-20,187.07
ORCL,2024-11-21,188.71
ORCL,2024-11-22,188.58
ORCL,2024-11-25,184.36
ORCL,2024-11-26,186.69
ORCL,2024-11-27,179.17
ORCL,2024-11-29,181.27
ORCL,2024-12-02,177.91
ORCL,2024-12-03,179.36
ORCL,2024-12-04,184.56
ORCL,2024-12-05,182.64
ORCL,2024-12-06,187.99
ORCL,2024-12-09,186.77
ORCL,2024-12-10,174.31
ORCL,2024-12-11,175.13
ORCL,2024-12-12,171.93
ORCL,2024-12-13,170.04
ORCL,2024-12-16,167.92
ORCL,2024-12-17,166.43
ORCL,2024-12-18,162.22
ORCL,2024-12-19,165.53
ORCL,2024-12-20,166.38
ORCL,2024-12-23,165.87
ORCL,2024-12-24,168.1
ORCL,2024-12-26,168.37
ORCL,2024-12-27,165.7
ORCL,2024-12-30,163.69
ORCL,2024-12-31,163.42
ORCL,2025-01-02,162.82
ORCL,2025-01-03,163.11
ORCL,2025-01-06,162.49
ORCL,2025-01-07,158.9
ORCL,2025-01-08,159.99
ORCL,2025-01-10,151.89
ORCL,2025-01-13,151.32
ORCL,2025-01-14,153.67
ORCL,2025-01-15,155.63
ORCL,2025-01-16,156.84
ORCL,2025-01-17,158.31
ORCL,2025-01-21,169.65
ORCL,2025-01-22,181.11
ORCL,2025-01-23,183.32
ORCL,2025-01-24,180.5
ORCL,2025-01-27,155.61
ORCL,2025-01-28,161.23
ORCL,2025-01-29,159.28
ORCL,2025-01-30,167.5
ORCL,2025-01-31,167.19
ORCL,2025-02-03,165.75
ORCL,2025-02-04,165.05
ORCL,2025-02-05,168.76
ORCL,2025-02-06,169.44
ORCL,2025-02-07,171.51
ORCL,2025-02-10,175.9
ORCL,2025-02-11,174.2
ORCL,2025-02-12,169.31
ORCL,2025-02-13,170.92
ORCL,2025-02-14,171.22
ORCL,2025-02-18,176.76
ORCL,2025-02-19,178.45
ORCL,2025-02-20,173.03
ORCL,2025-02-21,164.97
ORCL,2025-02-24,167.09
ORCL,2025-02-25,165.69
ORCL,2025-02-26,169.56
ORCL,2025-02-27,161.98
ORCL,2025-02-28,163.25
ORCL,2025-03-03,159.28
ORCL,2025-03-04,154.81
ORCL,2025-03-05,158.83
ORCL,2025-03-06,148.39
ORCL,2025-03-07,152.54
ORCL,2025-03-10,146.28
ORCL,2025-03-11,141.74
ORCL,2025-03-12,148.34
ORCL,2025-03-13,145.16
ORCL,2025-03-14,146.75
ORCL,2025-03-17,151.41
ORCL,2025-03-18,146.92
ORCL,2025-03-19,149.87
ORCL,2025-03-20,150.14
ORCL,2025-03-21,149.66
ORCL,2025-03-24,152.25
ORCL,2025-03-25,151.33
ORCL,2025-03-26,145.3
ORCL,2025-03-27,143.32
ORCL,2025-03-28,138.49
ORCL,2025-03-31,137.45
ORCL,2025-04-01,139.54
ORCL,2025-04-02,143.4
ORCL,2025-04-03,134.91
ORCL,2025-04-04,126.1
ORCL,2025-04-07,125.01
ORCL,2025-04-08,122.4
ORCL,2025-04-09,137.33
ORCL,2025-04-10,131.57
ORCL,2025-04-11,130.58
ORCL,2025-04-14,132.84
ORCL,2025-04-15,132.15
ORCL,2025-04-16,128.03
ORCL,2025-04-17,126.9
ORCL,2025-04-21,121.18
ORCL,2025-04-22,125.54
ORCL,2025-04-23,129.64
ORCL,2025-04-24,135.67
ORCL,2025-04-25,136.64
ORCL,2025-04-28,138.27
ORCL,2025-04-29,138.91
ORCL,2025-04-30,138.84
ORCL,2025-05-01,143.55
ORCL,2025-05-02,148.72
ORCL,2025-05-05,147.29
ORCL,2025-05-06,145.73
ORCL,2025-05-07,147.37
ORCL,2025-05-08,148.29
ORCL,2025-05-09,148.33
ORCL,2025-05-12,155.12
ORCL,2025-05-13,160.1
ORCL,2025-05-14,160.77
ORCL,2025-05-15,157.27
ORCL,2025-05-16,158.34
ORCL,2025-05-19,157.51
ORCL,2025-05-20,158.17
ORCL,2025-05-21,155.08
ORCL,2025-05-22,155.21
ORCL,2025-05-23,153.89
ORCL,2025-05-27,159.75
ORCL,2025-05-28,161.66
ORCL,2025-05-29,160.72
ORCL,2025-05-30,163.32
ORCL,2025-06-02,164.34
ORCL,2025-06-03,166.88
ORCL,2025-06-04,165.85
ORCL,2025-06-05,168.85
ORCL,2025-06-06,171.69
ORCL,2025-06-09,174.78
ORCL,2025-06-10,175.11
ORCL,2025-06-11,174.02
ORCL,2025-06-12,197.19
ORCL,2025-06-13,212.34
ORCL,2025-06-16,208.28
ORCL,2025-06-17,205.4
ORCL,2025-06-18,208.05
ORCL,2025-06-20,202.43
ORCL,2025-06-23,204.27
ORCL,2025-06-24,212.39
ORCL,2025-06-25,207.9
ORCL,2025-06-26,209.98
ORCL,2025-06-27,207.43
ORCL,2025-06-30,215.71
ORCL,2025-07-01,216.03
ORCL,2025-07-02,226.91
ORCL,2025-07-03,234.15
ORCL,2025-07-07,229.16
ORCL,2025-07-08,231.37
ORCL,2025-07-09,232.66
ORCL,2025-07-10,232.35
ORCL,2025-07-11,227.96
ORCL,2025-07-14,226.7
ORCL,2025-07-15,232.31
ORCL,2025-07-16,238.58
ORCL,2025-07-17,245.95
ORCL,2025-07-18,242.68
ORCL,2025-07-21,240.8
ORCL,2025-07-22,235.43
ORCL,2025-07-23,239.17
ORCL,2025-07-24,240.09
ORCL,2025-07-25,242.36
ORCL,2025-07-28,244.92
ORCL,2025-07-29,247.16
ORCL,2025-07-30,247.78
ORCL,2025-07-31,250.91
ORCL,2025-08-01,241.67
ORCL,2025-08-04,249.68
ORCL,2025-08-05,252.79
ORCL,2025-08-06,253.54
ORCL,2025-08-07,246.58
ORCL,2025-08-08,247.23
ORCL,2025-08-11,249.83
ORCL,2025-08-12,251.0
ORCL,2025-08-13,241.43
ORCL,2025-08-14,242.2
ORCL,2025-08-15,245.48
ORCL,2025-08-18,246.26
ORCL,2025-08-19,231.98
ORCL,2025-08-20,232.41
ORCL,2025-08-21,230.53
ORCL,2025-08-22,233.71
ORCL,2025-08-25,232.76
ORCL,2025-08-26,231.57
ORCL,2025-08-27,233.15
ORCL,2025-08-28,237.61
ORCL,2025-08-29,223.58
ORCL,2025-09-02,222.76
ORCL,2025-09-03,220.93
ORCL,2025-09-04,220.49
ORCL,2025-09-05,230.18
ORCL,2025-09-08,235.79
ORCL,2025-09-09,238.79
ORCL,2025-09-10,324.63
ORCL,2025-09-11,304.39
ORCL,2025-09-12,288.89
ORCL,2025-09-15,298.74
ORCL,2025-09-16,303.19
ORCL,2025-09-17,298.01
ORCL,2025-09-18,293.28
ORCL,2025-09-19,305.18
ORCL,2025-09-22,324.45
ORCL,2025-09-23,310.29
ORCL,2025-09-24,304.98
ORCL,2025-09-25,288.05
ORCL,2025-09-26,280.27
ORCL,2025-09-29,279.57
ORCL,2025-09-30,278.07
ORCL,2025-10-01,285.75
ORCL,2025-10-02,285.53
ORCL,2025-10-03,282.92
ORCL,2025-10-06,288.3
ORCL,2025-10-07,281.04
ORCL,2025-10-08,285.38
ORCL,2025-10-09,294.12
ORCL,2025-10-10,290.16
ORCL,2025-10-13,305.07
ORCL,2025-10-14,296.14
ORCL,2025-10-15,300.72
ORCL,2025-10-16,310.01
ORCL,2025-10-17,288.53
ORCL,2025-10-20,274.53
ORCL,2025-10-21,272.52
ORCL,2025-10-22,270.06
ORCL,2025-10-23,277.39
ORCL,2025-10-24,280.62
ORCL,2025-10-27,278.71
ORCL,2025-10-28,278.15
ORCL,2025-10-29,272.67
ORCL,2025-10-30,254.44
ORCL,2025-10-31,260.1
ORCL,2025-11-03,255.39
ORCL,2025-11-04,245.8
ORCL,2025-11-05,247.92
ORCL,2025-11-06,241.47
ORCL,2025-11-07,236.97
ORCL,2025-11-10,238.53
ORCL,2025-11-11,233.89
ORCL,2025-11-12,224.82
ORCL,2025-11-13,215.49
ORCL,2025-11-14,220.72
ORCL,2025-11-17,217.76
ORCL,2025-11-18,218.38
ORCL,2025-11-19,223.38
ORCL,2025-11-20,208.68
ORCL,2025-11-21,196.86
ORCL,2025-11-24,198.37
ORCL,2025-11-25,195.15
ORCL,2025-11-26,203.0
ORCL,2025-11-28,200.02
ORCL,2025-12-01,199.02
ORCL,2025-12-02,199.18
ORCL,2025-12-03,205.75
ORCL,2025-12-04,212.28
ORCL,2025-12-05,215.5
ORCL,2025-12-08,218.43
ORCL,2025-12-09,219.41
ORCL,2025-12-10,220.88
ORCL,2025-12-11,196.95
ORCL,2025-12-12,188.16
ORCL,2025-12-15,183.15
ORCL,2025-12-16,186.85
ORCL,2025-12-17,176.76
ORCL,2025-12-18,178.31
ORCL,2025-12-19,190.14
ORCL,2025-12-22,196.48
ORCL,2025-12-23,193.47
ORCL,2025-12-24,195.6
ORCL,2025-12-26,196.1
ORCL,2025-12-29,193.51
ORCL,2025-12-30,195.33
ORCL,2025-12-31,193.05
ORCL,2026-01-02,193.84
ORCL,2026-01-05,190.75
ORCL,2026-01-06,191.9
ORCL,2026-01-07,191.0
ORCL,2026-01-08,187.84
ORCL,2026-01-09,197.14
ORCL,2026-01-12,203.26
ORCL,2026-01-13,200.89
ORCL,2026-01-14,192.27
ORCL,2026-01-15,188.53
ORCL,2026-01-16,189.76
ORCL,2026-01-20,178.67
ORCL,2026-01-21,172.67
ORCL,2026-01-22,176.94
ORCL,2026-01-23,175.93
ORCL,2026-01-26,181.17
ORCL,2026-01-27,173.69
ORCL,2026-01-28,171.6
ORCL,2026-01-29,167.84
ORCL,2026-01-30,163.44
ORCL,2026-02-02,158.95
ORCL,2026-02-03,153.6
ORCL,2026-02-04,145.65
ORCL,2026-02-05,135.53
ORCL,2026-02-06,141.83
ORCL,2026-02-09,155.5
ORCL,2026-02-10,158.78
ORCL,2026-02-11,156.07
ORCL,2026-02-12,155.39
ORCL,2026-02-13,159.03
ORCL,2026-02-17,152.9
ORCL,2026-02-18,155.09
ORCL,2026-02-19,155.45
ORCL,2026-02-20,147.05
ORCL,2026-02-23,140.33
ORCL,2026-02-24,145.13
ORCL,2026-02-25,146.86
ORCL,2026-02-26,149.27
ORCL,2026-02-27,144.39
ORCL,2026-03-02,148.21
ORCL,2026-03-03,147.98
ORCL,2026-03-04,151.31
ORCL,2026-03-05,153.72
ORCL,2026-03-06,151.9
ORCL,2026-03-09,150.51
ORCL,2026-03-10,148.36
ORCL,2026-03-11,161.99
ORCL,2026-03-12,158.06
ORCL,2026-03-13,154.03
ORCL,2026-03-16,154.89
ORCL,2026-03-17,153.62
ORCL,2026-03-18,151.84
ORCL,2026-03-19,154.44
ORCL,2026-03-20,148.64
ORCL,2026-03-23,153.27
ORCL,2026-03-24,146.07
ORCL,2026-03-25,145.01
ORCL,2026-03-26,141.82
ORCL,2026-03-27,138.69
ORCL,2026-03-30,137.84
ORCL,2026-03-31,146.09
ORCL,2026-04-01,144.22
ORCL,2026-04-02,145.36
ORCL,2026-04-06,144.53
ORCL,2026-04-07,142.18
ORCL,2026-04-08,142.66
ORCL,2026-04-09,137.38
ORCL,2026-04-10,137.61
ORCL,2026-04-13,155.08
ORCL,2026-04-14,162.43
ORCL,2026-04-15,169.22
ORCL,2026-04-16,177.72
ORCL,2026-04-17,174.45
ORCL,2026-04-20,176.96
ORCL,2026-04-21,180.54
ORCL,2026-04-22,186.85
ORCL,2026-04-23,175.67
ORCL,2026-04-24,172.68
ORCL,2026-04-27,172.36
ORCL,2026-04-28,165.38
ORCL,2026-04-29,163.26
ORCL,2026-04-30,160.83
ORCL,2026-05-01,171.23
ORCL,2026-05-04,179.66
ORCL,2026-05-05,184.71
ORCL,2026-05-06,193.36
ORCL,2026-05-07,193.92
ORCL,2026-05-08,195.27
ORCL,2026-05-11,193.17
ORCL,2026-05-12,186.18
ORCL,2026-05-13,189.1
ORCL,2026-05-14,194.93
ORCL,2026-05-15,192.28
ORCL,2026-05-18,185.96
ORCL,2026-05-19,180.83
ORCL,2026-05-20,187.51
ORCL,2026-05-21,189.11
ORCL,2026-05-22,191.41
ORCL,2026-05-26,192.39
ORCL,2026-05-27,190.3
ORCL,2026-05-28,202.99
ORCL,2026-05-29,225.0
ORCL,2026-06-01,247.29
ORCL,2026-06-02,243.73
ORCL,2026-06-03,229.53
ORCL,2026-06-04,235.52
ORCL,2026-06-05,212.94
ORCL,2026-06-08,211.09
ORCL,2026-06-09,205.1
ORCL,2026-06-10,200.56
ORCL,2026-06-11,183.46
ORCL,2026-06-12,183.49
ORCL,2026-06-15,191.97
ORCL,2026-06-16,187.68
ORCL,2026-06-17,182.89
ORCL,2026-06-18,183.65
ORCL,2026-06-22,174.46
ORCL,2026-06-23,164.59
ORCL,2026-06-24,156.98
ORCL,2026-06-25,151.93
ORCL,2026-06-26,148.02
ORCL,2026-06-29,147.25
ORCL,2026-06-30,146.04
ORCL,2026-07-01,142.01
ORCL,2026-07-02,139.78
ORCL,2026-07-06,143.26
ORCL,2026-07-07,141.11
ORCL,2026-07-08,140.0
ORCL,2026-07-09,143.72
ORCL,2026-07-10,140.64
ORCL,2026-07-13,131.54
ORCL,2026-07-14,127.94
ORCL,2026-07-15,132.49
ORCL,2026-07-16,124.21
ORCL,2026-07-17,126.41
ORCL,2026-07-20,121.38
ORCL,2026-07-21,127.05
ORCL,2026-07-22,125.84
ORCL,2026-07-23,120.04
ORCL,2026-07-24,114.99
ORCL,2026-07-27,119.9
CRM,2022-01-03,251.12
CRM,2022-01-04,244.01
CRM,2022-01-05,223.8
CRM,2022-01-06,225.25
CRM,2022-01-07,224.43
CRM,2022-01-10,225.72
CRM,2022-01-11,230.85
CRM,2022-01-12,233.79
CRM,2022-01-13,224.74
CRM,2022-01-14,227.3
CRM,2022-01-18,222.22
CRM,2022-01-19,222.42
CRM,2022-01-20,219.15
CRM,2022-01-21,214.91
CRM,2022-01-24,219.24
CRM,2022-01-25,211.73
CRM,2022-01-26,207.41
CRM,2022-01-27,209.12
CRM,2022-01-28,218.35
CRM,2022-01-31,228.67
CRM,2022-02-01,228.17
CRM,2022-02-02,221.18
CRM,2022-02-03,209.15
CRM,2022-02-04,215.5
CRM,2022-02-07,213.28
CRM,2022-02-08,213.73
CRM,2022-02-09,218.26
CRM,2022-02-10,213.97
CRM,2022-02-11,204.36
CRM,2022-02-14,202.89
CRM,2022-02-15,210.61
CRM,2022-02-16,208.14
CRM,2022-02-17,196.63
CRM,2022-02-18,193.49
CRM,2022-02-22,191.81
CRM,2022-02-23,187.3
CRM,2022-02-24,200.82
CRM,2022-02-25,204.55
CRM,2022-02-28,206.95
CRM,2022-03-01,205.34
CRM,2022-03-02,206.81
CRM,2022-03-03,201.27
CRM,2022-03-04,199.56
CRM,2022-03-07,192.89
CRM,2022-03-08,188.81
CRM,2022-03-09,199.71
CRM,2022-03-10,196.75
CRM,2022-03-11,194.53
CRM,2022-03-14,189.84
CRM,2022-03-15,192.8
CRM,2022-03-16,202.07
CRM,2022-03-17,206.83
CRM,2022-03-18,215.08
CRM,2022-03-21,210.09
CRM,2022-03-22,214.5
CRM,2022-03-23,207.52
CRM,2022-03-24,210.34
CRM,2022-03-25,207.44
CRM,2022-03-28,211.62
CRM,2022-03-29,217.53
CRM,2022-03-30,211.28
CRM,2022-03-31,208.71
CRM,2022-04-01,208.64
CRM,2022-04-04,215.13
CRM,2022-04-05,206.57
CRM,2022-04-06,197.4
CRM,2022-04-07,196.76
CRM,2022-04-08,193.82
CRM,2022-04-11,192.13
CRM,2022-04-12,191.5
CRM,2022-04-13,192.39
CRM,2022-04-14,186.19
CRM,2022-04-18,183.83
CRM,2022-04-19,188.14
CRM,2022-04-20,183.06
CRM,2022-04-21,174.22
CRM,2022-04-22,168.51
CRM,2022-04-25,171.6
CRM,2022-04-26,167.19
CRM,2022-04-27,171.71
CRM,2022-04-28,182.58
CRM,2022-04-29,172.95
CRM,2022-05-02,174.55
CRM,2022-05-03,175.33
CRM,2022-05-04,182.33
CRM,2022-05-05,169.37
CRM,2022-05-06,166.81
CRM,2022-05-09,160.82
CRM,2022-05-10,164.31
CRM,2022-05-11,158.53
CRM,2022-05-12,157.69
CRM,2022-05-13,164.07
CRM,2022-05-16,161.33
CRM,2022-05-17,160.95
CRM,2022-05-18,154.65
CRM,2022-05-19,152.95
CRM,2022-05-20,156.93
CRM,2022-05-23,157.59
CRM,2022-05-24,154.26
CRM,2022-05-25,156.93
CRM,2022-05-26,159.7
CRM,2022-05-27,162.29
CRM,2022-05-31,157.51
CRM,2022-06-01,173.08
CRM,2022-06-02,185.2
CRM,2022-06-03,181.77
CRM,2022-06-06,179.76
CRM,2022-06-07,183.97
CRM,2022-06-08,185.97
CRM,2022-06-09,183.93
CRM,2022-06-10,175.42
CRM,2022-06-13,163.21
CRM,2022-06-14,161.65
CRM,2022-06-15,165.68
CRM,2022-06-16,157.13
CRM,2022-06-17,160.48
CRM,2022-06-21,163.99
CRM,2022-06-22,164.6
CRM,2022-06-23,170.11
CRM,2022-06-24,182.76
CRM,2022-06-27,178.23
CRM,2022-06-28,168.54
CRM,2022-06-29,167.71
CRM,2022-06-30,162.23
CRM,2022-07-01,165.34
CRM,2022-07-05,169.27
CRM,2022-07-06,169.79
CRM,2022-07-07,173.64
CRM,2022-07-08,172.52
CRM,2022-07-11,171.39
CRM,2022-07-12,163.5
CRM,2022-07-13,160.71
CRM,2022-07-14,158.3
CRM,2022-07-15,164.53
CRM,2022-07-18,165.03
CRM,2022-07-19,170.85
CRM,2022-07-20,179.35
CRM,2022-07-21,182.2
CRM,2022-07-22,179.37
CRM,2022-07-25,174.27
CRM,2022-07-26,167.56
CRM,2022-07-27,177.23
CRM,2022-07-28,178.21
CRM,2022-07-29,180.89
CRM,2022-08-01,179.87
CRM,2022-08-02,180.66
CRM,2022-08-03,186.42
CRM,2022-08-04,188.02
CRM,2022-08-05,186.94
CRM,2022-08-08,186.52
CRM,2022-08-09,179.14
CRM,2022-08-10,185.4
CRM,2022-08-11,183.55
CRM,2022-08-12,186.66
CRM,2022-08-15,187.81
CRM,2022-08-16,186.37
CRM,2022-08-17,184.76
CRM,2022-08-18,184.73
CRM,2022-08-19,180.64
CRM,2022-08-22,173.97
CRM,2022-08-23,173.01
CRM,2022-08-24,176.95
CRM,2022-08-25,170.95
CRM,2022-08-26,162.42
CRM,2022-08-29,157.49
CRM,2022-08-30,156.95
CRM,2022-08-31,153.46
CRM,2022-09-01,150.92
CRM,2022-09-02,151.08
CRM,2022-09-06,149.14
CRM,2022-09-07,150.67
CRM,2022-09-08,154.23
CRM,2022-09-09,159.82
CRM,2022-09-12,162.81
CRM,2022-09-13,155.41
CRM,2022-09-14,157.55
CRM,2022-09-15,152.15
CRM,2022-09-16,148.93
CRM,2022-09-19,150.23
CRM,2022-09-20,147.25
CRM,2022-09-21,145.12
CRM,2022-09-22,147.6
CRM,2022-09-23,144.51
CRM,2022-09-26,143.83
CRM,2022-09-27,146.36
CRM,2022-09-28,147.62
CRM,2022-09-29,144.31
CRM,2022-09-30,141.39
CRM,2022-10-03,145.38
CRM,2022-10-04,153.08
CRM,2022-10-05,153.57
CRM,2022-10-06,152.82
CRM,2022-10-07,147.73
CRM,2022-10-10,143.16
CRM,2022-10-11,140.15
CRM,2022-10-12,139.87
CRM,2022-10-13,142.97
CRM,2022-10-14,139.8
CRM,2022-10-17,144.68
CRM,2022-10-18,150.92
CRM,2022-10-19,151.06
CRM,2022-10-20,154.82
CRM,2022-10-21,157.45
CRM,2022-10-24,157.92
CRM,2022-10-25,162.46
CRM,2022-10-26,157.19
CRM,2022-10-27,157.03
CRM,2022-10-28,160.25
CRM,2022-10-31,159.82
CRM,2022-11-01,157.1
CRM,2022-11-02,147.46
CRM,2022-11-03,143.84
CRM,2022-11-04,137.39
CRM,2022-11-07,142.13
CRM,2022-11-08,144.6
CRM,2022-11-09,139.64
CRM,2022-11-10,153.64
CRM,2022-11-11,155.05
CRM,2022-11-14,155.96
CRM,2022-11-15,159.31
CRM,2022-11-16,152.48
CRM,2022-11-17,147.14
CRM,2022-11-18,145.52
CRM,2022-11-21,142.39
CRM,2022-11-22,146.71
CRM,2022-11-23,149.65
CRM,2022-11-25,150.74
CRM,2022-11-28,151.08
CRM,2022-11-29,149.1
CRM,2022-11-30,157.52
CRM,2022-12-01,144.5
CRM,2022-12-02,142.1
CRM,2022-12-05,131.65
CRM,2022-12-06,131.0
CRM,2022-12-07,128.26
CRM,2022-12-08,127.92
CRM,2022-12-09,128.88
CRM,2022-12-12,130.85
CRM,2022-12-13,133.31
CRM,2022-12-14,132.46
CRM,2022-12-15,128.22
CRM,2022-12-16,126.09
CRM,2022-12-19,126.82
CRM,2022-12-20,126.27
CRM,2022-12-21,128.08
CRM,2022-12-22,126.99
CRM,2022-12-23,127.24
CRM,2022-12-27,128.44
CRM,2022-12-28,126.29
CRM,2022-12-29,130.29
CRM,2022-12-30,130.34
CRM,2023-01-03,132.49
CRM,2023-01-04,137.22
CRM,2023-01-05,134.02
CRM,2023-01-06,138.12
CRM,2023-01-09,144.6
CRM,2023-01-10,144.93
CRM,2023-01-11,142.44
CRM,2023-01-12,147.06
CRM,2023-01-13,146.97
CRM,2023-01-17,145.95
CRM,2023-01-18,142.98
CRM,2023-01-19,143.92
CRM,2023-01-20,148.68
CRM,2023-01-23,153.22
CRM,2023-01-24,152.23
CRM,2023-01-25,153.51
CRM,2023-01-26,162.28
CRM,2023-01-27,161.72
CRM,2023-01-30,161.95
CRM,2023-01-31,165.11
CRM,2023-02-01,168.9
CRM,2023-02-02,171.67
CRM,2023-02-03,168.13
CRM,2023-02-06,166.18
CRM,2023-02-07,168.37
CRM,2023-02-08,166.75
CRM,2023-02-09,170.71
CRM,2023-02-10,164.19
CRM,2023-02-13,168.17
CRM,2023-02-14,167.07
CRM,2023-02-15,168.19
CRM,2023-02-16,165.25
CRM,2023-02-17,162.36
CRM,2023-02-21,158.87
CRM,2023-02-22,160.58
CRM,2023-02-23,161.33
CRM,2023-02-24,159.44
CRM,2023-02-27,160.37
CRM,2023-02-28,160.83
CRM,2023-03-01,164.5
CRM,2023-03-02,183.42
CRM,2023-03-03,183.26
CRM,2023-03-06,180.67
CRM,2023-03-07,180.2
CRM,2023-03-08,179.84
CRM,2023-03-09,175.68
CRM,2023-03-10,170.23
CRM,2023-03-13,172.53
CRM,2023-03-14,179.78
CRM,2023-03-15,179.8
CRM,2023-03-16,184.11
CRM,2023-03-17,181.71
CRM,2023-03-20,182.1
CRM,2023-03-21,185.47
CRM,2023-03-22,183.34
CRM,2023-03-23,184.25
CRM,2023-03-24,186.83
CRM,2023-03-27,188.01
CRM,2023-03-28,189.03
CRM,2023-03-29,193.3
CRM,2023-03-30,193.26
CRM,2023-03-31,196.38
CRM,2023-04-03,193.15
CRM,2023-04-04,193.85
CRM,2023-04-05,191.99
CRM,2023-04-06,189.28
CRM,2023-04-10,188.23
CRM,2023-04-11,185.68
CRM,2023-04-12,187.08
CRM,2023-04-13,190.72
CRM,2023-04-14,191.34
CRM,2023-04-17,193.73
CRM,2023-04-18,195.12
CRM,2023-04-19,195.54
CRM,2023-04-20,194.15
CRM,2023-04-21,195.65
CRM,2023-04-24,191.61
CRM,2023-04-25,187.43
CRM,2023-04-26,188.26
CRM,2023-04-27,192.61
CRM,2023-04-28,195.0
CRM,2023-05-01,194.43
CRM,2023-05-02,190.54
CRM,2023-05-03,189.33
CRM,2023-05-04,189.11
CRM,2023-05-05,194.23
CRM,2023-05-08,194.53
CRM,2023-05-09,197.76
CRM,2023-05-10,201.37
CRM,2023-05-11,200.01
CRM,2023-05-12,198.38
CRM,2023-05-15,199.87
CRM,2023-05-16,201.08
CRM,2023-05-17,205.82
CRM,2023-05-18,209.69
CRM,2023-05-19,206.78
CRM,2023-05-22,206.68
CRM,2023-05-23,203.13
CRM,2023-05-24,205.5
CRM,2023-05-25,206.34
CRM,2023-05-26,211.78
CRM,2023-05-30,215.15
CRM,2023-05-31,219.58
CRM,2023-06-01,209.28
CRM,2023-06-02,209.41
CRM,2023-06-05,206.29
CRM,2023-06-06,209.23
CRM,2023-06-07,202.23
CRM,2023-06-08,205.97
CRM,2023-06-09,211.65
CRM,2023-06-12,210.06
CRM,2023-06-13,205.43
CRM,2023-06-14,205.84
CRM,2023-06-15,208.32
CRM,2023-06-16,208.16
CRM,2023-06-20,213.28
CRM,2023-06-21,206.03
CRM,2023-06-22,209.66
CRM,2023-06-23,206.52
CRM,2023-06-26,203.83
CRM,2023-06-27,205.27
CRM,2023-06-28,208.56
CRM,2023-06-29,206.85
CRM,2023-06-30,207.67
CRM,2023-07-03,208.05
CRM,2023-07-05,210.18
CRM,2023-07-06,206.57
CRM,2023-07-07,206.03
CRM,2023-07-10,209.19
CRM,2023-07-11,217.41
CRM,2023-07-12,223.41
CRM,2023-07-13,226.45
CRM,2023-07-14,225.43
CRM,2023-07-17,224.12
CRM,2023-07-18,223.76
CRM,2023-07-19,230.38
CRM,2023-07-20,224.28
CRM,2023-07-21,224.18
CRM,2023-07-24,221.82
CRM,2023-07-25,222.19
CRM,2023-07-26,221.74
CRM,2023-07-27,221.32
CRM,2023-07-28,221.76
CRM,2023-07-31,221.18
CRM,2023-08-01,220.46
CRM,2023-08-02,216.75
CRM,2023-08-03,211.89
CRM,2023-08-04,210.94
CRM,2023-08-07,212.39
CRM,2023-08-08,207.98
CRM,2023-08-09,202.36
CRM,2023-08-10,204.71
CRM,2023-08-11,205.15
CRM,2023-08-14,208.45
CRM,2023-08-15,205.23
CRM,2023-08-16,203.47
CRM,2023-08-17,200.37
CRM,2023-08-18,201.35
CRM,2023-08-21,205.48
CRM,2023-08-22,203.24
CRM,2023-08-23,205.57
CRM,2023-08-24,202.02
CRM,2023-08-25,205.91
CRM,2023-08-28,208.12
CRM,2023-08-29,208.36
CRM,2023-08-30,211.38
CRM,2023-08-31,217.69
CRM,2023-09-01,217.76
CRM,2023-09-05,214.97
CRM,2023-09-06,217.85
CRM,2023-09-07,218.75
CRM,2023-09-08,220.94
CRM,2023-09-11,221.48
CRM,2023-09-12,217.89
CRM,2023-09-13,215.08
CRM,2023-09-14,215.06
CRM,2023-09-15,210.96
CRM,2023-09-18,211.34
CRM,2023-09-19,212.03
CRM,2023-09-20,209.41
CRM,2023-09-21,205.06
CRM,2023-09-22,202.92
CRM,2023-09-25,202.83
CRM,2023-09-26,199.05
CRM,2023-09-27,199.28
CRM,2023-09-28,199.74
CRM,2023-09-29,199.33
CRM,2023-10-02,200.25
CRM,2023-10-03,196.43
CRM,2023-10-04,198.44
CRM,2023-10-05,198.57
CRM,2023-10-06,203.83
CRM,2023-10-09,203.7
CRM,2023-10-10,203.36
CRM,2023-10-11,203.33
CRM,2023-10-12,202.18
CRM,2023-10-13,201.11
CRM,2023-10-16,204.98
CRM,2023-10-17,206.27
CRM,2023-10-18,201.35
CRM,2023-10-19,204.78
CRM,2023-10-20,200.27
CRM,2023-10-23,198.56
CRM,2023-10-24,200.75
CRM,2023-10-25,193.71
CRM,2023-10-26,192.91
CRM,2023-10-27,193.23
CRM,2023-10-30,195.88
CRM,2023-10-31,197.41
CRM,2023-11-01,200.44
CRM,2023-11-02,204.57
CRM,2023-11-03,203.94
CRM,2023-11-06,203.89
CRM,2023-11-07,208.24
CRM,2023-11-08,207.87
CRM,2023-11-09,206.44
CRM,2023-11-10,210.0
CRM,2023-11-13,211.62
CRM,2023-11-14,217.42
CRM,2023-11-15,215.69
CRM,2023-11-16,217.68
CRM,2023-11-17,217.46
CRM,2023-11-20,221.3
CRM,2023-11-21,220.51
CRM,2023-11-22,220.03
CRM,2023-11-24,220.56
CRM,2023-11-27,220.97
CRM,2023-11-28,221.09
CRM,2023-11-29,226.43
CRM,2023-11-30,247.62
CRM,2023-12-01,255.58
CRM,2023-12-04,246.4
CRM,2023-12-05,246.75
CRM,2023-12-06,244.89
CRM,2023-12-07,244.62
CRM,2023-12-08,246.54
CRM,2023-12-11,247.81
CRM,2023-12-12,252.09
CRM,2023-12-13,252.94
CRM,2023-12-14,252.84
CRM,2023-12-15,257.15
CRM,2023-12-18,259.11
CRM,2023-12-19,259.84
CRM,2023-12-20,255.82
CRM,2023-12-21,262.71
CRM,2023-12-22,261.81
CRM,2023-12-26,261.69
CRM,2023-12-27,262.18
CRM,2023-12-28,261.06
CRM,2023-12-29,258.66
CRM,2024-01-02,251.77
CRM,2024-01-03,247.56
CRM,2024-01-04,246.97
CRM,2024-01-05,246.85
CRM,2024-01-08,256.43
CRM,2024-01-09,256.9
CRM,2024-01-10,259.64
CRM,2024-01-11,266.76
CRM,2024-01-12,267.31
CRM,2024-01-16,264.61
CRM,2024-01-17,266.82
CRM,2024-01-18,269.79
CRM,2024-01-19,276.1
CRM,2024-01-22,275.53
CRM,2024-01-23,272.06
CRM,2024-01-24,272.17
CRM,2024-01-25,274.28
CRM,2024-01-26,275.18
CRM,2024-01-29,282.96
CRM,2024-01-30,282.84
CRM,2024-01-31,276.31
CRM,2024-02-01,278.97
CRM,2024-02-02,280.8
CRM,2024-02-05,283.21
CRM,2024-02-06,280.97
CRM,2024-02-07,283.93
CRM,2024-02-08,286.99
CRM,2024-02-09,286.35
CRM,2024-02-12,282.43
CRM,2024-02-13,276.37
CRM,2024-02-14,284.23
CRM,2024-02-15,286.98
CRM,2024-02-16,284.79
CRM,2024-02-20,281.52
CRM,2024-02-21,278.73
CRM,2024-02-22,288.66
CRM,2024-02-23,287.82
CRM,2024-02-26,295.28
CRM,2024-02-27,294.41
CRM,2024-02-28,294.67
CRM,2024-02-29,303.57
CRM,2024-03-01,311.49
CRM,2024-03-04,309.29
CRM,2024-03-05,293.67
CRM,2024-03-06,298.6
CRM,2024-03-07,297.28
CRM,2024-03-08,300.09
CRM,2024-03-11,300.8
CRM,2024-03-12,301.41
CRM,2024-03-13,299.89
CRM,2024-03-14,298.55
CRM,2024-03-15,289.7
CRM,2024-03-18,295.79
CRM,2024-03-19,296.71
CRM,2024-03-20,301.27
CRM,2024-03-21,303.54
CRM,2024-03-22,302.93
CRM,2024-03-25,301.25
CRM,2024-03-26,301.02
CRM,2024-03-27,296.64
CRM,2024-03-28,296.44
CRM,2024-04-01,297.51
CRM,2024-04-02,299.22
CRM,2024-04-03,299.95
CRM,2024-04-04,289.52
CRM,2024-04-05,297.16
CRM,2024-04-08,296.99
CRM,2024-04-09,297.62
CRM,2024-04-10,294.91
CRM,2024-04-11,294.45
CRM,2024-04-12,289.69
CRM,2024-04-15,268.61
CRM,2024-04-16,273.05
CRM,2024-04-17,271.98
CRM,2024-04-18,267.64
CRM,2024-04-19,266.12
CRM,2024-04-22,269.51
CRM,2024-04-23,272.33
CRM,2024-04-24,271.85
CRM,2024-04-25,268.85
CRM,2024-04-26,269.98
CRM,2024-04-29,271.4
CRM,2024-04-30,264.71
CRM,2024-05-01,264.47
CRM,2024-05-02,267.85
CRM,2024-05-03,269.36
CRM,2024-05-06,271.3
CRM,2024-05-07,272.82
CRM,2024-05-08,274.58
CRM,2024-05-09,270.84
CRM,2024-05-10,272.32
CRM,2024-05-13,273.16
CRM,2024-05-14,272.45
CRM,2024-05-15,283.02
CRM,2024-05-16,280.2
CRM,2024-05-17,281.12
CRM,2024-05-20,282.56
CRM,2024-05-21,279.3
CRM,2024-05-22,279.36
CRM,2024-05-23,274.19
CRM,2024-05-24,268.01
CRM,2024-05-28,265.59
CRM,2024-05-29,267.35
CRM,2024-05-30,214.58
CRM,2024-05-31,230.75
CRM,2024-06-03,232.9
CRM,2024-06-04,231.17
CRM,2024-06-05,232.81
CRM,2024-06-06,238.94
CRM,2024-06-07,238.05
CRM,2024-06-10,238.04
CRM,2024-06-11,237.2
CRM,2024-06-12,232.09
CRM,2024-06-13,225.43
CRM,2024-06-14,228.29
CRM,2024-06-17,226.86
CRM,2024-06-18,228.17
CRM,2024-06-20,238.0
CRM,2024-06-21,241.21
CRM,2024-06-24,236.17
CRM,2024-06-25,237.96
CRM,2024-06-26,239.33
CRM,2024-06-27,248.87
CRM,2024-06-28,253.06
CRM,2024-07-01,252.18
CRM,2024-07-02,252.16
CRM,2024-07-03,256.85
CRM,2024-07-05,259.05
CRM,2024-07-08,253.32
CRM,2024-07-09,248.85
CRM,2024-07-10,249.01
CRM,2024-07-11,247.56
CRM,2024-07-12,250.37
CRM,2024-07-15,249.27
CRM,2024-07-16,252.4
CRM,2024-07-17,247.66
CRM,2024-07-18,243.84
CRM,2024-07-19,244.12
CRM,2024-07-22,250.47
CRM,2024-07-23,252.43
CRM,2024-07-24,246.24
CRM,2024-07-25,252.88
CRM,2024-07-26,258.98
CRM,2024-07-29,254.92
CRM,2024-07-30,254.27
CRM,2024-07-31,255.13
CRM,2024-08-01,249.47
CRM,2024-08-02,240.51
CRM,2024-08-05,235.62
CRM,2024-08-06,235.04
CRM,2024-08-07,236.63
CRM,2024-08-08,245.58
CRM,2024-08-09,248.95
CRM,2024-08-12,247.74
CRM,2024-08-13,250.99
CRM,2024-08-14,251.7
CRM,2024-08-15,259.06
CRM,2024-08-16,259.18
CRM,2024-08-19,261.61
CRM,2024-08-20,258.12
CRM,2024-08-21,257.39
CRM,2024-08-22,254.92
CRM,2024-08-23,260.25
CRM,2024-08-26,261.52
CRM,2024-08-27,260.45
CRM,2024-08-28,255.23
CRM,2024-08-29,253.36
CRM,2024-08-30,249.31
CRM,2024-09-03,244.54
CRM,2024-09-04,244.17
CRM,2024-09-05,242.63
CRM,2024-09-06,240.51
CRM,2024-09-09,242.27
CRM,2024-09-10,242.67
CRM,2024-09-11,246.03
CRM,2024-09-12,249.77
CRM,2024-09-13,250.96
CRM,2024-09-16,253.26
CRM,2024-09-17,251.57
CRM,2024-09-18,249.24
CRM,2024-09-19,262.63
CRM,2024-09-20,263.43
CRM,2024-09-23,260.87
CRM,2024-09-24,267.02
CRM,2024-09-25,270.62
CRM,2024-09-26,272.27
CRM,2024-09-27,273.14
CRM,2024-09-30,270.25
CRM,2024-10-01,267.45
CRM,2024-10-02,275.95
CRM,2024-10-03,277.36
CRM,2024-10-04,284.11
CRM,2024-10-07,280.97
CRM,2024-10-08,287.88
CRM,2024-10-09,284.28
CRM,2024-10-10,286.5
CRM,2024-10-11,284.46
CRM,2024-10-14,287.95
CRM,2024-10-15,284.7
CRM,2024-10-16,287.18
CRM,2024-10-17,287.43
CRM,2024-10-18,289.24
CRM,2024-10-21,287.61
CRM,2024-10-22,284.68
CRM,2024-10-23,280.83
CRM,2024-10-24,283.13
CRM,2024-10-25,286.79
CRM,2024-10-28,290.06
CRM,2024-10-29,295.11
CRM,2024-10-30,292.65
CRM,2024-10-31,287.69
CRM,2024-11-01,290.99
CRM,2024-11-04,294.24
CRM,2024-11-05,293.73
CRM,2024-11-06,303.02
CRM,2024-11-07,306.85
CRM,2024-11-08,317.88
CRM,2024-11-11,337.41
CRM,2024-11-12,336.84
CRM,2024-11-13,337.4
CRM,2024-11-14,327.46
CRM,2024-11-15,321.15
CRM,2024-11-18,318.18
CRM,2024-11-19,319.34
CRM,2024-11-20,321.58
CRM,2024-11-21,331.53
CRM,2024-11-22,337.7
CRM,2024-11-25,334.82
CRM,2024-11-26,338.84
CRM,2024-11-27,325.84
CRM,2024-11-29,325.82
CRM,2024-12-02,326.83
CRM,2024-12-03,327.24
CRM,2024-12-04,363.22
CRM,2024-12-05,356.81
CRM,2024-12-06,357.41
CRM,2024-12-09,347.13
CRM,2024-12-10,344.41
CRM,2024-12-11,350.36
CRM,2024-12-12,353.5
CRM,2024-12-13,349.83
CRM,2024-12-16,352.71
CRM,2024-12-17,346.53
CRM,2024-12-18,333.35
CRM,2024-12-19,332.36
CRM,2024-12-20,339.69
CRM,2024-12-23,338.95
CRM,2024-12-24,340.46
CRM,2024-12-26,337.78
CRM,2024-12-27,334.55
CRM,2024-12-30,331.87
CRM,2024-12-31,330.48
CRM,2025-01-02,326.85
CRM,2025-01-03,329.07
CRM,2025-01-06,326.72
CRM,2025-01-07,321.19
CRM,2025-01-08,323.14
CRM,2025-01-10,314.19
CRM,2025-01-13,315.4
CRM,2025-01-14,319.81
CRM,2025-01-15,317.46
CRM,2025-01-16,316.31
CRM,2025-01-17,320.82
CRM,2025-01-21,323.08
CRM,2025-01-22,328.79
CRM,2025-01-23,330.81
CRM,2025-01-24,330.04
CRM,2025-01-27,343.1
CRM,2025-01-28,355.8
CRM,2025-01-29,349.92
CRM,2025-01-30,339.61
CRM,2025-01-31,337.77
CRM,2025-02-03,335.33
CRM,2025-02-04,340.18
CRM,2025-02-05,343.92
CRM,2025-02-06,327.0
CRM,2025-02-07,322.08
CRM,2025-02-10,323.43
CRM,2025-02-11,320.66
CRM,2025-02-12,322.36
CRM,2025-02-13,326.05
CRM,2025-02-14,322.78
CRM,2025-02-18,325.17
CRM,2025-02-19,320.79
CRM,2025-02-20,314.76
CRM,2025-02-21,306.23
CRM,2025-02-24,304.77
CRM,2025-02-25,302.36
CRM,2025-02-26,303.79
CRM,2025-02-27,291.5
CRM,2025-02-28,294.42
CRM,2025-03-03,289.69
CRM,2025-03-04,284.03
CRM,2025-03-05,288.61
CRM,2025-03-06,282.76
CRM,2025-03-07,279.63
CRM,2025-03-10,269.76
CRM,2025-03-11,273.86
CRM,2025-03-12,281.3
CRM,2025-03-13,268.61
CRM,2025-03-14,276.18
CRM,2025-03-17,277.52
CRM,2025-03-18,275.52
CRM,2025-03-19,276.17
CRM,2025-03-20,275.82
CRM,2025-03-21,277.39
CRM,2025-03-24,282.67
CRM,2025-03-25,285.29
CRM,2025-03-26,277.75
CRM,2025-03-27,274.61
CRM,2025-03-28,266.86
CRM,2025-03-31,265.27
CRM,2025-04-01,267.09
CRM,2025-04-02,268.41
CRM,2025-04-03,252.29
CRM,2025-04-04,237.99
CRM,2025-04-07,241.4
CRM,2025-04-08,241.18
CRM,2025-04-09,262.12
CRM,2025-04-10,252.58
CRM,2025-04-11,252.46
CRM,2025-04-14,252.01
CRM,2025-04-15,252.39
CRM,2025-04-16,247.35
CRM,2025-04-17,244.8
CRM,2025-04-21,233.91
CRM,2025-04-22,240.97
CRM,2025-04-23,247.98
CRM,2025-04-24,262.06
CRM,2025-04-25,265.18
CRM,2025-04-28,262.99
CRM,2025-04-29,265.09
CRM,2025-04-30,266.03
CRM,2025-05-01,266.65
CRM,2025-05-02,272.34
CRM,2025-05-05,269.91
CRM,2025-05-06,270.64
CRM,2025-05-07,275.46
CRM,2025-05-08,276.95
CRM,2025-05-09,272.68
CRM,2025-05-12,285.94
CRM,2025-05-13,286.29
CRM,2025-05-14,287.84
CRM,2025-05-15,287.86
CRM,2025-05-16,288.25
CRM,2025-05-19,284.76
CRM,2025-05-20,285.19
CRM,2025-05-21,279.47
CRM,2025-05-22,280.6
CRM,2025-05-23,270.41
CRM,2025-05-27,274.43
CRM,2025-05-28,273.28
CRM,2025-05-29,264.26
CRM,2025-05-30,262.73
CRM,2025-06-02,259.01
CRM,2025-06-03,261.84
CRM,2025-06-04,260.55
CRM,2025-06-05,264.48
CRM,2025-06-06,271.78
CRM,2025-06-09,269.54
CRM,2025-06-10,265.55
CRM,2025-06-11,263.26
CRM,2025-06-12,264.25
CRM,2025-06-13,255.83
CRM,2025-06-16,261.25
CRM,2025-06-17,260.14
CRM,2025-06-18,257.32
CRM,2025-06-20,258.44
CRM,2025-06-23,261.2
CRM,2025-06-24,268.89
CRM,2025-06-25,265.51
CRM,2025-06-26,268.47
CRM,2025-06-27,271.13
CRM,2025-06-30,270.4
CRM,2025-07-01,269.63
CRM,2025-07-02,266.95
CRM,2025-07-03,269.87
CRM,2025-07-07,267.54
CRM,2025-07-08,271.35
CRM,2025-07-09,268.65
CRM,2025-07-10,261.75
CRM,2025-07-11,255.9
CRM,2025-07-14,257.5
CRM,2025-07-15,255.42
CRM,2025-07-16,255.79
CRM,2025-07-17,257.7
CRM,2025-07-18,260.18
CRM,2025-07-21,260.08
CRM,2025-07-22,261.38
CRM,2025-07-23,264.98
CRM,2025-07-24,265.45
CRM,2025-07-25,266.85
CRM,2025-07-28,267.98
CRM,2025-07-29,265.15
CRM,2025-07-30,262.59
CRM,2025-07-31,256.16
CRM,2025-08-01,248.64
CRM,2025-08-04,250.2
CRM,2025-08-05,245.41
CRM,2025-08-06,247.08
CRM,2025-08-07,238.86
CRM,2025-08-08,238.49
CRM,2025-08-11,230.73
CRM,2025-08-12,229.72
CRM,2025-08-13,235.04
CRM,2025-08-14,231.41
CRM,2025-08-15,240.41
CRM,2025-08-18,241.92
CRM,2025-08-19,243.94
CRM,2025-08-20,244.38
CRM,2025-08-21,243.77
CRM,2025-08-22,246.21
CRM,2025-08-25,245.79
CRM,2025-08-26,241.69
CRM,2025-08-27,248.06
CRM,2025-08-28,252.39
CRM,2025-08-29,254.1
CRM,2025-09-02,250.74
CRM,2025-09-03,254.3
CRM,2025-09-04,241.96
CRM,2025-09-05,248.66
CRM,2025-09-08,250.15
CRM,2025-09-09,249.94
CRM,2025-09-10,240.53
CRM,2025-09-11,244.21
CRM,2025-09-12,240.72
CRM,2025-09-15,240.48
CRM,2025-09-16,237.3
CRM,2025-09-17,240.6
CRM,2025-09-18,242.65
CRM,2025-09-19,245.44
CRM,2025-09-22,248.03
CRM,2025-09-23,242.93
CRM,2025-09-24,244.25
CRM,2025-09-25,239.34
CRM,2025-09-26,241.81
CRM,2025-09-29,243.47
CRM,2025-09-30,235.42
CRM,2025-10-01,234.12
CRM,2025-10-02,237.29
CRM,2025-10-03,238.76
CRM,2025-10-06,244.14
CRM,2025-10-07,238.14
CRM,2025-10-08,238.83
CRM,2025-10-09,243.69
CRM,2025-10-10,240.07
CRM,2025-10-13,247.09
CRM,2025-10-14,238.17
CRM,2025-10-15,235.0
CRM,2025-10-16,244.36
CRM,2025-10-17,241.46
CRM,2025-10-20,252.58
CRM,2025-10-21,261.65
CRM,2025-10-22,254.93
CRM,2025-10-23,253.35
CRM,2025-10-24,253.13
CRM,2025-10-27,253.77
CRM,2025-10-28,252.57
CRM,2025-10-29,249.78
CRM,2025-10-30,254.94
CRM,2025-10-31,258.67
CRM,2025-11-03,259.6
CRM,2025-11-04,252.74
CRM,2025-11-05,251.0
CRM,2025-11-06,237.68
CRM,2025-11-07,238.28
CRM,2025-11-10,240.1
CRM,2025-11-11,242.87
CRM,2025-11-12,244.38
CRM,2025-11-13,238.83
CRM,2025-11-14,242.04
CRM,2025-11-17,235.45
CRM,2025-11-18,231.94
CRM,2025-11-19,226.36
CRM,2025-11-20,223.87
CRM,2025-11-21,225.6
CRM,2025-11-24,225.31
CRM,2025-11-25,232.56
CRM,2025-11-26,226.63
CRM,2025-11-28,229.0
CRM,2025-12-01,231.28
CRM,2025-12-02,233.15
CRM,2025-12-03,237.13
CRM,2025-12-04,245.81
CRM,2025-12-05,258.83
CRM,2025-12-08,257.8
CRM,2025-12-09,259.28
CRM,2025-12-10,262.44
CRM,2025-12-11,260.6
CRM,2025-12-12,260.48
CRM,2025-12-15,252.88
CRM,2025-12-16,253.21
CRM,2025-12-17,256.42
CRM,2025-12-18,256.54
CRM,2025-12-19,258.59
CRM,2025-12-22,263.29
CRM,2025-12-23,262.1
CRM,2025-12-24,263.92
CRM,2025-12-26,264.73
CRM,2025-12-29,264.88
CRM,2025-12-30,264.57
CRM,2025-12-31,263.57
CRM,2026-01-02,252.34
CRM,2026-01-05,254.96
CRM,2026-01-06,261.57
CRM,2026-01-07,264.77
CRM,2026-01-08,259.21
CRM,2026-01-09,258.62
CRM,2026-01-12,258.09
CRM,2026-01-13,239.84
CRM,2026-01-14,238.36
CRM,2026-01-15,232.35
CRM,2026-01-16,225.96
CRM,2026-01-20,218.96
CRM,2026-01-21,220.46
CRM,2026-01-22,226.94
CRM,2026-01-23,226.9
CRM,2026-01-26,228.24
CRM,2026-01-27,227.37
CRM,2026-01-28,226.81
CRM,2026-01-29,213.0
CRM,2026-01-30,211.22
CRM,2026-02-02,209.74
CRM,2026-02-03,195.39
CRM,2026-02-04,198.43
CRM,2026-02-05,189.01
CRM,2026-02-06,190.38
CRM,2026-02-09,193.05
CRM,2026-02-10,192.47
CRM,2026-02-11,184.06
CRM,2026-02-12,184.49
CRM,2026-02-13,188.76
CRM,2026-02-17,183.36
CRM,2026-02-18,186.84
CRM,2026-02-19,184.35
CRM,2026-02-20,184.22
CRM,2026-02-23,177.26
CRM,2026-02-24,184.48
CRM,2026-02-25,190.78
CRM,2026-02-26,198.46
CRM,2026-02-27,193.8
CRM,2026-03-02,191.97
CRM,2026-03-03,195.06
CRM,2026-03-04,192.1
CRM,2026-03-05,200.37
CRM,2026-03-06,201.09
CRM,2026-03-09,197.78
CRM,2026-03-10,193.92
CRM,2026-03-11,193.15
CRM,2026-03-12,198.27
CRM,2026-03-13,191.85
CRM,2026-03-16,197.34
CRM,2026-03-17,194.32
CRM,2026-03-18,193.36
CRM,2026-03-19,194.0
CRM,2026-03-20,194.39
CRM,2026-03-23,194.19
CRM,2026-03-24,182.09
CRM,2026-03-25,181.04
CRM,2026-03-26,184.7
CRM,2026-03-27,178.4
CRM,2026-03-30,184.09
CRM,2026-03-31,185.72
CRM,2026-04-01,185.3
CRM,2026-04-02,186.23
CRM,2026-04-06,184.09
CRM,2026-04-07,182.03
CRM,2026-04-08,175.48
CRM,2026-04-09,170.41
CRM,2026-04-10,164.54
CRM,2026-04-13,172.38
CRM,2026-04-14,170.87
CRM,2026-04-15,177.14
CRM,2026-04-16,180.75
CRM,2026-04-17,181.67
CRM,2026-04-20,185.79
CRM,2026-04-21,186.63
CRM,2026-04-22,189.31
CRM,2026-04-23,172.85
CRM,2026-04-24,177.7
CRM,2026-04-27,179.72
CRM,2026-04-28,180.85
CRM,2026-04-29,180.75
CRM,2026-04-30,176.08
CRM,2026-05-01,183.35
CRM,2026-05-04,185.0
CRM,2026-05-05,186.51
CRM,2026-05-06,180.72
CRM,2026-05-07,185.86
CRM,2026-05-08,181.35
CRM,2026-05-11,177.03
CRM,2026-05-12,170.87
CRM,2026-05-13,165.41
CRM,2026-05-14,167.15
CRM,2026-05-15,173.06
CRM,2026-05-18,179.02
CRM,2026-05-19,178.96
CRM,2026-05-20,179.64
CRM,2026-05-21,175.86
CRM,2026-05-22,179.61
CRM,2026-05-26,178.62
CRM,2026-05-27,177.05
CRM,2026-05-28,175.72
CRM,2026-05-29,190.61
CRM,2026-06-01,209.06
CRM,2026-06-02,200.32
CRM,2026-06-03,190.12
CRM,2026-06-04,188.26
CRM,2026-06-05,185.18
CRM,2026-06-08,182.08
CRM,2026-06-09,174.9
CRM,2026-06-10,170.48
CRM,2026-06-11,166.45
CRM,2026-06-12,165.89
CRM,2026-06-15,164.55
CRM,2026-06-16,161.71
CRM,2026-06-17,155.02
CRM,2026-06-18,151.78
CRM,2026-06-22,150.12
CRM,2026-06-23,153.42
CRM,2026-06-24,152.76
CRM,2026-06-25,150.19
CRM,2026-06-26,158.37
CRM,2026-06-29,157.93
CRM,2026-06-30,156.66
CRM,2026-07-01,163.23
CRM,2026-07-02,166.11
CRM,2026-07-06,165.65
CRM,2026-07-07,169.52
CRM,2026-07-08,166.58
CRM,2026-07-09,162.5
CRM,2026-07-10,163.32
CRM,2026-07-13,171.22
CRM,2026-07-14,167.56
CRM,2026-07-15,167.0
CRM,2026-07-16,172.68
CRM,2026-07-17,170.77
CRM,2026-07-20,173.79
CRM,2026-07-21,170.06
CRM,2026-07-22,163.0
CRM,2026-07-23,156.93
CRM,2026-07-24,163.66
CRM,2026-07-27,173.6
